capacity,decisions,disagree,disagree_rate
2,26,12,0.46153846153846156
3,12,5,0.4166666666666667
4,2,0,0.0
