family,trace,capacity,decision_index,decision_id,candidate_key,candidate_page_id,next_reuse_request_index,t,never_reused,horizon,t_gt_h,t_le_h
brightkite,brightkite_50k,32,10000,brightkite_50k|cap=32|t=10000,7b7b977a16442267,,,inf,yes,1,yes,no
brightkite,brightkite_50k,32,10000,brightkite_50k|cap=32|t=10000,7b7b977a16442267,,,inf,yes,2,yes,no
brightkite,brightkite_50k,32,10000,brightkite_50k|cap=32|t=10000,7b7b977a16442267,,,inf,yes,4,yes,no
brightkite,brightkite_50k,32,10000,brightkite_50k|cap=32|t=10000,7b7b977a16442267,,,inf,yes,8,yes,no
brightkite,brightkite_50k,32,10000,brightkite_50k|cap=32|t=10000,7b7b977a16442267,,,inf,yes,16,yes,no
brightkite,brightkite_50k,32,10000,brightkite_50k|cap=32|t=10000,162a171403916db2,,,inf,yes,1,yes,no
brightkite,brightkite_50k,32,10000,brightkite_50k|cap=32|t=10000,162a171403916db2,,,inf,yes,2,yes,no
brightkite,brightkite_50k,32,10000,brightkite_50k|cap=32|t=10000,162a171403916db2,,,inf,yes,4,yes,no
brightkite,brightkite_50k,32,10000,brightkite_50k|cap=32|t=10000,162a171403916db2,,,inf,yes,8,yes,no
brightkite,brightkite_50k,32,10000,brightkite_50k|cap=32|t=10000,162a171403916db2,,,inf,yes,16,yes,no
brightkite,brightkite_50k,32,10000,brightkite_50k|cap=32|t=10000,79d51ca866145362,,,inf,yes,1,yes,no
brightkite,brightkite_50k,32,10000,brightkite_50k|cap=32|t=10000,79d51ca866145362,,,inf,yes,2,yes,no
brightkite,brightkite_50k,32,10000,brightkite_50k|cap=32|t=10000,79d51ca866145362,,,inf,yes,4,yes,no
brightkite,brightkite_50k,32,10000,brightkite_50k|cap=32|t=10000,79d51ca866145362,,,inf,yes,8,yes,no
brightkite,brightkite_50k,32,10000,brightkite_50k|cap=32|t=10000,79d51ca866145362,,,inf,yes,16,yes,no
brightkite,brightkite_50k,32,10000,brightkite_50k|cap=32|t=10000,18a3993eae831e4b,,,inf,yes,1,yes,no
brightkite,brightkite_50k,32,10000,brightkite_50k|cap=32|t=10000,18a3993eae831e4b,,,inf,yes,2,yes,no
brightkite,brightkite_50k,32,10000,brightkite_50k|cap=32|t=10000,18a3993eae831e4b,,,inf,yes,4,yes,no
brightkite,brightkite_50k,32,10000,brightkite_50k|cap=32|t=10000,18a3993eae831e4b,,,inf,yes,8,yes,no
brightkite,brightkite_50k,32,10000,brightkite_50k|cap=32|t=10000,18a3993eae831e4b,,,inf,yes,16,yes,no
brightkite,brightkite_50k,32,10000,brightkite_50k|cap=32|t=10000,f06e9c266d6544bb,,,inf,yes,1,yes,no
brightkite,brightkite_50k,32,10000,brightkite_50k|cap=32|t=10000,f06e9c266d6544bb,,,inf,yes,2,yes,no
brightkite,brightkite_50k,32,10000,brightkite_50k|cap=32|t=10000,f06e9c266d6544bb,,,inf,yes,4,yes,no
brightkite,brightkite_50k,32,10000,brightkite_50k|cap=32|t=10000,f06e9c266d6544bb,,,inf,yes,8,yes,no
brightkite,brightkite_50k,32,10000,brightkite_50k|cap=32|t=10000,f06e9c266d6544bb,,,inf,yes,16,yes,no
brightkite,brightkite_50k,32,10000,brightkite_50k|cap=32|t=10000,a2bf1ed3d102fbe9,,,inf,yes,1,yes,no
brightkite,brightkite_50k,32,10000,brightkite_50k|cap=32|t=10000,a2bf1ed3d102fbe9,,,inf,yes,2,yes,no
brightkite,brightkite_50k,32,10000,brightkite_50k|cap=32|t=10000,a2bf1ed3d102fbe9,,,inf,yes,4,yes,no
brightkite,brightkite_50k,32,10000,brightkite_50k|cap=32|t=10000,a2bf1ed3d102fbe9,,,inf,yes,8,yes,no
brightkite,brightkite_50k,32,10000,brightkite_50k|cap=32|t=10000,a2bf1ed3d102fbe9,,,inf,yes,16,yes,no
brightkite,brightkite_50k,32,10000,brightkite_50k|cap=32|t=10000,96812cbc0445d880,,,inf,yes,1,yes,no
brightkite,brightkite_50k,32,10000,brightkite_50k|cap=32|t=10000,96812cbc0445d880,,,inf,yes,2,yes,no
brightkite,brightkite_50k,32,10000,brightkite_50k|cap=32|t=10000,96812cbc0445d880,,,inf,yes,4,yes,no
brightkite,brightkite_50k,32,10000,brightkite_50k|cap=32|t=10000,96812cbc0445d880,,,inf,yes,8,yes,no
brightkite,brightkite_50k,32,10000,brightkite_50k|cap=32|t=10000,96812cbc0445d880,,,inf,yes,16,yes,no
brightkite,brightkite_50k,32,10000,brightkite_50k|cap=32|t=10000,5bab33d298046bb1,,,inf,yes,1,yes,no
brightkite,brightkite_50k,32,10000,brightkite_50k|cap=32|t=10000,5bab33d298046bb1,,,inf,yes,2,yes,no
brightkite,brightkite_50k,32,10000,brightkite_50k|cap=32|t=10000,5bab33d298046bb1,,,inf,yes,4,yes,no
brightkite,brightkite_50k,32,10000,brightkite_50k|cap=32|t=10000,5bab33d298046bb1,,,inf,yes,8,yes,no
brightkite,brightkite_50k,32,10000,brightkite_50k|cap=32|t=10000,5bab33d298046bb1,,,inf,yes,16,yes,no
brightkite,brightkite_50k,32,10000,brightkite_50k|cap=32|t=10000,a1cc5ff8a5f6fd8e,,,inf,yes,1,yes,no
brightkite,brightkite_50k,32,10000,brightkite_50k|cap=32|t=10000,a1cc5ff8a5f6fd8e,,,inf,yes,2,yes,no
brightkite,brightkite_50k,32,10000,brightkite_50k|cap=32|t=10000,a1cc5ff8a5f6fd8e,,,inf,yes,4,yes,no
brightkite,brightkite_50k,32,10000,brightkite_50k|cap=32|t=10000,a1cc5ff8a5f6fd8e,,,inf,yes,8,yes,no
brightkite,brightkite_50k,32,10000,brightkite_50k|cap=32|t=10000,a1cc5ff8a5f6fd8e,,,inf,yes,16,yes,no
brightkite,brightkite_50k,32,10000,brightkite_50k|cap=32|t=10000,7c320b6baf775a10,,10530,530,no,1,yes,no
brightkite,brightkite_50k,32,10000,brightkite_50k|cap=32|t=10000,7c320b6baf775a10,,10530,530,no,2,yes,no
brightkite,brightkite_50k,32,10000,brightkite_50k|cap=32|t=10000,7c320b6baf775a10,,10530,530,no,4,yes,no
brightkite,brightkite_50k,32,10000,brightkite_50k|cap=32|t=10000,7c320b6baf775a10,,10530,530,no,8,yes,no
brightkite,brightkite_50k,32,10000,brightkite_50k|cap=32|t=10000,7c320b6baf775a10,,10530,530,no,16,yes,no
brightkite,brightkite_50k,32,10000,brightkite_50k|cap=32|t=10000,7a36a9dfb7c033dc,,48996,38996,no,1,yes,no
brightkite,brightkite_50k,32,10000,brightkite_50k|cap=32|t=10000,7a36a9dfb7c033dc,,48996,38996,no,2,yes,no
brightkite,brightkite_50k,32,10000,brightkite_50k|cap=32|t=10000,7a36a9dfb7c033dc,,48996,38996,no,4,yes,no
brightkite,brightkite_50k,32,10000,brightkite_50k|cap=32|t=10000,7a36a9dfb7c033dc,,48996,38996,no,8,yes,no
brightkite,brightkite_50k,32,10000,brightkite_50k|cap=32|t=10000,7a36a9dfb7c033dc,,48996,38996,no,16,yes,no
brightkite,brightkite_50k,32,10000,brightkite_50k|cap=32|t=10000,11500f73174a1b2f,,10003,3,no,1,yes,no
brightkite,brightkite_50k,32,10000,brightkite_50k|cap=32|t=10000,11500f73174a1b2f,,10003,3,no,2,yes,no
brightkite,brightkite_50k,32,10000,brightkite_50k|cap=32|t=10000,11500f73174a1b2f,,10003,3,no,4,no,yes
brightkite,brightkite_50k,32,10000,brightkite_50k|cap=32|t=10000,11500f73174a1b2f,,10003,3,no,8,no,yes
brightkite,brightkite_50k,32,10000,brightkite_50k|cap=32|t=10000,11500f73174a1b2f,,10003,3,no,16,no,yes
brightkite,brightkite_50k,32,10000,brightkite_50k|cap=32|t=10000,17dde3da37741916,,,inf,yes,1,yes,no
brightkite,brightkite_50k,32,10000,brightkite_50k|cap=32|t=10000,17dde3da37741916,,,inf,yes,2,yes,no
brightkite,brightkite_50k,32,10000,brightkite_50k|cap=32|t=10000,17dde3da37741916,,,inf,yes,4,yes,no
brightkite,brightkite_50k,32,10000,brightkite_50k|cap=32|t=10000,17dde3da37741916,,,inf,yes,8,yes,no
brightkite,brightkite_50k,32,10000,brightkite_50k|cap=32|t=10000,17dde3da37741916,,,inf,yes,16,yes,no
brightkite,brightkite_50k,32,10000,brightkite_50k|cap=32|t=10000,f14ef373d5d9bb6e,,10039,39,no,1,yes,no
brightkite,brightkite_50k,32,10000,brightkite_50k|cap=32|t=10000,f14ef373d5d9bb6e,,10039,39,no,2,yes,no
brightkite,brightkite_50k,32,10000,brightkite_50k|cap=32|t=10000,f14ef373d5d9bb6e,,10039,39,no,4,yes,no
brightkite,brightkite_50k,32,10000,brightkite_50k|cap=32|t=10000,f14ef373d5d9bb6e,,10039,39,no,8,yes,no
brightkite,brightkite_50k,32,10000,brightkite_50k|cap=32|t=10000,f14ef373d5d9bb6e,,10039,39,no,16,yes,no
brightkite,brightkite_50k,32,10000,brightkite_50k|cap=32|t=10000,f3765264568dc23b,,,inf,yes,1,yes,no
brightkite,brightkite_50k,32,10000,brightkite_50k|cap=32|t=10000,f3765264568dc23b,,,inf,yes,2,yes,no
brightkite,brightkite_50k,32,10000,brightkite_50k|cap=32|t=10000,f3765264568dc23b,,,inf,yes,4,yes,no
brightkite,brightkite_50k,32,10000,brightkite_50k|cap=32|t=10000,f3765264568dc23b,,,inf,yes,8,yes,no
brightkite,brightkite_50k,32,10000,brightkite_50k|cap=32|t=10000,f3765264568dc23b,,,inf,yes,16,yes,no
brightkite,brightkite_50k,32,10000,brightkite_50k|cap=32|t=10000,3dd91045d3d1e052,,26983,16983,no,1,yes,no
brightkite,brightkite_50k,32,10000,brightkite_50k|cap=32|t=10000,3dd91045d3d1e052,,26983,16983,no,2,yes,no
brightkite,brightkite_50k,32,10000,brightkite_50k|cap=32|t=10000,3dd91045d3d1e052,,26983,16983,no,4,yes,no
brightkite,brightkite_50k,32,10000,brightkite_50k|cap=32|t=10000,3dd91045d3d1e052,,26983,16983,no,8,yes,no
brightkite,brightkite_50k,32,10000,brightkite_50k|cap=32|t=10000,3dd91045d3d1e052,,26983,16983,no,16,yes,no
brightkite,brightkite_50k,32,10000,brightkite_50k|cap=32|t=10000,32849fb687e0fba3,,,inf,yes,1,yes,no
brightkite,brightkite_50k,32,10000,brightkite_50k|cap=32|t=10000,32849fb687e0fba3,,,inf,yes,2,yes,no
brightkite,brightkite_50k,32,10000,brightkite_50k|cap=32|t=10000,32849fb687e0fba3,,,inf,yes,4,yes,no
brightkite,brightkite_50k,32,10000,brightkite_50k|cap=32|t=10000,32849fb687e0fba3,,,inf,yes,8,yes,no
brightkite,brightkite_50k,32,10000,brightkite_50k|cap=32|t=10000,32849fb687e0fba3,,,inf,yes,16,yes,no
brightkite,brightkite_50k,32,10000,brightkite_50k|cap=32|t=10000,39d7d9c1c2945ea9,,45079,35079,no,1,yes,no
brightkite,brightkite_50k,32,10000,brightkite_50k|cap=32|t=10000,39d7d9c1c2945ea9,,45079,35079,no,2,yes,no
brightkite,brightkite_50k,32,10000,brightkite_50k|cap=32|t=10000,39d7d9c1c2945ea9,,45079,35079,no,4,yes,no
brightkite,brightkite_50k,32,10000,brightkite_50k|cap=32|t=10000,39d7d9c1c2945ea9,,45079,35079,no,8,yes,no
brightkite,brightkite_50k,32,10000,brightkite_50k|cap=32|t=10000,39d7d9c1c2945ea9,,45079,35079,no,16,yes,no
brightkite,brightkite_50k,32,10000,brightkite_50k|cap=32|t=10000,df7b2aa71a2c774a,,,inf,yes,1,yes,no
brightkite,brightkite_50k,32,10000,brightkite_50k|cap=32|t=10000,df7b2aa71a2c774a,,,inf,yes,2,yes,no
brightkite,brightkite_50k,32,10000,brightkite_50k|cap=32|t=10000,df7b2aa71a2c774a,,,inf,yes,4,yes,no
brightkite,brightkite_50k,32,10000,brightkite_50k|cap=32|t=10000,df7b2aa71a2c774a,,,inf,yes,8,yes,no
brightkite,brightkite_50k,32,10000,brightkite_50k|cap=32|t=10000,df7b2aa71a2c774a,,,inf,yes,16,yes,no
brightkite,brightkite_50k,32,10000,brightkite_50k|cap=32|t=10000,9fe8b17437efd4b6,,,inf,yes,1,yes,no
brightkite,brightkite_50k,32,10000,brightkite_50k|cap=32|t=10000,9fe8b17437efd4b6,,,inf,yes,2,yes,no
brightkite,brightkite_50k,32,10000,brightkite_50k|cap=32|t=10000,9fe8b17437efd4b6,,,inf,yes,4,yes,no
brightkite,brightkite_50k,32,10000,brightkite_50k|cap=32|t=10000,9fe8b17437efd4b6,,,inf,yes,8,yes,no
brightkite,brightkite_50k,32,10000,brightkite_50k|cap=32|t=10000,9fe8b17437efd4b6,,,inf,yes,16,yes,no
brightkite,brightkite_50k,32,10000,brightkite_50k|cap=32|t=10000,5f05454fa8371e2b,,,inf,yes,1,yes,no
brightkite,brightkite_50k,32,10000,brightkite_50k|cap=32|t=10000,5f05454fa8371e2b,,,inf,yes,2,yes,no
brightkite,brightkite_50k,32,10000,brightkite_50k|cap=32|t=10000,5f05454fa8371e2b,,,inf,yes,4,yes,no
brightkite,brightkite_50k,32,10000,brightkite_50k|cap=32|t=10000,5f05454fa8371e2b,,,inf,yes,8,yes,no
brightkite,brightkite_50k,32,10000,brightkite_50k|cap=32|t=10000,5f05454fa8371e2b,,,inf,yes,16,yes,no
brightkite,brightkite_50k,32,10000,brightkite_50k|cap=32|t=10000,832965484b0584aa,,,inf,yes,1,yes,no
brightkite,brightkite_50k,32,10000,brightkite_50k|cap=32|t=10000,832965484b0584aa,,,inf,yes,2,yes,no
brightkite,brightkite_50k,32,10000,brightkite_50k|cap=32|t=10000,832965484b0584aa,,,inf,yes,4,yes,no
brightkite,brightkite_50k,32,10000,brightkite_50k|cap=32|t=10000,832965484b0584aa,,,inf,yes,8,yes,no
brightkite,brightkite_50k,32,10000,brightkite_50k|cap=32|t=10000,832965484b0584aa,,,inf,yes,16,yes,no
brightkite,brightkite_50k,32,10000,brightkite_50k|cap=32|t=10000,3e52b27efd7771c4,,,inf,yes,1,yes,no
brightkite,brightkite_50k,32,10000,brightkite_50k|cap=32|t=10000,3e52b27efd7771c4,,,inf,yes,2,yes,no
brightkite,brightkite_50k,32,10000,brightkite_50k|cap=32|t=10000,3e52b27efd7771c4,,,inf,yes,4,yes,no
brightkite,brightkite_50k,32,10000,brightkite_50k|cap=32|t=10000,3e52b27efd7771c4,,,inf,yes,8,yes,no
brightkite,brightkite_50k,32,10000,brightkite_50k|cap=32|t=10000,3e52b27efd7771c4,,,inf,yes,16,yes,no
brightkite,brightkite_50k,32,10000,brightkite_50k|cap=32|t=10000,fee49a8d9a3417d1,,,inf,yes,1,yes,no
brightkite,brightkite_50k,32,10000,brightkite_50k|cap=32|t=10000,fee49a8d9a3417d1,,,inf,yes,2,yes,no
brightkite,brightkite_50k,32,10000,brightkite_50k|cap=32|t=10000,fee49a8d9a3417d1,,,inf,yes,4,yes,no
brightkite,brightkite_50k,32,10000,brightkite_50k|cap=32|t=10000,fee49a8d9a3417d1,,,inf,yes,8,yes,no
brightkite,brightkite_50k,32,10000,brightkite_50k|cap=32|t=10000,fee49a8d9a3417d1,,,inf,yes,16,yes,no
brightkite,brightkite_50k,32,10000,brightkite_50k|cap=32|t=10000,23e5e947fbf41c56,,,inf,yes,1,yes,no
brightkite,brightkite_50k,32,10000,brightkite_50k|cap=32|t=10000,23e5e947fbf41c56,,,inf,yes,2,yes,no
brightkite,brightkite_50k,32,10000,brightkite_50k|cap=32|t=10000,23e5e947fbf41c56,,,inf,yes,4,yes,no
brightkite,brightkite_50k,32,10000,brightkite_50k|cap=32|t=10000,23e5e947fbf41c56,,,inf,yes,8,yes,no
brightkite,brightkite_50k,32,10000,brightkite_50k|cap=32|t=10000,23e5e947fbf41c56,,,inf,yes,16,yes,no
brightkite,brightkite_50k,32,10000,brightkite_50k|cap=32|t=10000,8920be3194b29691,,,inf,yes,1,yes,no
brightkite,brightkite_50k,32,10000,brightkite_50k|cap=32|t=10000,8920be3194b29691,,,inf,yes,2,yes,no
brightkite,brightkite_50k,32,10000,brightkite_50k|cap=32|t=10000,8920be3194b29691,,,inf,yes,4,yes,no
brightkite,brightkite_50k,32,10000,brightkite_50k|cap=32|t=10000,8920be3194b29691,,,inf,yes,8,yes,no
brightkite,brightkite_50k,32,10000,brightkite_50k|cap=32|t=10000,8920be3194b29691,,,inf,yes,16,yes,no
brightkite,brightkite_50k,32,10000,brightkite_50k|cap=32|t=10000,21e0c6bfb8cd2f91,,10079,79,no,1,yes,no
brightkite,brightkite_50k,32,10000,brightkite_50k|cap=32|t=10000,21e0c6bfb8cd2f91,,10079,79,no,2,yes,no
brightkite,brightkite_50k,32,10000,brightkite_50k|cap=32|t=10000,21e0c6bfb8cd2f91,,10079,79,no,4,yes,no
brightkite,brightkite_50k,32,10000,brightkite_50k|cap=32|t=10000,21e0c6bfb8cd2f91,,10079,79,no,8,yes,no
brightkite,brightkite_50k,32,10000,brightkite_50k|cap=32|t=10000,21e0c6bfb8cd2f91,,10079,79,no,16,yes,no
brightkite,brightkite_50k,32,10000,brightkite_50k|cap=32|t=10000,5d24eacbbd1bfb18,,10001,1,no,1,no,yes
brightkite,brightkite_50k,32,10000,brightkite_50k|cap=32|t=10000,5d24eacbbd1bfb18,,10001,1,no,2,no,yes
brightkite,brightkite_50k,32,10000,brightkite_50k|cap=32|t=10000,5d24eacbbd1bfb18,,10001,1,no,4,no,yes
brightkite,brightkite_50k,32,10000,brightkite_50k|cap=32|t=10000,5d24eacbbd1bfb18,,10001,1,no,8,no,yes
brightkite,brightkite_50k,32,10000,brightkite_50k|cap=32|t=10000,5d24eacbbd1bfb18,,10001,1,no,16,no,yes
brightkite,brightkite_50k,32,10002,brightkite_50k|cap=32|t=10002,7c320b6baf775a10,,10530,528,no,1,yes,no
brightkite,brightkite_50k,32,10002,brightkite_50k|cap=32|t=10002,7c320b6baf775a10,,10530,528,no,2,yes,no
brightkite,brightkite_50k,32,10002,brightkite_50k|cap=32|t=10002,7c320b6baf775a10,,10530,528,no,4,yes,no
brightkite,brightkite_50k,32,10002,brightkite_50k|cap=32|t=10002,7c320b6baf775a10,,10530,528,no,8,yes,no
brightkite,brightkite_50k,32,10002,brightkite_50k|cap=32|t=10002,7c320b6baf775a10,,10530,528,no,16,yes,no
brightkite,brightkite_50k,32,10002,brightkite_50k|cap=32|t=10002,7a36a9dfb7c033dc,,48996,38994,no,1,yes,no
brightkite,brightkite_50k,32,10002,brightkite_50k|cap=32|t=10002,7a36a9dfb7c033dc,,48996,38994,no,2,yes,no
brightkite,brightkite_50k,32,10002,brightkite_50k|cap=32|t=10002,7a36a9dfb7c033dc,,48996,38994,no,4,yes,no
brightkite,brightkite_50k,32,10002,brightkite_50k|cap=32|t=10002,7a36a9dfb7c033dc,,48996,38994,no,8,yes,no
brightkite,brightkite_50k,32,10002,brightkite_50k|cap=32|t=10002,7a36a9dfb7c033dc,,48996,38994,no,16,yes,no
brightkite,brightkite_50k,32,10002,brightkite_50k|cap=32|t=10002,11500f73174a1b2f,,10003,1,no,1,no,yes
brightkite,brightkite_50k,32,10002,brightkite_50k|cap=32|t=10002,11500f73174a1b2f,,10003,1,no,2,no,yes
brightkite,brightkite_50k,32,10002,brightkite_50k|cap=32|t=10002,11500f73174a1b2f,,10003,1,no,4,no,yes
brightkite,brightkite_50k,32,10002,brightkite_50k|cap=32|t=10002,11500f73174a1b2f,,10003,1,no,8,no,yes
brightkite,brightkite_50k,32,10002,brightkite_50k|cap=32|t=10002,11500f73174a1b2f,,10003,1,no,16,no,yes
brightkite,brightkite_50k,32,10002,brightkite_50k|cap=32|t=10002,f14ef373d5d9bb6e,,10039,37,no,1,yes,no
brightkite,brightkite_50k,32,10002,brightkite_50k|cap=32|t=10002,f14ef373d5d9bb6e,,10039,37,no,2,yes,no
brightkite,brightkite_50k,32,10002,brightkite_50k|cap=32|t=10002,f14ef373d5d9bb6e,,10039,37,no,4,yes,no
brightkite,brightkite_50k,32,10002,brightkite_50k|cap=32|t=10002,f14ef373d5d9bb6e,,10039,37,no,8,yes,no
brightkite,brightkite_50k,32,10002,brightkite_50k|cap=32|t=10002,f14ef373d5d9bb6e,,10039,37,no,16,yes,no
brightkite,brightkite_50k,32,10002,brightkite_50k|cap=32|t=10002,3dd91045d3d1e052,,26983,16981,no,1,yes,no
brightkite,brightkite_50k,32,10002,brightkite_50k|cap=32|t=10002,3dd91045d3d1e052,,26983,16981,no,2,yes,no
brightkite,brightkite_50k,32,10002,brightkite_50k|cap=32|t=10002,3dd91045d3d1e052,,26983,16981,no,4,yes,no
brightkite,brightkite_50k,32,10002,brightkite_50k|cap=32|t=10002,3dd91045d3d1e052,,26983,16981,no,8,yes,no
brightkite,brightkite_50k,32,10002,brightkite_50k|cap=32|t=10002,3dd91045d3d1e052,,26983,16981,no,16,yes,no
brightkite,brightkite_50k,32,10002,brightkite_50k|cap=32|t=10002,39d7d9c1c2945ea9,,45079,35077,no,1,yes,no
brightkite,brightkite_50k,32,10002,brightkite_50k|cap=32|t=10002,39d7d9c1c2945ea9,,45079,35077,no,2,yes,no
brightkite,brightkite_50k,32,10002,brightkite_50k|cap=32|t=10002,39d7d9c1c2945ea9,,45079,35077,no,4,yes,no
brightkite,brightkite_50k,32,10002,brightkite_50k|cap=32|t=10002,39d7d9c1c2945ea9,,45079,35077,no,8,yes,no
brightkite,brightkite_50k,32,10002,brightkite_50k|cap=32|t=10002,39d7d9c1c2945ea9,,45079,35077,no,16,yes,no
brightkite,brightkite_50k,32,10002,brightkite_50k|cap=32|t=10002,21e0c6bfb8cd2f91,,10079,77,no,1,yes,no
brightkite,brightkite_50k,32,10002,brightkite_50k|cap=32|t=10002,21e0c6bfb8cd2f91,,10079,77,no,2,yes,no
brightkite,brightkite_50k,32,10002,brightkite_50k|cap=32|t=10002,21e0c6bfb8cd2f91,,10079,77,no,4,yes,no
brightkite,brightkite_50k,32,10002,brightkite_50k|cap=32|t=10002,21e0c6bfb8cd2f91,,10079,77,no,8,yes,no
brightkite,brightkite_50k,32,10002,brightkite_50k|cap=32|t=10002,21e0c6bfb8cd2f91,,10079,77,no,16,yes,no
brightkite,brightkite_50k,32,10002,brightkite_50k|cap=32|t=10002,5d24eacbbd1bfb18,,10006,4,no,1,yes,no
brightkite,brightkite_50k,32,10002,brightkite_50k|cap=32|t=10002,5d24eacbbd1bfb18,,10006,4,no,2,yes,no
brightkite,brightkite_50k,32,10002,brightkite_50k|cap=32|t=10002,5d24eacbbd1bfb18,,10006,4,no,4,no,yes
brightkite,brightkite_50k,32,10002,brightkite_50k|cap=32|t=10002,5d24eacbbd1bfb18,,10006,4,no,8,no,yes
brightkite,brightkite_50k,32,10002,brightkite_50k|cap=32|t=10002,5d24eacbbd1bfb18,,10006,4,no,16,no,yes
brightkite,brightkite_50k,32,10004,brightkite_50k|cap=32|t=10004,7c320b6baf775a10,,10530,526,no,1,yes,no
brightkite,brightkite_50k,32,10004,brightkite_50k|cap=32|t=10004,7c320b6baf775a10,,10530,526,no,2,yes,no
brightkite,brightkite_50k,32,10004,brightkite_50k|cap=32|t=10004,7c320b6baf775a10,,10530,526,no,4,yes,no
brightkite,brightkite_50k,32,10004,brightkite_50k|cap=32|t=10004,7c320b6baf775a10,,10530,526,no,8,yes,no
brightkite,brightkite_50k,32,10004,brightkite_50k|cap=32|t=10004,7c320b6baf775a10,,10530,526,no,16,yes,no
brightkite,brightkite_50k,32,10004,brightkite_50k|cap=32|t=10004,7a36a9dfb7c033dc,,48996,38992,no,1,yes,no
brightkite,brightkite_50k,32,10004,brightkite_50k|cap=32|t=10004,7a36a9dfb7c033dc,,48996,38992,no,2,yes,no
brightkite,brightkite_50k,32,10004,brightkite_50k|cap=32|t=10004,7a36a9dfb7c033dc,,48996,38992,no,4,yes,no
brightkite,brightkite_50k,32,10004,brightkite_50k|cap=32|t=10004,7a36a9dfb7c033dc,,48996,38992,no,8,yes,no
brightkite,brightkite_50k,32,10004,brightkite_50k|cap=32|t=10004,7a36a9dfb7c033dc,,48996,38992,no,16,yes,no
brightkite,brightkite_50k,32,10004,brightkite_50k|cap=32|t=10004,f14ef373d5d9bb6e,,10039,35,no,1,yes,no
brightkite,brightkite_50k,32,10004,brightkite_50k|cap=32|t=10004,f14ef373d5d9bb6e,,10039,35,no,2,yes,no
brightkite,brightkite_50k,32,10004,brightkite_50k|cap=32|t=10004,f14ef373d5d9bb6e,,10039,35,no,4,yes,no
brightkite,brightkite_50k,32,10004,brightkite_50k|cap=32|t=10004,f14ef373d5d9bb6e,,10039,35,no,8,yes,no
brightkite,brightkite_50k,32,10004,brightkite_50k|cap=32|t=10004,f14ef373d5d9bb6e,,10039,35,no,16,yes,no
brightkite,brightkite_50k,32,10004,brightkite_50k|cap=32|t=10004,3dd91045d3d1e052,,26983,16979,no,1,yes,no
brightkite,brightkite_50k,32,10004,brightkite_50k|cap=32|t=10004,3dd91045d3d1e052,,26983,16979,no,2,yes,no
brightkite,brightkite_50k,32,10004,brightkite_50k|cap=32|t=10004,3dd91045d3d1e052,,26983,16979,no,4,yes,no
brightkite,brightkite_50k,32,10004,brightkite_50k|cap=32|t=10004,3dd91045d3d1e052,,26983,16979,no,8,yes,no
brightkite,brightkite_50k,32,10004,brightkite_50k|cap=32|t=10004,3dd91045d3d1e052,,26983,16979,no,16,yes,no
brightkite,brightkite_50k,64,10000,brightkite_50k|cap=64|t=10000,43ae90e46727c329,,10024,24,no,1,yes,no
brightkite,brightkite_50k,64,10000,brightkite_50k|cap=64|t=10000,43ae90e46727c329,,10024,24,no,2,yes,no
brightkite,brightkite_50k,64,10000,brightkite_50k|cap=64|t=10000,43ae90e46727c329,,10024,24,no,4,yes,no
brightkite,brightkite_50k,64,10000,brightkite_50k|cap=64|t=10000,43ae90e46727c329,,10024,24,no,8,yes,no
brightkite,brightkite_50k,64,10000,brightkite_50k|cap=64|t=10000,43ae90e46727c329,,10024,24,no,16,yes,no
brightkite,brightkite_50k,64,10000,brightkite_50k|cap=64|t=10000,a33a37a82d9eabaa,,10342,342,no,1,yes,no
brightkite,brightkite_50k,64,10000,brightkite_50k|cap=64|t=10000,a33a37a82d9eabaa,,10342,342,no,2,yes,no
brightkite,brightkite_50k,64,10000,brightkite_50k|cap=64|t=10000,a33a37a82d9eabaa,,10342,342,no,4,yes,no
brightkite,brightkite_50k,64,10000,brightkite_50k|cap=64|t=10000,a33a37a82d9eabaa,,10342,342,no,8,yes,no
brightkite,brightkite_50k,64,10000,brightkite_50k|cap=64|t=10000,a33a37a82d9eabaa,,10342,342,no,16,yes,no
brightkite,brightkite_50k,64,10000,brightkite_50k|cap=64|t=10000,62c4c0173aa7e152,,27222,17222,no,1,yes,no
brightkite,brightkite_50k,64,10000,brightkite_50k|cap=64|t=10000,62c4c0173aa7e152,,27222,17222,no,2,yes,no
brightkite,brightkite_50k,64,10000,brightkite_50k|cap=64|t=10000,62c4c0173aa7e152,,27222,17222,no,4,yes,no
brightkite,brightkite_50k,64,10000,brightkite_50k|cap=64|t=10000,62c4c0173aa7e152,,27222,17222,no,8,yes,no
brightkite,brightkite_50k,64,10000,brightkite_50k|cap=64|t=10000,62c4c0173aa7e152,,27222,17222,no,16,yes,no
brightkite,brightkite_50k,64,10000,brightkite_50k|cap=64|t=10000,a58744bfd756e1cc,,27080,17080,no,1,yes,no
brightkite,brightkite_50k,64,10000,brightkite_50k|cap=64|t=10000,a58744bfd756e1cc,,27080,17080,no,2,yes,no
brightkite,brightkite_50k,64,10000,brightkite_50k|cap=64|t=10000,a58744bfd756e1cc,,27080,17080,no,4,yes,no
brightkite,brightkite_50k,64,10000,brightkite_50k|cap=64|t=10000,a58744bfd756e1cc,,27080,17080,no,8,yes,no
brightkite,brightkite_50k,64,10000,brightkite_50k|cap=64|t=10000,a58744bfd756e1cc,,27080,17080,no,16,yes,no
brightkite,brightkite_50k,64,10000,brightkite_50k|cap=64|t=10000,1e9141c8f250e0a0,,,inf,yes,1,yes,no
brightkite,brightkite_50k,64,10000,brightkite_50k|cap=64|t=10000,1e9141c8f250e0a0,,,inf,yes,2,yes,no
brightkite,brightkite_50k,64,10000,brightkite_50k|cap=64|t=10000,1e9141c8f250e0a0,,,inf,yes,4,yes,no
brightkite,brightkite_50k,64,10000,brightkite_50k|cap=64|t=10000,1e9141c8f250e0a0,,,inf,yes,8,yes,no
brightkite,brightkite_50k,64,10000,brightkite_50k|cap=64|t=10000,1e9141c8f250e0a0,,,inf,yes,16,yes,no
brightkite,brightkite_50k,64,10000,brightkite_50k|cap=64|t=10000,aee6ba5f80b870f4,,,inf,yes,1,yes,no
brightkite,brightkite_50k,64,10000,brightkite_50k|cap=64|t=10000,aee6ba5f80b870f4,,,inf,yes,2,yes,no
brightkite,brightkite_50k,64,10000,brightkite_50k|cap=64|t=10000,aee6ba5f80b870f4,,,inf,yes,4,yes,no
brightkite,brightkite_50k,64,10000,brightkite_50k|cap=64|t=10000,aee6ba5f80b870f4,,,inf,yes,8,yes,no
brightkite,brightkite_50k,64,10000,brightkite_50k|cap=64|t=10000,aee6ba5f80b870f4,,,inf,yes,16,yes,no
brightkite,brightkite_50k,64,10000,brightkite_50k|cap=64|t=10000,8e59c237368ff6bb,,,inf,yes,1,yes,no
brightkite,brightkite_50k,64,10000,brightkite_50k|cap=64|t=10000,8e59c237368ff6bb,,,inf,yes,2,yes,no
brightkite,brightkite_50k,64,10000,brightkite_50k|cap=64|t=10000,8e59c237368ff6bb,,,inf,yes,4,yes,no
brightkite,brightkite_50k,64,10000,brightkite_50k|cap=64|t=10000,8e59c237368ff6bb,,,inf,yes,8,yes,no
brightkite,brightkite_50k,64,10000,brightkite_50k|cap=64|t=10000,8e59c237368ff6bb,,,inf,yes,16,yes,no
brightkite,brightkite_50k,64,10000,brightkite_50k|cap=64|t=10000,beda63326c1cd78a,,,inf,yes,1,yes,no
brightkite,brightkite_50k,64,10000,brightkite_50k|cap=64|t=10000,beda63326c1cd78a,,,inf,yes,2,yes,no
brightkite,brightkite_50k,64,10000,brightkite_50k|cap=64|t=10000,beda63326c1cd78a,,,inf,yes,4,yes,no
brightkite,brightkite_50k,64,10000,brightkite_50k|cap=64|t=10000,beda63326c1cd78a,,,inf,yes,8,yes,no
brightkite,brightkite_50k,64,10000,brightkite_50k|cap=64|t=10000,beda63326c1cd78a,,,inf,yes,16,yes,no
brightkite,brightkite_50k,64,10000,brightkite_50k|cap=64|t=10000,0b8489e198994410,,,inf,yes,1,yes,no
brightkite,brightkite_50k,64,10000,brightkite_50k|cap=64|t=10000,0b8489e198994410,,,inf,yes,2,yes,no
brightkite,brightkite_50k,64,10000,brightkite_50k|cap=64|t=10000,0b8489e198994410,,,inf,yes,4,yes,no
brightkite,brightkite_50k,64,10000,brightkite_50k|cap=64|t=10000,0b8489e198994410,,,inf,yes,8,yes,no
brightkite,brightkite_50k,64,10000,brightkite_50k|cap=64|t=10000,0b8489e198994410,,,inf,yes,16,yes,no
brightkite,brightkite_50k,64,10000,brightkite_50k|cap=64|t=10000,167533b0778cc7c4,,,inf,yes,1,yes,no
brightkite,brightkite_50k,64,10000,brightkite_50k|cap=64|t=10000,167533b0778cc7c4,,,inf,yes,2,yes,no
brightkite,brightkite_50k,64,10000,brightkite_50k|cap=64|t=10000,167533b0778cc7c4,,,inf,yes,4,yes,no
brightkite,brightkite_50k,64,10000,brightkite_50k|cap=64|t=10000,167533b0778cc7c4,,,inf,yes,8,yes,no
brightkite,brightkite_50k,64,10000,brightkite_50k|cap=64|t=10000,167533b0778cc7c4,,,inf,yes,16,yes,no
brightkite,brightkite_50k,64,10000,brightkite_50k|cap=64|t=10000,72ea1099490bce33,,,inf,yes,1,yes,no
brightkite,brightkite_50k,64,10000,brightkite_50k|cap=64|t=10000,72ea1099490bce33,,,inf,yes,2,yes,no
brightkite,brightkite_50k,64,10000,brightkite_50k|cap=64|t=10000,72ea1099490bce33,,,inf,yes,4,yes,no
brightkite,brightkite_50k,64,10000,brightkite_50k|cap=64|t=10000,72ea1099490bce33,,,inf,yes,8,yes,no
brightkite,brightkite_50k,64,10000,brightkite_50k|cap=64|t=10000,72ea1099490bce33,,,inf,yes,16,yes,no
brightkite,brightkite_50k,64,10000,brightkite_50k|cap=64|t=10000,996426ba242a0fd1,,,inf,yes,1,yes,no
brightkite,brightkite_50k,64,10000,brightkite_50k|cap=64|t=10000,996426ba242a0fd1,,,inf,yes,2,yes,no
brightkite,brightkite_50k,64,10000,brightkite_50k|cap=64|t=10000,996426ba242a0fd1,,,inf,yes,4,yes,no
brightkite,brightkite_50k,64,10000,brightkite_50k|cap=64|t=10000,996426ba242a0fd1,,,inf,yes,8,yes,no
brightkite,brightkite_50k,64,10000,brightkite_50k|cap=64|t=10000,996426ba242a0fd1,,,inf,yes,16,yes,no
brightkite,brightkite_50k,64,10000,brightkite_50k|cap=64|t=10000,68621bf0767137f1,,,inf,yes,1,yes,no
brightkite,brightkite_50k,64,10000,brightkite_50k|cap=64|t=10000,68621bf0767137f1,,,inf,yes,2,yes,no
brightkite,brightkite_50k,64,10000,brightkite_50k|cap=64|t=10000,68621bf0767137f1,,,inf,yes,4,yes,no
brightkite,brightkite_50k,64,10000,brightkite_50k|cap=64|t=10000,68621bf0767137f1,,,inf,yes,8,yes,no
brightkite,brightkite_50k,64,10000,brightkite_50k|cap=64|t=10000,68621bf0767137f1,,,inf,yes,16,yes,no
brightkite,brightkite_50k,64,10000,brightkite_50k|cap=64|t=10000,bfa54c81098cb0c2,,22348,12348,no,1,yes,no
brightkite,brightkite_50k,64,10000,brightkite_50k|cap=64|t=10000,bfa54c81098cb0c2,,22348,12348,no,2,yes,no
brightkite,brightkite_50k,64,10000,brightkite_50k|cap=64|t=10000,bfa54c81098cb0c2,,22348,12348,no,4,yes,no
brightkite,brightkite_50k,64,10000,brightkite_50k|cap=64|t=10000,bfa54c81098cb0c2,,22348,12348,no,8,yes,no
brightkite,brightkite_50k,64,10000,brightkite_50k|cap=64|t=10000,bfa54c81098cb0c2,,22348,12348,no,16,yes,no
brightkite,brightkite_50k,64,10000,brightkite_50k|cap=64|t=10000,93cd86133376f98a,,,inf,yes,1,yes,no
brightkite,brightkite_50k,64,10000,brightkite_50k|cap=64|t=10000,93cd86133376f98a,,,inf,yes,2,yes,no
brightkite,brightkite_50k,64,10000,brightkite_50k|cap=64|t=10000,93cd86133376f98a,,,inf,yes,4,yes,no
brightkite,brightkite_50k,64,10000,brightkite_50k|cap=64|t=10000,93cd86133376f98a,,,inf,yes,8,yes,no
brightkite,brightkite_50k,64,10000,brightkite_50k|cap=64|t=10000,93cd86133376f98a,,,inf,yes,16,yes,no
brightkite,brightkite_50k,64,10000,brightkite_50k|cap=64|t=10000,c85b3e7f6e12bc14,,,inf,yes,1,yes,no
brightkite,brightkite_50k,64,10000,brightkite_50k|cap=64|t=10000,c85b3e7f6e12bc14,,,inf,yes,2,yes,no
brightkite,brightkite_50k,64,10000,brightkite_50k|cap=64|t=10000,c85b3e7f6e12bc14,,,inf,yes,4,yes,no
brightkite,brightkite_50k,64,10000,brightkite_50k|cap=64|t=10000,c85b3e7f6e12bc14,,,inf,yes,8,yes,no
brightkite,brightkite_50k,64,10000,brightkite_50k|cap=64|t=10000,c85b3e7f6e12bc14,,,inf,yes,16,yes,no
brightkite,brightkite_50k,64,10000,brightkite_50k|cap=64|t=10000,6f386f196a3093cc,,,inf,yes,1,yes,no
brightkite,brightkite_50k,64,10000,brightkite_50k|cap=64|t=10000,6f386f196a3093cc,,,inf,yes,2,yes,no
brightkite,brightkite_50k,64,10000,brightkite_50k|cap=64|t=10000,6f386f196a3093cc,,,inf,yes,4,yes,no
brightkite,brightkite_50k,64,10000,brightkite_50k|cap=64|t=10000,6f386f196a3093cc,,,inf,yes,8,yes,no
brightkite,brightkite_50k,64,10000,brightkite_50k|cap=64|t=10000,6f386f196a3093cc,,,inf,yes,16,yes,no
brightkite,brightkite_50k,64,10000,brightkite_50k|cap=64|t=10000,ce7cb0c910eca9f9,,,inf,yes,1,yes,no
brightkite,brightkite_50k,64,10000,brightkite_50k|cap=64|t=10000,ce7cb0c910eca9f9,,,inf,yes,2,yes,no
brightkite,brightkite_50k,64,10000,brightkite_50k|cap=64|t=10000,ce7cb0c910eca9f9,,,inf,yes,4,yes,no
brightkite,brightkite_50k,64,10000,brightkite_50k|cap=64|t=10000,ce7cb0c910eca9f9,,,inf,yes,8,yes,no
brightkite,brightkite_50k,64,10000,brightkite_50k|cap=64|t=10000,ce7cb0c910eca9f9,,,inf,yes,16,yes,no
brightkite,brightkite_50k,64,10000,brightkite_50k|cap=64|t=10000,dfbfead9537fbfc2,,10195,195,no,1,yes,no
brightkite,brightkite_50k,64,10000,brightkite_50k|cap=64|t=10000,dfbfead9537fbfc2,,10195,195,no,2,yes,no
brightkite,brightkite_50k,64,10000,brightkite_50k|cap=64|t=10000,dfbfead9537fbfc2,,10195,195,no,4,yes,no
brightkite,brightkite_50k,64,10000,brightkite_50k|cap=64|t=10000,dfbfead9537fbfc2,,10195,195,no,8,yes,no
brightkite,brightkite_50k,64,10000,brightkite_50k|cap=64|t=10000,dfbfead9537fbfc2,,10195,195,no,16,yes,no
brightkite,brightkite_50k,64,10000,brightkite_50k|cap=64|t=10000,9f90868e79328a1f,,,inf,yes,1,yes,no
brightkite,brightkite_50k,64,10000,brightkite_50k|cap=64|t=10000,9f90868e79328a1f,,,inf,yes,2,yes,no
brightkite,brightkite_50k,64,10000,brightkite_50k|cap=64|t=10000,9f90868e79328a1f,,,inf,yes,4,yes,no
brightkite,brightkite_50k,64,10000,brightkite_50k|cap=64|t=10000,9f90868e79328a1f,,,inf,yes,8,yes,no
brightkite,brightkite_50k,64,10000,brightkite_50k|cap=64|t=10000,9f90868e79328a1f,,,inf,yes,16,yes,no
brightkite,brightkite_50k,64,10000,brightkite_50k|cap=64|t=10000,264c8ed4ec99fd3b,,10145,145,no,1,yes,no
brightkite,brightkite_50k,64,10000,brightkite_50k|cap=64|t=10000,264c8ed4ec99fd3b,,10145,145,no,2,yes,no
brightkite,brightkite_50k,64,10000,brightkite_50k|cap=64|t=10000,264c8ed4ec99fd3b,,10145,145,no,4,yes,no
brightkite,brightkite_50k,64,10000,brightkite_50k|cap=64|t=10000,264c8ed4ec99fd3b,,10145,145,no,8,yes,no
brightkite,brightkite_50k,64,10000,brightkite_50k|cap=64|t=10000,264c8ed4ec99fd3b,,10145,145,no,16,yes,no
brightkite,brightkite_50k,64,10000,brightkite_50k|cap=64|t=10000,5843e7fa7ad11731,,,inf,yes,1,yes,no
brightkite,brightkite_50k,64,10000,brightkite_50k|cap=64|t=10000,5843e7fa7ad11731,,,inf,yes,2,yes,no
brightkite,brightkite_50k,64,10000,brightkite_50k|cap=64|t=10000,5843e7fa7ad11731,,,inf,yes,4,yes,no
brightkite,brightkite_50k,64,10000,brightkite_50k|cap=64|t=10000,5843e7fa7ad11731,,,inf,yes,8,yes,no
brightkite,brightkite_50k,64,10000,brightkite_50k|cap=64|t=10000,5843e7fa7ad11731,,,inf,yes,16,yes,no
brightkite,brightkite_50k,64,10000,brightkite_50k|cap=64|t=10000,72002a176f4b0e33,,,inf,yes,1,yes,no
brightkite,brightkite_50k,64,10000,brightkite_50k|cap=64|t=10000,72002a176f4b0e33,,,inf,yes,2,yes,no
brightkite,brightkite_50k,64,10000,brightkite_50k|cap=64|t=10000,72002a176f4b0e33,,,inf,yes,4,yes,no
brightkite,brightkite_50k,64,10000,brightkite_50k|cap=64|t=10000,72002a176f4b0e33,,,inf,yes,8,yes,no
brightkite,brightkite_50k,64,10000,brightkite_50k|cap=64|t=10000,72002a176f4b0e33,,,inf,yes,16,yes,no
brightkite,brightkite_50k,64,10000,brightkite_50k|cap=64|t=10000,6a147de2b3eaa1e6,,12532,2532,no,1,yes,no
brightkite,brightkite_50k,64,10000,brightkite_50k|cap=64|t=10000,6a147de2b3eaa1e6,,12532,2532,no,2,yes,no
brightkite,brightkite_50k,64,10000,brightkite_50k|cap=64|t=10000,6a147de2b3eaa1e6,,12532,2532,no,4,yes,no
brightkite,brightkite_50k,64,10000,brightkite_50k|cap=64|t=10000,6a147de2b3eaa1e6,,12532,2532,no,8,yes,no
brightkite,brightkite_50k,64,10000,brightkite_50k|cap=64|t=10000,6a147de2b3eaa1e6,,12532,2532,no,16,yes,no
brightkite,brightkite_50k,64,10000,brightkite_50k|cap=64|t=10000,db40fae686f37c16,,10002,2,no,1,yes,no
brightkite,brightkite_50k,64,10000,brightkite_50k|cap=64|t=10000,db40fae686f37c16,,10002,2,no,2,no,yes
brightkite,brightkite_50k,64,10000,brightkite_50k|cap=64|t=10000,db40fae686f37c16,,10002,2,no,4,no,yes
brightkite,brightkite_50k,64,10000,brightkite_50k|cap=64|t=10000,db40fae686f37c16,,10002,2,no,8,no,yes
brightkite,brightkite_50k,64,10000,brightkite_50k|cap=64|t=10000,db40fae686f37c16,,10002,2,no,16,no,yes
brightkite,brightkite_50k,64,10000,brightkite_50k|cap=64|t=10000,38ebd447a97b7d92,,27723,17723,no,1,yes,no
brightkite,brightkite_50k,64,10000,brightkite_50k|cap=64|t=10000,38ebd447a97b7d92,,27723,17723,no,2,yes,no
brightkite,brightkite_50k,64,10000,brightkite_50k|cap=64|t=10000,38ebd447a97b7d92,,27723,17723,no,4,yes,no
brightkite,brightkite_50k,64,10000,brightkite_50k|cap=64|t=10000,38ebd447a97b7d92,,27723,17723,no,8,yes,no
brightkite,brightkite_50k,64,10000,brightkite_50k|cap=64|t=10000,38ebd447a97b7d92,,27723,17723,no,16,yes,no
brightkite,brightkite_50k,64,10000,brightkite_50k|cap=64|t=10000,a9c834bb6f4514e9,,,inf,yes,1,yes,no
brightkite,brightkite_50k,64,10000,brightkite_50k|cap=64|t=10000,a9c834bb6f4514e9,,,inf,yes,2,yes,no
brightkite,brightkite_50k,64,10000,brightkite_50k|cap=64|t=10000,a9c834bb6f4514e9,,,inf,yes,4,yes,no
brightkite,brightkite_50k,64,10000,brightkite_50k|cap=64|t=10000,a9c834bb6f4514e9,,,inf,yes,8,yes,no
brightkite,brightkite_50k,64,10000,brightkite_50k|cap=64|t=10000,a9c834bb6f4514e9,,,inf,yes,16,yes,no
brightkite,brightkite_50k,64,10000,brightkite_50k|cap=64|t=10000,a29952d718048966,,,inf,yes,1,yes,no
brightkite,brightkite_50k,64,10000,brightkite_50k|cap=64|t=10000,a29952d718048966,,,inf,yes,2,yes,no
brightkite,brightkite_50k,64,10000,brightkite_50k|cap=64|t=10000,a29952d718048966,,,inf,yes,4,yes,no
brightkite,brightkite_50k,64,10000,brightkite_50k|cap=64|t=10000,a29952d718048966,,,inf,yes,8,yes,no
brightkite,brightkite_50k,64,10000,brightkite_50k|cap=64|t=10000,a29952d718048966,,,inf,yes,16,yes,no
brightkite,brightkite_50k,64,10000,brightkite_50k|cap=64|t=10000,6a269af2bcaf994e,,10307,307,no,1,yes,no
brightkite,brightkite_50k,64,10000,brightkite_50k|cap=64|t=10000,6a269af2bcaf994e,,10307,307,no,2,yes,no
brightkite,brightkite_50k,64,10000,brightkite_50k|cap=64|t=10000,6a269af2bcaf994e,,10307,307,no,4,yes,no
brightkite,brightkite_50k,64,10000,brightkite_50k|cap=64|t=10000,6a269af2bcaf994e,,10307,307,no,8,yes,no
brightkite,brightkite_50k,64,10000,brightkite_50k|cap=64|t=10000,6a269af2bcaf994e,,10307,307,no,16,yes,no
brightkite,brightkite_50k,64,10000,brightkite_50k|cap=64|t=10000,9108bd74b618f1ba,,,inf,yes,1,yes,no
brightkite,brightkite_50k,64,10000,brightkite_50k|cap=64|t=10000,9108bd74b618f1ba,,,inf,yes,2,yes,no
brightkite,brightkite_50k,64,10000,brightkite_50k|cap=64|t=10000,9108bd74b618f1ba,,,inf,yes,4,yes,no
brightkite,brightkite_50k,64,10000,brightkite_50k|cap=64|t=10000,9108bd74b618f1ba,,,inf,yes,8,yes,no
brightkite,brightkite_50k,64,10000,brightkite_50k|cap=64|t=10000,9108bd74b618f1ba,,,inf,yes,16,yes,no
brightkite,brightkite_50k,64,10000,brightkite_50k|cap=64|t=10000,79ea7c6bd428137f,,10018,18,no,1,yes,no
brightkite,brightkite_50k,64,10000,brightkite_50k|cap=64|t=10000,79ea7c6bd428137f,,10018,18,no,2,yes,no
brightkite,brightkite_50k,64,10000,brightkite_50k|cap=64|t=10000,79ea7c6bd428137f,,10018,18,no,4,yes,no
brightkite,brightkite_50k,64,10000,brightkite_50k|cap=64|t=10000,79ea7c6bd428137f,,10018,18,no,8,yes,no
brightkite,brightkite_50k,64,10000,brightkite_50k|cap=64|t=10000,79ea7c6bd428137f,,10018,18,no,16,yes,no
brightkite,brightkite_50k,64,10000,brightkite_50k|cap=64|t=10000,babff142d8f08a6f,,10594,594,no,1,yes,no
brightkite,brightkite_50k,64,10000,brightkite_50k|cap=64|t=10000,babff142d8f08a6f,,10594,594,no,2,yes,no
brightkite,brightkite_50k,64,10000,brightkite_50k|cap=64|t=10000,babff142d8f08a6f,,10594,594,no,4,yes,no
brightkite,brightkite_50k,64,10000,brightkite_50k|cap=64|t=10000,babff142d8f08a6f,,10594,594,no,8,yes,no
brightkite,brightkite_50k,64,10000,brightkite_50k|cap=64|t=10000,babff142d8f08a6f,,10594,594,no,16,yes,no
brightkite,brightkite_50k,64,10000,brightkite_50k|cap=64|t=10000,7b7b977a16442267,,,inf,yes,1,yes,no
brightkite,brightkite_50k,64,10000,brightkite_50k|cap=64|t=10000,7b7b977a16442267,,,inf,yes,2,yes,no
brightkite,brightkite_50k,64,10000,brightkite_50k|cap=64|t=10000,7b7b977a16442267,,,inf,yes,4,yes,no
brightkite,brightkite_50k,64,10000,brightkite_50k|cap=64|t=10000,7b7b977a16442267,,,inf,yes,8,yes,no
brightkite,brightkite_50k,64,10000,brightkite_50k|cap=64|t=10000,7b7b977a16442267,,,inf,yes,16,yes,no
brightkite,brightkite_50k,64,10000,brightkite_50k|cap=64|t=10000,7c320b6baf775a10,,10530,530,no,1,yes,no
brightkite,brightkite_50k,64,10000,brightkite_50k|cap=64|t=10000,7c320b6baf775a10,,10530,530,no,2,yes,no
brightkite,brightkite_50k,64,10000,brightkite_50k|cap=64|t=10000,7c320b6baf775a10,,10530,530,no,4,yes,no
brightkite,brightkite_50k,64,10000,brightkite_50k|cap=64|t=10000,7c320b6baf775a10,,10530,530,no,8,yes,no
brightkite,brightkite_50k,64,10000,brightkite_50k|cap=64|t=10000,7c320b6baf775a10,,10530,530,no,16,yes,no
brightkite,brightkite_50k,64,10000,brightkite_50k|cap=64|t=10000,7a36a9dfb7c033dc,,48996,38996,no,1,yes,no
brightkite,brightkite_50k,64,10000,brightkite_50k|cap=64|t=10000,7a36a9dfb7c033dc,,48996,38996,no,2,yes,no
brightkite,brightkite_50k,64,10000,brightkite_50k|cap=64|t=10000,7a36a9dfb7c033dc,,48996,38996,no,4,yes,no
brightkite,brightkite_50k,64,10000,brightkite_50k|cap=64|t=10000,7a36a9dfb7c033dc,,48996,38996,no,8,yes,no
brightkite,brightkite_50k,64,10000,brightkite_50k|cap=64|t=10000,7a36a9dfb7c033dc,,48996,38996,no,16,yes,no
brightkite,brightkite_50k,64,10000,brightkite_50k|cap=64|t=10000,11500f73174a1b2f,,10003,3,no,1,yes,no
brightkite,brightkite_50k,64,10000,brightkite_50k|cap=64|t=10000,11500f73174a1b2f,,10003,3,no,2,yes,no
brightkite,brightkite_50k,64,10000,brightkite_50k|cap=64|t=10000,11500f73174a1b2f,,10003,3,no,4,no,yes
brightkite,brightkite_50k,64,10000,brightkite_50k|cap=64|t=10000,11500f73174a1b2f,,10003,3,no,8,no,yes
brightkite,brightkite_50k,64,10000,brightkite_50k|cap=64|t=10000,11500f73174a1b2f,,10003,3,no,16,no,yes
brightkite,brightkite_50k,64,10000,brightkite_50k|cap=64|t=10000,f14ef373d5d9bb6e,,10039,39,no,1,yes,no
brightkite,brightkite_50k,64,10000,brightkite_50k|cap=64|t=10000,f14ef373d5d9bb6e,,10039,39,no,2,yes,no
brightkite,brightkite_50k,64,10000,brightkite_50k|cap=64|t=10000,f14ef373d5d9bb6e,,10039,39,no,4,yes,no
brightkite,brightkite_50k,64,10000,brightkite_50k|cap=64|t=10000,f14ef373d5d9bb6e,,10039,39,no,8,yes,no
brightkite,brightkite_50k,64,10000,brightkite_50k|cap=64|t=10000,f14ef373d5d9bb6e,,10039,39,no,16,yes,no
brightkite,brightkite_50k,64,10000,brightkite_50k|cap=64|t=10000,3dd91045d3d1e052,,26983,16983,no,1,yes,no
brightkite,brightkite_50k,64,10000,brightkite_50k|cap=64|t=10000,3dd91045d3d1e052,,26983,16983,no,2,yes,no
brightkite,brightkite_50k,64,10000,brightkite_50k|cap=64|t=10000,3dd91045d3d1e052,,26983,16983,no,4,yes,no
brightkite,brightkite_50k,64,10000,brightkite_50k|cap=64|t=10000,3dd91045d3d1e052,,26983,16983,no,8,yes,no
brightkite,brightkite_50k,64,10000,brightkite_50k|cap=64|t=10000,3dd91045d3d1e052,,26983,16983,no,16,yes,no
brightkite,brightkite_50k,64,10000,brightkite_50k|cap=64|t=10000,39d7d9c1c2945ea9,,45079,35079,no,1,yes,no
brightkite,brightkite_50k,64,10000,brightkite_50k|cap=64|t=10000,39d7d9c1c2945ea9,,45079,35079,no,2,yes,no
brightkite,brightkite_50k,64,10000,brightkite_50k|cap=64|t=10000,39d7d9c1c2945ea9,,45079,35079,no,4,yes,no
brightkite,brightkite_50k,64,10000,brightkite_50k|cap=64|t=10000,39d7d9c1c2945ea9,,45079,35079,no,8,yes,no
brightkite,brightkite_50k,64,10000,brightkite_50k|cap=64|t=10000,39d7d9c1c2945ea9,,45079,35079,no,16,yes,no
brightkite,brightkite_50k,64,10000,brightkite_50k|cap=64|t=10000,21e0c6bfb8cd2f91,,10079,79,no,1,yes,no
brightkite,brightkite_50k,64,10000,brightkite_50k|cap=64|t=10000,21e0c6bfb8cd2f91,,10079,79,no,2,yes,no
brightkite,brightkite_50k,64,10000,brightkite_50k|cap=64|t=10000,21e0c6bfb8cd2f91,,10079,79,no,4,yes,no
brightkite,brightkite_50k,64,10000,brightkite_50k|cap=64|t=10000,21e0c6bfb8cd2f91,,10079,79,no,8,yes,no
brightkite,brightkite_50k,64,10000,brightkite_50k|cap=64|t=10000,21e0c6bfb8cd2f91,,10079,79,no,16,yes,no
brightkite,brightkite_50k,128,10000,brightkite_50k|cap=128|t=10000,aa4bee572b6d3d60,,27195,17195,no,1,yes,no
brightkite,brightkite_50k,128,10000,brightkite_50k|cap=128|t=10000,aa4bee572b6d3d60,,27195,17195,no,2,yes,no
brightkite,brightkite_50k,128,10000,brightkite_50k|cap=128|t=10000,aa4bee572b6d3d60,,27195,17195,no,4,yes,no
brightkite,brightkite_50k,128,10000,brightkite_50k|cap=128|t=10000,aa4bee572b6d3d60,,27195,17195,no,8,yes,no
brightkite,brightkite_50k,128,10000,brightkite_50k|cap=128|t=10000,aa4bee572b6d3d60,,27195,17195,no,16,yes,no
brightkite,brightkite_50k,128,10000,brightkite_50k|cap=128|t=10000,daf816db622ef79e,,12221,2221,no,1,yes,no
brightkite,brightkite_50k,128,10000,brightkite_50k|cap=128|t=10000,daf816db622ef79e,,12221,2221,no,2,yes,no
brightkite,brightkite_50k,128,10000,brightkite_50k|cap=128|t=10000,daf816db622ef79e,,12221,2221,no,4,yes,no
brightkite,brightkite_50k,128,10000,brightkite_50k|cap=128|t=10000,daf816db622ef79e,,12221,2221,no,8,yes,no
brightkite,brightkite_50k,128,10000,brightkite_50k|cap=128|t=10000,daf816db622ef79e,,12221,2221,no,16,yes,no
brightkite,brightkite_50k,128,10000,brightkite_50k|cap=128|t=10000,7ee16acafda0f705,,12222,2222,no,1,yes,no
brightkite,brightkite_50k,128,10000,brightkite_50k|cap=128|t=10000,7ee16acafda0f705,,12222,2222,no,2,yes,no
brightkite,brightkite_50k,128,10000,brightkite_50k|cap=128|t=10000,7ee16acafda0f705,,12222,2222,no,4,yes,no
brightkite,brightkite_50k,128,10000,brightkite_50k|cap=128|t=10000,7ee16acafda0f705,,12222,2222,no,8,yes,no
brightkite,brightkite_50k,128,10000,brightkite_50k|cap=128|t=10000,7ee16acafda0f705,,12222,2222,no,16,yes,no
brightkite,brightkite_50k,128,10000,brightkite_50k|cap=128|t=10000,621584c8c66a23b2,,10063,63,no,1,yes,no
brightkite,brightkite_50k,128,10000,brightkite_50k|cap=128|t=10000,621584c8c66a23b2,,10063,63,no,2,yes,no
brightkite,brightkite_50k,128,10000,brightkite_50k|cap=128|t=10000,621584c8c66a23b2,,10063,63,no,4,yes,no
brightkite,brightkite_50k,128,10000,brightkite_50k|cap=128|t=10000,621584c8c66a23b2,,10063,63,no,8,yes,no
brightkite,brightkite_50k,128,10000,brightkite_50k|cap=128|t=10000,621584c8c66a23b2,,10063,63,no,16,yes,no
brightkite,brightkite_50k,128,10000,brightkite_50k|cap=128|t=10000,bc3027234576bae0,,26896,16896,no,1,yes,no
brightkite,brightkite_50k,128,10000,brightkite_50k|cap=128|t=10000,bc3027234576bae0,,26896,16896,no,2,yes,no
brightkite,brightkite_50k,128,10000,brightkite_50k|cap=128|t=10000,bc3027234576bae0,,26896,16896,no,4,yes,no
brightkite,brightkite_50k,128,10000,brightkite_50k|cap=128|t=10000,bc3027234576bae0,,26896,16896,no,8,yes,no
brightkite,brightkite_50k,128,10000,brightkite_50k|cap=128|t=10000,bc3027234576bae0,,26896,16896,no,16,yes,no
brightkite,brightkite_50k,128,10000,brightkite_50k|cap=128|t=10000,8f41ee12ae0963e4,,26525,16525,no,1,yes,no
brightkite,brightkite_50k,128,10000,brightkite_50k|cap=128|t=10000,8f41ee12ae0963e4,,26525,16525,no,2,yes,no
brightkite,brightkite_50k,128,10000,brightkite_50k|cap=128|t=10000,8f41ee12ae0963e4,,26525,16525,no,4,yes,no
brightkite,brightkite_50k,128,10000,brightkite_50k|cap=128|t=10000,8f41ee12ae0963e4,,26525,16525,no,8,yes,no
brightkite,brightkite_50k,128,10000,brightkite_50k|cap=128|t=10000,8f41ee12ae0963e4,,26525,16525,no,16,yes,no
brightkite,brightkite_50k,128,10000,brightkite_50k|cap=128|t=10000,8ffb9427fb1a0908,,,inf,yes,1,yes,no
brightkite,brightkite_50k,128,10000,brightkite_50k|cap=128|t=10000,8ffb9427fb1a0908,,,inf,yes,2,yes,no
brightkite,brightkite_50k,128,10000,brightkite_50k|cap=128|t=10000,8ffb9427fb1a0908,,,inf,yes,4,yes,no
brightkite,brightkite_50k,128,10000,brightkite_50k|cap=128|t=10000,8ffb9427fb1a0908,,,inf,yes,8,yes,no
brightkite,brightkite_50k,128,10000,brightkite_50k|cap=128|t=10000,8ffb9427fb1a0908,,,inf,yes,16,yes,no
brightkite,brightkite_50k,128,10000,brightkite_50k|cap=128|t=10000,1b286e9806c618f5,,10016,16,no,1,yes,no
brightkite,brightkite_50k,128,10000,brightkite_50k|cap=128|t=10000,1b286e9806c618f5,,10016,16,no,2,yes,no
brightkite,brightkite_50k,128,10000,brightkite_50k|cap=128|t=10000,1b286e9806c618f5,,10016,16,no,4,yes,no
brightkite,brightkite_50k,128,10000,brightkite_50k|cap=128|t=10000,1b286e9806c618f5,,10016,16,no,8,yes,no
brightkite,brightkite_50k,128,10000,brightkite_50k|cap=128|t=10000,1b286e9806c618f5,,10016,16,no,16,no,yes
brightkite,brightkite_50k,128,10000,brightkite_50k|cap=128|t=10000,ae8cf486dc503c4f,,11995,1995,no,1,yes,no
brightkite,brightkite_50k,128,10000,brightkite_50k|cap=128|t=10000,ae8cf486dc503c4f,,11995,1995,no,2,yes,no
brightkite,brightkite_50k,128,10000,brightkite_50k|cap=128|t=10000,ae8cf486dc503c4f,,11995,1995,no,4,yes,no
brightkite,brightkite_50k,128,10000,brightkite_50k|cap=128|t=10000,ae8cf486dc503c4f,,11995,1995,no,8,yes,no
brightkite,brightkite_50k,128,10000,brightkite_50k|cap=128|t=10000,ae8cf486dc503c4f,,11995,1995,no,16,yes,no
brightkite,brightkite_50k,128,10000,brightkite_50k|cap=128|t=10000,3c9a43446d2a9642,,10108,108,no,1,yes,no
brightkite,brightkite_50k,128,10000,brightkite_50k|cap=128|t=10000,3c9a43446d2a9642,,10108,108,no,2,yes,no
brightkite,brightkite_50k,128,10000,brightkite_50k|cap=128|t=10000,3c9a43446d2a9642,,10108,108,no,4,yes,no
brightkite,brightkite_50k,128,10000,brightkite_50k|cap=128|t=10000,3c9a43446d2a9642,,10108,108,no,8,yes,no
brightkite,brightkite_50k,128,10000,brightkite_50k|cap=128|t=10000,3c9a43446d2a9642,,10108,108,no,16,yes,no
brightkite,brightkite_50k,128,10000,brightkite_50k|cap=128|t=10000,d7d3e9c011ee2f19,,,inf,yes,1,yes,no
brightkite,brightkite_50k,128,10000,brightkite_50k|cap=128|t=10000,d7d3e9c011ee2f19,,,inf,yes,2,yes,no
brightkite,brightkite_50k,128,10000,brightkite_50k|cap=128|t=10000,d7d3e9c011ee2f19,,,inf,yes,4,yes,no
brightkite,brightkite_50k,128,10000,brightkite_50k|cap=128|t=10000,d7d3e9c011ee2f19,,,inf,yes,8,yes,no
brightkite,brightkite_50k,128,10000,brightkite_50k|cap=128|t=10000,d7d3e9c011ee2f19,,,inf,yes,16,yes,no
brightkite,brightkite_50k,128,10000,brightkite_50k|cap=128|t=10000,92084c3bd0d76f81,,,inf,yes,1,yes,no
brightkite,brightkite_50k,128,10000,brightkite_50k|cap=128|t=10000,92084c3bd0d76f81,,,inf,yes,2,yes,no
brightkite,brightkite_50k,128,10000,brightkite_50k|cap=128|t=10000,92084c3bd0d76f81,,,inf,yes,4,yes,no
brightkite,brightkite_50k,128,10000,brightkite_50k|cap=128|t=10000,92084c3bd0d76f81,,,inf,yes,8,yes,no
brightkite,brightkite_50k,128,10000,brightkite_50k|cap=128|t=10000,92084c3bd0d76f81,,,inf,yes,16,yes,no
brightkite,brightkite_50k,128,10000,brightkite_50k|cap=128|t=10000,e609c4f9b37a90db,,27246,17246,no,1,yes,no
brightkite,brightkite_50k,128,10000,brightkite_50k|cap=128|t=10000,e609c4f9b37a90db,,27246,17246,no,2,yes,no
brightkite,brightkite_50k,128,10000,brightkite_50k|cap=128|t=10000,e609c4f9b37a90db,,27246,17246,no,4,yes,no
brightkite,brightkite_50k,128,10000,brightkite_50k|cap=128|t=10000,e609c4f9b37a90db,,27246,17246,no,8,yes,no
brightkite,brightkite_50k,128,10000,brightkite_50k|cap=128|t=10000,e609c4f9b37a90db,,27246,17246,no,16,yes,no
brightkite,brightkite_50k,128,10000,brightkite_50k|cap=128|t=10000,27922b36c53cd96c,,10044,44,no,1,yes,no
brightkite,brightkite_50k,128,10000,brightkite_50k|cap=128|t=10000,27922b36c53cd96c,,10044,44,no,2,yes,no
brightkite,brightkite_50k,128,10000,brightkite_50k|cap=128|t=10000,27922b36c53cd96c,,10044,44,no,4,yes,no
brightkite,brightkite_50k,128,10000,brightkite_50k|cap=128|t=10000,27922b36c53cd96c,,10044,44,no,8,yes,no
brightkite,brightkite_50k,128,10000,brightkite_50k|cap=128|t=10000,27922b36c53cd96c,,10044,44,no,16,yes,no
brightkite,brightkite_50k,128,10000,brightkite_50k|cap=128|t=10000,0dc2735ed9bba37e,,10813,813,no,1,yes,no
brightkite,brightkite_50k,128,10000,brightkite_50k|cap=128|t=10000,0dc2735ed9bba37e,,10813,813,no,2,yes,no
brightkite,brightkite_50k,128,10000,brightkite_50k|cap=128|t=10000,0dc2735ed9bba37e,,10813,813,no,4,yes,no
brightkite,brightkite_50k,128,10000,brightkite_50k|cap=128|t=10000,0dc2735ed9bba37e,,10813,813,no,8,yes,no
brightkite,brightkite_50k,128,10000,brightkite_50k|cap=128|t=10000,0dc2735ed9bba37e,,10813,813,no,16,yes,no
brightkite,brightkite_50k,128,10000,brightkite_50k|cap=128|t=10000,2f586381635ae66a,,10171,171,no,1,yes,no
brightkite,brightkite_50k,128,10000,brightkite_50k|cap=128|t=10000,2f586381635ae66a,,10171,171,no,2,yes,no
brightkite,brightkite_50k,128,10000,brightkite_50k|cap=128|t=10000,2f586381635ae66a,,10171,171,no,4,yes,no
brightkite,brightkite_50k,128,10000,brightkite_50k|cap=128|t=10000,2f586381635ae66a,,10171,171,no,8,yes,no
brightkite,brightkite_50k,128,10000,brightkite_50k|cap=128|t=10000,2f586381635ae66a,,10171,171,no,16,yes,no
brightkite,brightkite_50k,128,10000,brightkite_50k|cap=128|t=10000,2131dd7407af17ab,,41942,31942,no,1,yes,no
brightkite,brightkite_50k,128,10000,brightkite_50k|cap=128|t=10000,2131dd7407af17ab,,41942,31942,no,2,yes,no
brightkite,brightkite_50k,128,10000,brightkite_50k|cap=128|t=10000,2131dd7407af17ab,,41942,31942,no,4,yes,no
brightkite,brightkite_50k,128,10000,brightkite_50k|cap=128|t=10000,2131dd7407af17ab,,41942,31942,no,8,yes,no
brightkite,brightkite_50k,128,10000,brightkite_50k|cap=128|t=10000,2131dd7407af17ab,,41942,31942,no,16,yes,no
brightkite,brightkite_50k,128,10000,brightkite_50k|cap=128|t=10000,9783c048d6c75acd,,10037,37,no,1,yes,no
brightkite,brightkite_50k,128,10000,brightkite_50k|cap=128|t=10000,9783c048d6c75acd,,10037,37,no,2,yes,no
brightkite,brightkite_50k,128,10000,brightkite_50k|cap=128|t=10000,9783c048d6c75acd,,10037,37,no,4,yes,no
brightkite,brightkite_50k,128,10000,brightkite_50k|cap=128|t=10000,9783c048d6c75acd,,10037,37,no,8,yes,no
brightkite,brightkite_50k,128,10000,brightkite_50k|cap=128|t=10000,9783c048d6c75acd,,10037,37,no,16,yes,no
brightkite,brightkite_50k,128,10000,brightkite_50k|cap=128|t=10000,90623c2e65cff8e3,,,inf,yes,1,yes,no
brightkite,brightkite_50k,128,10000,brightkite_50k|cap=128|t=10000,90623c2e65cff8e3,,,inf,yes,2,yes,no
brightkite,brightkite_50k,128,10000,brightkite_50k|cap=128|t=10000,90623c2e65cff8e3,,,inf,yes,4,yes,no
brightkite,brightkite_50k,128,10000,brightkite_50k|cap=128|t=10000,90623c2e65cff8e3,,,inf,yes,8,yes,no
brightkite,brightkite_50k,128,10000,brightkite_50k|cap=128|t=10000,90623c2e65cff8e3,,,inf,yes,16,yes,no
brightkite,brightkite_50k,128,10000,brightkite_50k|cap=128|t=10000,44b21806c200658b,,,inf,yes,1,yes,no
brightkite,brightkite_50k,128,10000,brightkite_50k|cap=128|t=10000,44b21806c200658b,,,inf,yes,2,yes,no
brightkite,brightkite_50k,128,10000,brightkite_50k|cap=128|t=10000,44b21806c200658b,,,inf,yes,4,yes,no
brightkite,brightkite_50k,128,10000,brightkite_50k|cap=128|t=10000,44b21806c200658b,,,inf,yes,8,yes,no
brightkite,brightkite_50k,128,10000,brightkite_50k|cap=128|t=10000,44b21806c200658b,,,inf,yes,16,yes,no
brightkite,brightkite_50k,128,10000,brightkite_50k|cap=128|t=10000,7b22a66aa8f6aa49,,,inf,yes,1,yes,no
brightkite,brightkite_50k,128,10000,brightkite_50k|cap=128|t=10000,7b22a66aa8f6aa49,,,inf,yes,2,yes,no
brightkite,brightkite_50k,128,10000,brightkite_50k|cap=128|t=10000,7b22a66aa8f6aa49,,,inf,yes,4,yes,no
brightkite,brightkite_50k,128,10000,brightkite_50k|cap=128|t=10000,7b22a66aa8f6aa49,,,inf,yes,8,yes,no
brightkite,brightkite_50k,128,10000,brightkite_50k|cap=128|t=10000,7b22a66aa8f6aa49,,,inf,yes,16,yes,no
brightkite,brightkite_50k,128,10000,brightkite_50k|cap=128|t=10000,bba294a3b023d0a9,,,inf,yes,1,yes,no
brightkite,brightkite_50k,128,10000,brightkite_50k|cap=128|t=10000,bba294a3b023d0a9,,,inf,yes,2,yes,no
brightkite,brightkite_50k,128,10000,brightkite_50k|cap=128|t=10000,bba294a3b023d0a9,,,inf,yes,4,yes,no
brightkite,brightkite_50k,128,10000,brightkite_50k|cap=128|t=10000,bba294a3b023d0a9,,,inf,yes,8,yes,no
brightkite,brightkite_50k,128,10000,brightkite_50k|cap=128|t=10000,bba294a3b023d0a9,,,inf,yes,16,yes,no
brightkite,brightkite_50k,128,10000,brightkite_50k|cap=128|t=10000,5d7608eedc3e058c,,,inf,yes,1,yes,no
brightkite,brightkite_50k,128,10000,brightkite_50k|cap=128|t=10000,5d7608eedc3e058c,,,inf,yes,2,yes,no
brightkite,brightkite_50k,128,10000,brightkite_50k|cap=128|t=10000,5d7608eedc3e058c,,,inf,yes,4,yes,no
brightkite,brightkite_50k,128,10000,brightkite_50k|cap=128|t=10000,5d7608eedc3e058c,,,inf,yes,8,yes,no
brightkite,brightkite_50k,128,10000,brightkite_50k|cap=128|t=10000,5d7608eedc3e058c,,,inf,yes,16,yes,no
brightkite,brightkite_50k,128,10000,brightkite_50k|cap=128|t=10000,5879b6583e236c27,,,inf,yes,1,yes,no
brightkite,brightkite_50k,128,10000,brightkite_50k|cap=128|t=10000,5879b6583e236c27,,,inf,yes,2,yes,no
brightkite,brightkite_50k,128,10000,brightkite_50k|cap=128|t=10000,5879b6583e236c27,,,inf,yes,4,yes,no
brightkite,brightkite_50k,128,10000,brightkite_50k|cap=128|t=10000,5879b6583e236c27,,,inf,yes,8,yes,no
brightkite,brightkite_50k,128,10000,brightkite_50k|cap=128|t=10000,5879b6583e236c27,,,inf,yes,16,yes,no
brightkite,brightkite_50k,128,10000,brightkite_50k|cap=128|t=10000,95fdf0d27081b607,,,inf,yes,1,yes,no
brightkite,brightkite_50k,128,10000,brightkite_50k|cap=128|t=10000,95fdf0d27081b607,,,inf,yes,2,yes,no
brightkite,brightkite_50k,128,10000,brightkite_50k|cap=128|t=10000,95fdf0d27081b607,,,inf,yes,4,yes,no
brightkite,brightkite_50k,128,10000,brightkite_50k|cap=128|t=10000,95fdf0d27081b607,,,inf,yes,8,yes,no
brightkite,brightkite_50k,128,10000,brightkite_50k|cap=128|t=10000,95fdf0d27081b607,,,inf,yes,16,yes,no
brightkite,brightkite_50k,128,10000,brightkite_50k|cap=128|t=10000,6e2f822461d3125a,,,inf,yes,1,yes,no
brightkite,brightkite_50k,128,10000,brightkite_50k|cap=128|t=10000,6e2f822461d3125a,,,inf,yes,2,yes,no
brightkite,brightkite_50k,128,10000,brightkite_50k|cap=128|t=10000,6e2f822461d3125a,,,inf,yes,4,yes,no
brightkite,brightkite_50k,128,10000,brightkite_50k|cap=128|t=10000,6e2f822461d3125a,,,inf,yes,8,yes,no
brightkite,brightkite_50k,128,10000,brightkite_50k|cap=128|t=10000,6e2f822461d3125a,,,inf,yes,16,yes,no
brightkite,brightkite_50k,128,10000,brightkite_50k|cap=128|t=10000,6eec5dffa88a6e7f,,,inf,yes,1,yes,no
brightkite,brightkite_50k,128,10000,brightkite_50k|cap=128|t=10000,6eec5dffa88a6e7f,,,inf,yes,2,yes,no
brightkite,brightkite_50k,128,10000,brightkite_50k|cap=128|t=10000,6eec5dffa88a6e7f,,,inf,yes,4,yes,no
brightkite,brightkite_50k,128,10000,brightkite_50k|cap=128|t=10000,6eec5dffa88a6e7f,,,inf,yes,8,yes,no
brightkite,brightkite_50k,128,10000,brightkite_50k|cap=128|t=10000,6eec5dffa88a6e7f,,,inf,yes,16,yes,no
brightkite,brightkite_50k,128,10000,brightkite_50k|cap=128|t=10000,e0ff968290fcf249,,,inf,yes,1,yes,no
brightkite,brightkite_50k,128,10000,brightkite_50k|cap=128|t=10000,e0ff968290fcf249,,,inf,yes,2,yes,no
brightkite,brightkite_50k,128,10000,brightkite_50k|cap=128|t=10000,e0ff968290fcf249,,,inf,yes,4,yes,no
brightkite,brightkite_50k,128,10000,brightkite_50k|cap=128|t=10000,e0ff968290fcf249,,,inf,yes,8,yes,no
brightkite,brightkite_50k,128,10000,brightkite_50k|cap=128|t=10000,e0ff968290fcf249,,,inf,yes,16,yes,no
brightkite,brightkite_50k,128,10000,brightkite_50k|cap=128|t=10000,7080c478f1d8ea94,,,inf,yes,1,yes,no
brightkite,brightkite_50k,128,10000,brightkite_50k|cap=128|t=10000,7080c478f1d8ea94,,,inf,yes,2,yes,no
brightkite,brightkite_50k,128,10000,brightkite_50k|cap=128|t=10000,7080c478f1d8ea94,,,inf,yes,4,yes,no
brightkite,brightkite_50k,128,10000,brightkite_50k|cap=128|t=10000,7080c478f1d8ea94,,,inf,yes,8,yes,no
brightkite,brightkite_50k,128,10000,brightkite_50k|cap=128|t=10000,7080c478f1d8ea94,,,inf,yes,16,yes,no
brightkite,brightkite_50k,128,10000,brightkite_50k|cap=128|t=10000,3dcce5ba6942a952,,,inf,yes,1,yes,no
brightkite,brightkite_50k,128,10000,brightkite_50k|cap=128|t=10000,3dcce5ba6942a952,,,inf,yes,2,yes,no
brightkite,brightkite_50k,128,10000,brightkite_50k|cap=128|t=10000,3dcce5ba6942a952,,,inf,yes,4,yes,no
brightkite,brightkite_50k,128,10000,brightkite_50k|cap=128|t=10000,3dcce5ba6942a952,,,inf,yes,8,yes,no
brightkite,brightkite_50k,128,10000,brightkite_50k|cap=128|t=10000,3dcce5ba6942a952,,,inf,yes,16,yes,no
brightkite,brightkite_50k,128,10000,brightkite_50k|cap=128|t=10000,18d27004191df740,,,inf,yes,1,yes,no
brightkite,brightkite_50k,128,10000,brightkite_50k|cap=128|t=10000,18d27004191df740,,,inf,yes,2,yes,no
brightkite,brightkite_50k,128,10000,brightkite_50k|cap=128|t=10000,18d27004191df740,,,inf,yes,4,yes,no
brightkite,brightkite_50k,128,10000,brightkite_50k|cap=128|t=10000,18d27004191df740,,,inf,yes,8,yes,no
brightkite,brightkite_50k,128,10000,brightkite_50k|cap=128|t=10000,18d27004191df740,,,inf,yes,16,yes,no
brightkite,brightkite_50k,128,10000,brightkite_50k|cap=128|t=10000,4edad8d709367535,,,inf,yes,1,yes,no
brightkite,brightkite_50k,128,10000,brightkite_50k|cap=128|t=10000,4edad8d709367535,,,inf,yes,2,yes,no
brightkite,brightkite_50k,128,10000,brightkite_50k|cap=128|t=10000,4edad8d709367535,,,inf,yes,4,yes,no
brightkite,brightkite_50k,128,10000,brightkite_50k|cap=128|t=10000,4edad8d709367535,,,inf,yes,8,yes,no
brightkite,brightkite_50k,128,10000,brightkite_50k|cap=128|t=10000,4edad8d709367535,,,inf,yes,16,yes,no
brightkite,brightkite_50k,128,10000,brightkite_50k|cap=128|t=10000,44c6fac1e497fa7e,,34301,24301,no,1,yes,no
brightkite,brightkite_50k,128,10000,brightkite_50k|cap=128|t=10000,44c6fac1e497fa7e,,34301,24301,no,2,yes,no
brightkite,brightkite_50k,128,10000,brightkite_50k|cap=128|t=10000,44c6fac1e497fa7e,,34301,24301,no,4,yes,no
brightkite,brightkite_50k,128,10000,brightkite_50k|cap=128|t=10000,44c6fac1e497fa7e,,34301,24301,no,8,yes,no
brightkite,brightkite_50k,128,10000,brightkite_50k|cap=128|t=10000,44c6fac1e497fa7e,,34301,24301,no,16,yes,no
brightkite,brightkite_50k,128,10000,brightkite_50k|cap=128|t=10000,c7a3edb6289be8a5,,,inf,yes,1,yes,no
brightkite,brightkite_50k,128,10000,brightkite_50k|cap=128|t=10000,c7a3edb6289be8a5,,,inf,yes,2,yes,no
brightkite,brightkite_50k,128,10000,brightkite_50k|cap=128|t=10000,c7a3edb6289be8a5,,,inf,yes,4,yes,no
brightkite,brightkite_50k,128,10000,brightkite_50k|cap=128|t=10000,c7a3edb6289be8a5,,,inf,yes,8,yes,no
brightkite,brightkite_50k,128,10000,brightkite_50k|cap=128|t=10000,c7a3edb6289be8a5,,,inf,yes,16,yes,no
brightkite,brightkite_50k,128,10000,brightkite_50k|cap=128|t=10000,0b04a61a5b827f94,,,inf,yes,1,yes,no
brightkite,brightkite_50k,128,10000,brightkite_50k|cap=128|t=10000,0b04a61a5b827f94,,,inf,yes,2,yes,no
brightkite,brightkite_50k,128,10000,brightkite_50k|cap=128|t=10000,0b04a61a5b827f94,,,inf,yes,4,yes,no
brightkite,brightkite_50k,128,10000,brightkite_50k|cap=128|t=10000,0b04a61a5b827f94,,,inf,yes,8,yes,no
brightkite,brightkite_50k,128,10000,brightkite_50k|cap=128|t=10000,0b04a61a5b827f94,,,inf,yes,16,yes,no
brightkite,brightkite_50k,128,10000,brightkite_50k|cap=128|t=10000,2db5fe71cc9706f3,,28820,18820,no,1,yes,no
brightkite,brightkite_50k,128,10000,brightkite_50k|cap=128|t=10000,2db5fe71cc9706f3,,28820,18820,no,2,yes,no
brightkite,brightkite_50k,128,10000,brightkite_50k|cap=128|t=10000,2db5fe71cc9706f3,,28820,18820,no,4,yes,no
brightkite,brightkite_50k,128,10000,brightkite_50k|cap=128|t=10000,2db5fe71cc9706f3,,28820,18820,no,8,yes,no
brightkite,brightkite_50k,128,10000,brightkite_50k|cap=128|t=10000,2db5fe71cc9706f3,,28820,18820,no,16,yes,no
brightkite,brightkite_50k,128,10000,brightkite_50k|cap=128|t=10000,cf8a08038d417b37,,27152,17152,no,1,yes,no
brightkite,brightkite_50k,128,10000,brightkite_50k|cap=128|t=10000,cf8a08038d417b37,,27152,17152,no,2,yes,no
brightkite,brightkite_50k,128,10000,brightkite_50k|cap=128|t=10000,cf8a08038d417b37,,27152,17152,no,4,yes,no
brightkite,brightkite_50k,128,10000,brightkite_50k|cap=128|t=10000,cf8a08038d417b37,,27152,17152,no,8,yes,no
brightkite,brightkite_50k,128,10000,brightkite_50k|cap=128|t=10000,cf8a08038d417b37,,27152,17152,no,16,yes,no
brightkite,brightkite_50k,128,10000,brightkite_50k|cap=128|t=10000,880bb09117df4eb3,,24485,14485,no,1,yes,no
brightkite,brightkite_50k,128,10000,brightkite_50k|cap=128|t=10000,880bb09117df4eb3,,24485,14485,no,2,yes,no
brightkite,brightkite_50k,128,10000,brightkite_50k|cap=128|t=10000,880bb09117df4eb3,,24485,14485,no,4,yes,no
brightkite,brightkite_50k,128,10000,brightkite_50k|cap=128|t=10000,880bb09117df4eb3,,24485,14485,no,8,yes,no
brightkite,brightkite_50k,128,10000,brightkite_50k|cap=128|t=10000,880bb09117df4eb3,,24485,14485,no,16,yes,no
brightkite,brightkite_50k,128,10000,brightkite_50k|cap=128|t=10000,89d7b9b02675d760,,,inf,yes,1,yes,no
brightkite,brightkite_50k,128,10000,brightkite_50k|cap=128|t=10000,89d7b9b02675d760,,,inf,yes,2,yes,no
brightkite,brightkite_50k,128,10000,brightkite_50k|cap=128|t=10000,89d7b9b02675d760,,,inf,yes,4,yes,no
brightkite,brightkite_50k,128,10000,brightkite_50k|cap=128|t=10000,89d7b9b02675d760,,,inf,yes,8,yes,no
brightkite,brightkite_50k,128,10000,brightkite_50k|cap=128|t=10000,89d7b9b02675d760,,,inf,yes,16,yes,no
brightkite,brightkite_50k,128,10000,brightkite_50k|cap=128|t=10000,29c94ab780645bf6,,23343,13343,no,1,yes,no
brightkite,brightkite_50k,128,10000,brightkite_50k|cap=128|t=10000,29c94ab780645bf6,,23343,13343,no,2,yes,no
brightkite,brightkite_50k,128,10000,brightkite_50k|cap=128|t=10000,29c94ab780645bf6,,23343,13343,no,4,yes,no
brightkite,brightkite_50k,128,10000,brightkite_50k|cap=128|t=10000,29c94ab780645bf6,,23343,13343,no,8,yes,no
brightkite,brightkite_50k,128,10000,brightkite_50k|cap=128|t=10000,29c94ab780645bf6,,23343,13343,no,16,yes,no
citibike,citibike_202401_50k,32,10004,citibike_202401_50k|cap=32|t=10004,a9eef92bd75ec25f,,10726,722,no,1,yes,no
citibike,citibike_202401_50k,32,10004,citibike_202401_50k|cap=32|t=10004,a9eef92bd75ec25f,,10726,722,no,2,yes,no
citibike,citibike_202401_50k,32,10004,citibike_202401_50k|cap=32|t=10004,a9eef92bd75ec25f,,10726,722,no,4,yes,no
citibike,citibike_202401_50k,32,10004,citibike_202401_50k|cap=32|t=10004,a9eef92bd75ec25f,,10726,722,no,8,yes,no
citibike,citibike_202401_50k,32,10004,citibike_202401_50k|cap=32|t=10004,a9eef92bd75ec25f,,10726,722,no,16,yes,no
citibike,citibike_202401_50k,32,10004,citibike_202401_50k|cap=32|t=10004,998cca892272941f,,11360,1356,no,1,yes,no
citibike,citibike_202401_50k,32,10004,citibike_202401_50k|cap=32|t=10004,998cca892272941f,,11360,1356,no,2,yes,no
citibike,citibike_202401_50k,32,10004,citibike_202401_50k|cap=32|t=10004,998cca892272941f,,11360,1356,no,4,yes,no
citibike,citibike_202401_50k,32,10004,citibike_202401_50k|cap=32|t=10004,998cca892272941f,,11360,1356,no,8,yes,no
citibike,citibike_202401_50k,32,10004,citibike_202401_50k|cap=32|t=10004,998cca892272941f,,11360,1356,no,16,yes,no
citibike,citibike_202401_50k,32,10004,citibike_202401_50k|cap=32|t=10004,68d1be3144c76871,,11220,1216,no,1,yes,no
citibike,citibike_202401_50k,32,10004,citibike_202401_50k|cap=32|t=10004,68d1be3144c76871,,11220,1216,no,2,yes,no
citibike,citibike_202401_50k,32,10004,citibike_202401_50k|cap=32|t=10004,68d1be3144c76871,,11220,1216,no,4,yes,no
citibike,citibike_202401_50k,32,10004,citibike_202401_50k|cap=32|t=10004,68d1be3144c76871,,11220,1216,no,8,yes,no
citibike,citibike_202401_50k,32,10004,citibike_202401_50k|cap=32|t=10004,68d1be3144c76871,,11220,1216,no,16,yes,no
citibike,citibike_202401_50k,32,10004,citibike_202401_50k|cap=32|t=10004,3eda5aad941afe32,,11230,1226,no,1,yes,no
citibike,citibike_202401_50k,32,10004,citibike_202401_50k|cap=32|t=10004,3eda5aad941afe32,,11230,1226,no,2,yes,no
citibike,citibike_202401_50k,32,10004,citibike_202401_50k|cap=32|t=10004,3eda5aad941afe32,,11230,1226,no,4,yes,no
citibike,citibike_202401_50k,32,10004,citibike_202401_50k|cap=32|t=10004,3eda5aad941afe32,,11230,1226,no,8,yes,no
citibike,citibike_202401_50k,32,10004,citibike_202401_50k|cap=32|t=10004,3eda5aad941afe32,,11230,1226,no,16,yes,no
citibike,citibike_202401_50k,32,10004,citibike_202401_50k|cap=32|t=10004,14369c865bfc5d59,,14022,4018,no,1,yes,no
citibike,citibike_202401_50k,32,10004,citibike_202401_50k|cap=32|t=10004,14369c865bfc5d59,,14022,4018,no,2,yes,no
citibike,citibike_202401_50k,32,10004,citibike_202401_50k|cap=32|t=10004,14369c865bfc5d59,,14022,4018,no,4,yes,no
citibike,citibike_202401_50k,32,10004,citibike_202401_50k|cap=32|t=10004,14369c865bfc5d59,,14022,4018,no,8,yes,no
citibike,citibike_202401_50k,32,10004,citibike_202401_50k|cap=32|t=10004,14369c865bfc5d59,,14022,4018,no,16,yes,no
citibike,citibike_202401_50k,32,10004,citibike_202401_50k|cap=32|t=10004,059f8f07e0afde7a,,11219,1215,no,1,yes,no
citibike,citibike_202401_50k,32,10004,citibike_202401_50k|cap=32|t=10004,059f8f07e0afde7a,,11219,1215,no,2,yes,no
citibike,citibike_202401_50k,32,10004,citibike_202401_50k|cap=32|t=10004,059f8f07e0afde7a,,11219,1215,no,4,yes,no
citibike,citibike_202401_50k,32,10004,citibike_202401_50k|cap=32|t=10004,059f8f07e0afde7a,,11219,1215,no,8,yes,no
citibike,citibike_202401_50k,32,10004,citibike_202401_50k|cap=32|t=10004,059f8f07e0afde7a,,11219,1215,no,16,yes,no
citibike,citibike_202401_50k,32,10004,citibike_202401_50k|cap=32|t=10004,355caef78994ede1,,14025,4021,no,1,yes,no
citibike,citibike_202401_50k,32,10004,citibike_202401_50k|cap=32|t=10004,355caef78994ede1,,14025,4021,no,2,yes,no
citibike,citibike_202401_50k,32,10004,citibike_202401_50k|cap=32|t=10004,355caef78994ede1,,14025,4021,no,4,yes,no
citibike,citibike_202401_50k,32,10004,citibike_202401_50k|cap=32|t=10004,355caef78994ede1,,14025,4021,no,8,yes,no
citibike,citibike_202401_50k,32,10004,citibike_202401_50k|cap=32|t=10004,355caef78994ede1,,14025,4021,no,16,yes,no
citibike,citibike_202401_50k,32,10004,citibike_202401_50k|cap=32|t=10004,9dedd0285c38b664,,11221,1217,no,1,yes,no
citibike,citibike_202401_50k,32,10004,citibike_202401_50k|cap=32|t=10004,9dedd0285c38b664,,11221,1217,no,2,yes,no
citibike,citibike_202401_50k,32,10004,citibike_202401_50k|cap=32|t=10004,9dedd0285c38b664,,11221,1217,no,4,yes,no
citibike,citibike_202401_50k,32,10004,citibike_202401_50k|cap=32|t=10004,9dedd0285c38b664,,11221,1217,no,8,yes,no
citibike,citibike_202401_50k,32,10004,citibike_202401_50k|cap=32|t=10004,9dedd0285c38b664,,11221,1217,no,16,yes,no
citibike,citibike_202401_50k,32,10004,citibike_202401_50k|cap=32|t=10004,328d22e474872453,,14027,4023,no,1,yes,no
citibike,citibike_202401_50k,32,10004,citibike_202401_50k|cap=32|t=10004,328d22e474872453,,14027,4023,no,2,yes,no
citibike,citibike_202401_50k,32,10004,citibike_202401_50k|cap=32|t=10004,328d22e474872453,,14027,4023,no,4,yes,no
citibike,citibike_202401_50k,32,10004,citibike_202401_50k|cap=32|t=10004,328d22e474872453,,14027,4023,no,8,yes,no
citibike,citibike_202401_50k,32,10004,citibike_202401_50k|cap=32|t=10004,328d22e474872453,,14027,4023,no,16,yes,no
citibike,citibike_202401_50k,32,10004,citibike_202401_50k|cap=32|t=10004,56e17cf51a58b1c0,,11227,1223,no,1,yes,no
citibike,citibike_202401_50k,32,10004,citibike_202401_50k|cap=32|t=10004,56e17cf51a58b1c0,,11227,1223,no,2,yes,no
citibike,citibike_202401_50k,32,10004,citibike_202401_50k|cap=32|t=10004,56e17cf51a58b1c0,,11227,1223,no,4,yes,no
citibike,citibike_202401_50k,32,10004,citibike_202401_50k|cap=32|t=10004,56e17cf51a58b1c0,,11227,1223,no,8,yes,no
citibike,citibike_202401_50k,32,10004,citibike_202401_50k|cap=32|t=10004,56e17cf51a58b1c0,,11227,1223,no,16,yes,no
citibike,citibike_202401_50k,32,10004,citibike_202401_50k|cap=32|t=10004,8fa9fd6d5a154153,,11223,1219,no,1,yes,no
citibike,citibike_202401_50k,32,10004,citibike_202401_50k|cap=32|t=10004,8fa9fd6d5a154153,,11223,1219,no,2,yes,no
citibike,citibike_202401_50k,32,10004,citibike_202401_50k|cap=32|t=10004,8fa9fd6d5a154153,,11223,1219,no,4,yes,no
citibike,citibike_202401_50k,32,10004,citibike_202401_50k|cap=32|t=10004,8fa9fd6d5a154153,,11223,1219,no,8,yes,no
citibike,citibike_202401_50k,32,10004,citibike_202401_50k|cap=32|t=10004,8fa9fd6d5a154153,,11223,1219,no,16,yes,no
citibike,citibike_202401_50k,32,10004,citibike_202401_50k|cap=32|t=10004,9e855a95f6a07fec,,12453,2449,no,1,yes,no
citibike,citibike_202401_50k,32,10004,citibike_202401_50k|cap=32|t=10004,9e855a95f6a07fec,,12453,2449,no,2,yes,no
citibike,citibike_202401_50k,32,10004,citibike_202401_50k|cap=32|t=10004,9e855a95f6a07fec,,12453,2449,no,4,yes,no
citibike,citibike_202401_50k,32,10004,citibike_202401_50k|cap=32|t=10004,9e855a95f6a07fec,,12453,2449,no,8,yes,no
citibike,citibike_202401_50k,32,10004,citibike_202401_50k|cap=32|t=10004,9e855a95f6a07fec,,12453,2449,no,16,yes,no
citibike,citibike_202401_50k,32,10004,citibike_202401_50k|cap=32|t=10004,277802c4c38e5638,,10026,22,no,1,yes,no
citibike,citibike_202401_50k,32,10004,citibike_202401_50k|cap=32|t=10004,277802c4c38e5638,,10026,22,no,2,yes,no
citibike,citibike_202401_50k,32,10004,citibike_202401_50k|cap=32|t=10004,277802c4c38e5638,,10026,22,no,4,yes,no
citibike,citibike_202401_50k,32,10004,citibike_202401_50k|cap=32|t=10004,277802c4c38e5638,,10026,22,no,8,yes,no
citibike,citibike_202401_50k,32,10004,citibike_202401_50k|cap=32|t=10004,277802c4c38e5638,,10026,22,no,16,yes,no
citibike,citibike_202401_50k,32,10004,citibike_202401_50k|cap=32|t=10004,f826919346503123,,12489,2485,no,1,yes,no
citibike,citibike_202401_50k,32,10004,citibike_202401_50k|cap=32|t=10004,f826919346503123,,12489,2485,no,2,yes,no
citibike,citibike_202401_50k,32,10004,citibike_202401_50k|cap=32|t=10004,f826919346503123,,12489,2485,no,4,yes,no
citibike,citibike_202401_50k,32,10004,citibike_202401_50k|cap=32|t=10004,f826919346503123,,12489,2485,no,8,yes,no
citibike,citibike_202401_50k,32,10004,citibike_202401_50k|cap=32|t=10004,f826919346503123,,12489,2485,no,16,yes,no
citibike,citibike_202401_50k,32,10004,citibike_202401_50k|cap=32|t=10004,29377ee1ab8ced1f,,10007,3,no,1,yes,no
citibike,citibike_202401_50k,32,10004,citibike_202401_50k|cap=32|t=10004,29377ee1ab8ced1f,,10007,3,no,2,yes,no
citibike,citibike_202401_50k,32,10004,citibike_202401_50k|cap=32|t=10004,29377ee1ab8ced1f,,10007,3,no,4,no,yes
citibike,citibike_202401_50k,32,10004,citibike_202401_50k|cap=32|t=10004,29377ee1ab8ced1f,,10007,3,no,8,no,yes
citibike,citibike_202401_50k,32,10004,citibike_202401_50k|cap=32|t=10004,29377ee1ab8ced1f,,10007,3,no,16,no,yes
citibike,citibike_202401_50k,32,10004,citibike_202401_50k|cap=32|t=10004,0d51ca7ee6399844,,10014,10,no,1,yes,no
citibike,citibike_202401_50k,32,10004,citibike_202401_50k|cap=32|t=10004,0d51ca7ee6399844,,10014,10,no,2,yes,no
citibike,citibike_202401_50k,32,10004,citibike_202401_50k|cap=32|t=10004,0d51ca7ee6399844,,10014,10,no,4,yes,no
citibike,citibike_202401_50k,32,10004,citibike_202401_50k|cap=32|t=10004,0d51ca7ee6399844,,10014,10,no,8,yes,no
citibike,citibike_202401_50k,32,10004,citibike_202401_50k|cap=32|t=10004,0d51ca7ee6399844,,10014,10,no,16,no,yes
citibike,citibike_202401_50k,32,10004,citibike_202401_50k|cap=32|t=10004,3e2e331ac3cc9319,,13072,3068,no,1,yes,no
citibike,citibike_202401_50k,32,10004,citibike_202401_50k|cap=32|t=10004,3e2e331ac3cc9319,,13072,3068,no,2,yes,no
citibike,citibike_202401_50k,32,10004,citibike_202401_50k|cap=32|t=10004,3e2e331ac3cc9319,,13072,3068,no,4,yes,no
citibike,citibike_202401_50k,32,10004,citibike_202401_50k|cap=32|t=10004,3e2e331ac3cc9319,,13072,3068,no,8,yes,no
citibike,citibike_202401_50k,32,10004,citibike_202401_50k|cap=32|t=10004,3e2e331ac3cc9319,,13072,3068,no,16,yes,no
citibike,citibike_202401_50k,32,10004,citibike_202401_50k|cap=32|t=10004,49582b6450836101,,10011,7,no,1,yes,no
citibike,citibike_202401_50k,32,10004,citibike_202401_50k|cap=32|t=10004,49582b6450836101,,10011,7,no,2,yes,no
citibike,citibike_202401_50k,32,10004,citibike_202401_50k|cap=32|t=10004,49582b6450836101,,10011,7,no,4,yes,no
citibike,citibike_202401_50k,32,10004,citibike_202401_50k|cap=32|t=10004,49582b6450836101,,10011,7,no,8,no,yes
citibike,citibike_202401_50k,32,10004,citibike_202401_50k|cap=32|t=10004,49582b6450836101,,10011,7,no,16,no,yes
citibike,citibike_202401_50k,32,10004,citibike_202401_50k|cap=32|t=10004,8ef02024b7c1dcb1,,10021,17,no,1,yes,no
citibike,citibike_202401_50k,32,10004,citibike_202401_50k|cap=32|t=10004,8ef02024b7c1dcb1,,10021,17,no,2,yes,no
citibike,citibike_202401_50k,32,10004,citibike_202401_50k|cap=32|t=10004,8ef02024b7c1dcb1,,10021,17,no,4,yes,no
citibike,citibike_202401_50k,32,10004,citibike_202401_50k|cap=32|t=10004,8ef02024b7c1dcb1,,10021,17,no,8,yes,no
citibike,citibike_202401_50k,32,10004,citibike_202401_50k|cap=32|t=10004,8ef02024b7c1dcb1,,10021,17,no,16,yes,no
citibike,citibike_202401_50k,32,10004,citibike_202401_50k|cap=32|t=10004,d709f09308bc31af,,10033,29,no,1,yes,no
citibike,citibike_202401_50k,32,10004,citibike_202401_50k|cap=32|t=10004,d709f09308bc31af,,10033,29,no,2,yes,no
citibike,citibike_202401_50k,32,10004,citibike_202401_50k|cap=32|t=10004,d709f09308bc31af,,10033,29,no,4,yes,no
citibike,citibike_202401_50k,32,10004,citibike_202401_50k|cap=32|t=10004,d709f09308bc31af,,10033,29,no,8,yes,no
citibike,citibike_202401_50k,32,10004,citibike_202401_50k|cap=32|t=10004,d709f09308bc31af,,10033,29,no,16,yes,no
citibike,citibike_202401_50k,32,10272,citibike_202401_50k|cap=32|t=10272,1458aafd0f928cb7,,,inf,yes,1,yes,no
citibike,citibike_202401_50k,32,10272,citibike_202401_50k|cap=32|t=10272,1458aafd0f928cb7,,,inf,yes,2,yes,no
citibike,citibike_202401_50k,32,10272,citibike_202401_50k|cap=32|t=10272,1458aafd0f928cb7,,,inf,yes,4,yes,no
citibike,citibike_202401_50k,32,10272,citibike_202401_50k|cap=32|t=10272,1458aafd0f928cb7,,,inf,yes,8,yes,no
citibike,citibike_202401_50k,32,10272,citibike_202401_50k|cap=32|t=10272,1458aafd0f928cb7,,,inf,yes,16,yes,no
citibike,citibike_202401_50k,32,10273,citibike_202401_50k|cap=32|t=10273,1458aafd0f928cb7,,,inf,yes,1,yes,no
citibike,citibike_202401_50k,32,10273,citibike_202401_50k|cap=32|t=10273,1458aafd0f928cb7,,,inf,yes,2,yes,no
citibike,citibike_202401_50k,32,10273,citibike_202401_50k|cap=32|t=10273,1458aafd0f928cb7,,,inf,yes,4,yes,no
citibike,citibike_202401_50k,32,10273,citibike_202401_50k|cap=32|t=10273,1458aafd0f928cb7,,,inf,yes,8,yes,no
citibike,citibike_202401_50k,32,10273,citibike_202401_50k|cap=32|t=10273,1458aafd0f928cb7,,,inf,yes,16,yes,no
citibike,citibike_202401_50k,32,10279,citibike_202401_50k|cap=32|t=10279,1458aafd0f928cb7,,,inf,yes,1,yes,no
citibike,citibike_202401_50k,32,10279,citibike_202401_50k|cap=32|t=10279,1458aafd0f928cb7,,,inf,yes,2,yes,no
citibike,citibike_202401_50k,32,10279,citibike_202401_50k|cap=32|t=10279,1458aafd0f928cb7,,,inf,yes,4,yes,no
citibike,citibike_202401_50k,32,10279,citibike_202401_50k|cap=32|t=10279,1458aafd0f928cb7,,,inf,yes,8,yes,no
citibike,citibike_202401_50k,32,10279,citibike_202401_50k|cap=32|t=10279,1458aafd0f928cb7,,,inf,yes,16,yes,no
citibike,citibike_202401_50k,32,10281,citibike_202401_50k|cap=32|t=10281,1458aafd0f928cb7,,,inf,yes,1,yes,no
citibike,citibike_202401_50k,32,10281,citibike_202401_50k|cap=32|t=10281,1458aafd0f928cb7,,,inf,yes,2,yes,no
citibike,citibike_202401_50k,32,10281,citibike_202401_50k|cap=32|t=10281,1458aafd0f928cb7,,,inf,yes,4,yes,no
citibike,citibike_202401_50k,32,10281,citibike_202401_50k|cap=32|t=10281,1458aafd0f928cb7,,,inf,yes,8,yes,no
citibike,citibike_202401_50k,32,10281,citibike_202401_50k|cap=32|t=10281,1458aafd0f928cb7,,,inf,yes,16,yes,no
citibike,citibike_202401_50k,32,10282,citibike_202401_50k|cap=32|t=10282,1458aafd0f928cb7,,,inf,yes,1,yes,no
citibike,citibike_202401_50k,32,10282,citibike_202401_50k|cap=32|t=10282,1458aafd0f928cb7,,,inf,yes,2,yes,no
citibike,citibike_202401_50k,32,10282,citibike_202401_50k|cap=32|t=10282,1458aafd0f928cb7,,,inf,yes,4,yes,no
citibike,citibike_202401_50k,32,10282,citibike_202401_50k|cap=32|t=10282,1458aafd0f928cb7,,,inf,yes,8,yes,no
citibike,citibike_202401_50k,32,10282,citibike_202401_50k|cap=32|t=10282,1458aafd0f928cb7,,,inf,yes,16,yes,no
citibike,citibike_202401_50k,32,10283,citibike_202401_50k|cap=32|t=10283,1458aafd0f928cb7,,,inf,yes,1,yes,no
citibike,citibike_202401_50k,32,10283,citibike_202401_50k|cap=32|t=10283,1458aafd0f928cb7,,,inf,yes,2,yes,no
citibike,citibike_202401_50k,32,10283,citibike_202401_50k|cap=32|t=10283,1458aafd0f928cb7,,,inf,yes,4,yes,no
citibike,citibike_202401_50k,32,10283,citibike_202401_50k|cap=32|t=10283,1458aafd0f928cb7,,,inf,yes,8,yes,no
citibike,citibike_202401_50k,32,10283,citibike_202401_50k|cap=32|t=10283,1458aafd0f928cb7,,,inf,yes,16,yes,no
citibike,citibike_202401_50k,32,10287,citibike_202401_50k|cap=32|t=10287,1458aafd0f928cb7,,,inf,yes,1,yes,no
citibike,citibike_202401_50k,32,10287,citibike_202401_50k|cap=32|t=10287,1458aafd0f928cb7,,,inf,yes,2,yes,no
citibike,citibike_202401_50k,32,10287,citibike_202401_50k|cap=32|t=10287,1458aafd0f928cb7,,,inf,yes,4,yes,no
citibike,citibike_202401_50k,32,10287,citibike_202401_50k|cap=32|t=10287,1458aafd0f928cb7,,,inf,yes,8,yes,no
citibike,citibike_202401_50k,32,10287,citibike_202401_50k|cap=32|t=10287,1458aafd0f928cb7,,,inf,yes,16,yes,no
citibike,citibike_202401_50k,32,10291,citibike_202401_50k|cap=32|t=10291,1458aafd0f928cb7,,,inf,yes,1,yes,no
citibike,citibike_202401_50k,32,10291,citibike_202401_50k|cap=32|t=10291,1458aafd0f928cb7,,,inf,yes,2,yes,no
citibike,citibike_202401_50k,32,10291,citibike_202401_50k|cap=32|t=10291,1458aafd0f928cb7,,,inf,yes,4,yes,no
citibike,citibike_202401_50k,32,10291,citibike_202401_50k|cap=32|t=10291,1458aafd0f928cb7,,,inf,yes,8,yes,no
citibike,citibike_202401_50k,32,10291,citibike_202401_50k|cap=32|t=10291,1458aafd0f928cb7,,,inf,yes,16,yes,no
citibike,citibike_202401_50k,32,10293,citibike_202401_50k|cap=32|t=10293,1458aafd0f928cb7,,,inf,yes,1,yes,no
citibike,citibike_202401_50k,32,10293,citibike_202401_50k|cap=32|t=10293,1458aafd0f928cb7,,,inf,yes,2,yes,no
citibike,citibike_202401_50k,32,10293,citibike_202401_50k|cap=32|t=10293,1458aafd0f928cb7,,,inf,yes,4,yes,no
citibike,citibike_202401_50k,32,10293,citibike_202401_50k|cap=32|t=10293,1458aafd0f928cb7,,,inf,yes,8,yes,no
citibike,citibike_202401_50k,32,10293,citibike_202401_50k|cap=32|t=10293,1458aafd0f928cb7,,,inf,yes,16,yes,no
citibike,citibike_202401_50k,32,10296,citibike_202401_50k|cap=32|t=10296,1458aafd0f928cb7,,,inf,yes,1,yes,no
citibike,citibike_202401_50k,32,10296,citibike_202401_50k|cap=32|t=10296,1458aafd0f928cb7,,,inf,yes,2,yes,no
citibike,citibike_202401_50k,32,10296,citibike_202401_50k|cap=32|t=10296,1458aafd0f928cb7,,,inf,yes,4,yes,no
citibike,citibike_202401_50k,32,10296,citibike_202401_50k|cap=32|t=10296,1458aafd0f928cb7,,,inf,yes,8,yes,no
citibike,citibike_202401_50k,32,10296,citibike_202401_50k|cap=32|t=10296,1458aafd0f928cb7,,,inf,yes,16,yes,no
citibike,citibike_202401_50k,32,10298,citibike_202401_50k|cap=32|t=10298,1458aafd0f928cb7,,,inf,yes,1,yes,no
citibike,citibike_202401_50k,32,10298,citibike_202401_50k|cap=32|t=10298,1458aafd0f928cb7,,,inf,yes,2,yes,no
citibike,citibike_202401_50k,32,10298,citibike_202401_50k|cap=32|t=10298,1458aafd0f928cb7,,,inf,yes,4,yes,no
citibike,citibike_202401_50k,32,10298,citibike_202401_50k|cap=32|t=10298,1458aafd0f928cb7,,,inf,yes,8,yes,no
citibike,citibike_202401_50k,32,10298,citibike_202401_50k|cap=32|t=10298,1458aafd0f928cb7,,,inf,yes,16,yes,no
citibike,citibike_202401_50k,32,10303,citibike_202401_50k|cap=32|t=10303,1458aafd0f928cb7,,,inf,yes,1,yes,no
citibike,citibike_202401_50k,32,10303,citibike_202401_50k|cap=32|t=10303,1458aafd0f928cb7,,,inf,yes,2,yes,no
citibike,citibike_202401_50k,32,10303,citibike_202401_50k|cap=32|t=10303,1458aafd0f928cb7,,,inf,yes,4,yes,no
citibike,citibike_202401_50k,32,10303,citibike_202401_50k|cap=32|t=10303,1458aafd0f928cb7,,,inf,yes,8,yes,no
citibike,citibike_202401_50k,32,10303,citibike_202401_50k|cap=32|t=10303,1458aafd0f928cb7,,,inf,yes,16,yes,no
citibike,citibike_202401_50k,32,10306,citibike_202401_50k|cap=32|t=10306,1458aafd0f928cb7,,,inf,yes,1,yes,no
citibike,citibike_202401_50k,32,10306,citibike_202401_50k|cap=32|t=10306,1458aafd0f928cb7,,,inf,yes,2,yes,no
citibike,citibike_202401_50k,32,10306,citibike_202401_50k|cap=32|t=10306,1458aafd0f928cb7,,,inf,yes,4,yes,no
citibike,citibike_202401_50k,32,10306,citibike_202401_50k|cap=32|t=10306,1458aafd0f928cb7,,,inf,yes,8,yes,no
citibike,citibike_202401_50k,32,10306,citibike_202401_50k|cap=32|t=10306,1458aafd0f928cb7,,,inf,yes,16,yes,no
citibike,citibike_202401_50k,32,10307,citibike_202401_50k|cap=32|t=10307,1458aafd0f928cb7,,,inf,yes,1,yes,no
citibike,citibike_202401_50k,32,10307,citibike_202401_50k|cap=32|t=10307,1458aafd0f928cb7,,,inf,yes,2,yes,no
citibike,citibike_202401_50k,32,10307,citibike_202401_50k|cap=32|t=10307,1458aafd0f928cb7,,,inf,yes,4,yes,no
citibike,citibike_202401_50k,32,10307,citibike_202401_50k|cap=32|t=10307,1458aafd0f928cb7,,,inf,yes,8,yes,no
citibike,citibike_202401_50k,32,10307,citibike_202401_50k|cap=32|t=10307,1458aafd0f928cb7,,,inf,yes,16,yes,no
citibike,citibike_202401_50k,32,10308,citibike_202401_50k|cap=32|t=10308,1458aafd0f928cb7,,,inf,yes,1,yes,no
citibike,citibike_202401_50k,32,10308,citibike_202401_50k|cap=32|t=10308,1458aafd0f928cb7,,,inf,yes,2,yes,no
citibike,citibike_202401_50k,32,10308,citibike_202401_50k|cap=32|t=10308,1458aafd0f928cb7,,,inf,yes,4,yes,no
citibike,citibike_202401_50k,32,10308,citibike_202401_50k|cap=32|t=10308,1458aafd0f928cb7,,,inf,yes,8,yes,no
citibike,citibike_202401_50k,32,10308,citibike_202401_50k|cap=32|t=10308,1458aafd0f928cb7,,,inf,yes,16,yes,no
citibike,citibike_202401_50k,32,10309,citibike_202401_50k|cap=32|t=10309,1458aafd0f928cb7,,,inf,yes,1,yes,no
citibike,citibike_202401_50k,32,10309,citibike_202401_50k|cap=32|t=10309,1458aafd0f928cb7,,,inf,yes,2,yes,no
citibike,citibike_202401_50k,32,10309,citibike_202401_50k|cap=32|t=10309,1458aafd0f928cb7,,,inf,yes,4,yes,no
citibike,citibike_202401_50k,32,10309,citibike_202401_50k|cap=32|t=10309,1458aafd0f928cb7,,,inf,yes,8,yes,no
citibike,citibike_202401_50k,32,10309,citibike_202401_50k|cap=32|t=10309,1458aafd0f928cb7,,,inf,yes,16,yes,no
citibike,citibike_202401_50k,32,10310,citibike_202401_50k|cap=32|t=10310,1458aafd0f928cb7,,,inf,yes,1,yes,no
citibike,citibike_202401_50k,32,10310,citibike_202401_50k|cap=32|t=10310,1458aafd0f928cb7,,,inf,yes,2,yes,no
citibike,citibike_202401_50k,32,10310,citibike_202401_50k|cap=32|t=10310,1458aafd0f928cb7,,,inf,yes,4,yes,no
citibike,citibike_202401_50k,32,10310,citibike_202401_50k|cap=32|t=10310,1458aafd0f928cb7,,,inf,yes,8,yes,no
citibike,citibike_202401_50k,32,10310,citibike_202401_50k|cap=32|t=10310,1458aafd0f928cb7,,,inf,yes,16,yes,no
citibike,citibike_202401_50k,32,10311,citibike_202401_50k|cap=32|t=10311,1458aafd0f928cb7,,,inf,yes,1,yes,no
citibike,citibike_202401_50k,32,10311,citibike_202401_50k|cap=32|t=10311,1458aafd0f928cb7,,,inf,yes,2,yes,no
citibike,citibike_202401_50k,32,10311,citibike_202401_50k|cap=32|t=10311,1458aafd0f928cb7,,,inf,yes,4,yes,no
citibike,citibike_202401_50k,32,10311,citibike_202401_50k|cap=32|t=10311,1458aafd0f928cb7,,,inf,yes,8,yes,no
citibike,citibike_202401_50k,32,10311,citibike_202401_50k|cap=32|t=10311,1458aafd0f928cb7,,,inf,yes,16,yes,no
citibike,citibike_202401_50k,32,10318,citibike_202401_50k|cap=32|t=10318,1458aafd0f928cb7,,,inf,yes,1,yes,no
citibike,citibike_202401_50k,32,10318,citibike_202401_50k|cap=32|t=10318,1458aafd0f928cb7,,,inf,yes,2,yes,no
citibike,citibike_202401_50k,32,10318,citibike_202401_50k|cap=32|t=10318,1458aafd0f928cb7,,,inf,yes,4,yes,no
citibike,citibike_202401_50k,32,10318,citibike_202401_50k|cap=32|t=10318,1458aafd0f928cb7,,,inf,yes,8,yes,no
citibike,citibike_202401_50k,32,10318,citibike_202401_50k|cap=32|t=10318,1458aafd0f928cb7,,,inf,yes,16,yes,no
citibike,citibike_202401_50k,32,10319,citibike_202401_50k|cap=32|t=10319,1458aafd0f928cb7,,,inf,yes,1,yes,no
citibike,citibike_202401_50k,32,10319,citibike_202401_50k|cap=32|t=10319,1458aafd0f928cb7,,,inf,yes,2,yes,no
citibike,citibike_202401_50k,32,10319,citibike_202401_50k|cap=32|t=10319,1458aafd0f928cb7,,,inf,yes,4,yes,no
citibike,citibike_202401_50k,32,10319,citibike_202401_50k|cap=32|t=10319,1458aafd0f928cb7,,,inf,yes,8,yes,no
citibike,citibike_202401_50k,32,10319,citibike_202401_50k|cap=32|t=10319,1458aafd0f928cb7,,,inf,yes,16,yes,no
citibike,citibike_202401_50k,64,10004,citibike_202401_50k|cap=64|t=10004,fa23f9b055a32168,,10311,307,no,1,yes,no
citibike,citibike_202401_50k,64,10004,citibike_202401_50k|cap=64|t=10004,fa23f9b055a32168,,10311,307,no,2,yes,no
citibike,citibike_202401_50k,64,10004,citibike_202401_50k|cap=64|t=10004,fa23f9b055a32168,,10311,307,no,4,yes,no
citibike,citibike_202401_50k,64,10004,citibike_202401_50k|cap=64|t=10004,fa23f9b055a32168,,10311,307,no,8,yes,no
citibike,citibike_202401_50k,64,10004,citibike_202401_50k|cap=64|t=10004,fa23f9b055a32168,,10311,307,no,16,yes,no
citibike,citibike_202401_50k,64,10004,citibike_202401_50k|cap=64|t=10004,1d5bf6293efe276c,,15458,5454,no,1,yes,no
citibike,citibike_202401_50k,64,10004,citibike_202401_50k|cap=64|t=10004,1d5bf6293efe276c,,15458,5454,no,2,yes,no
citibike,citibike_202401_50k,64,10004,citibike_202401_50k|cap=64|t=10004,1d5bf6293efe276c,,15458,5454,no,4,yes,no
citibike,citibike_202401_50k,64,10004,citibike_202401_50k|cap=64|t=10004,1d5bf6293efe276c,,15458,5454,no,8,yes,no
citibike,citibike_202401_50k,64,10004,citibike_202401_50k|cap=64|t=10004,1d5bf6293efe276c,,15458,5454,no,16,yes,no
citibike,citibike_202401_50k,64,10004,citibike_202401_50k|cap=64|t=10004,2c0c0d36fa99410c,,10310,306,no,1,yes,no
citibike,citibike_202401_50k,64,10004,citibike_202401_50k|cap=64|t=10004,2c0c0d36fa99410c,,10310,306,no,2,yes,no
citibike,citibike_202401_50k,64,10004,citibike_202401_50k|cap=64|t=10004,2c0c0d36fa99410c,,10310,306,no,4,yes,no
citibike,citibike_202401_50k,64,10004,citibike_202401_50k|cap=64|t=10004,2c0c0d36fa99410c,,10310,306,no,8,yes,no
citibike,citibike_202401_50k,64,10004,citibike_202401_50k|cap=64|t=10004,2c0c0d36fa99410c,,10310,306,no,16,yes,no
citibike,citibike_202401_50k,64,10004,citibike_202401_50k|cap=64|t=10004,155b9b3309e23fe2,,10319,315,no,1,yes,no
citibike,citibike_202401_50k,64,10004,citibike_202401_50k|cap=64|t=10004,155b9b3309e23fe2,,10319,315,no,2,yes,no
citibike,citibike_202401_50k,64,10004,citibike_202401_50k|cap=64|t=10004,155b9b3309e23fe2,,10319,315,no,4,yes,no
citibike,citibike_202401_50k,64,10004,citibike_202401_50k|cap=64|t=10004,155b9b3309e23fe2,,10319,315,no,8,yes,no
citibike,citibike_202401_50k,64,10004,citibike_202401_50k|cap=64|t=10004,155b9b3309e23fe2,,10319,315,no,16,yes,no
citibike,citibike_202401_50k,64,10004,citibike_202401_50k|cap=64|t=10004,12889f0f93893456,,10798,794,no,1,yes,no
citibike,citibike_202401_50k,64,10004,citibike_202401_50k|cap=64|t=10004,12889f0f93893456,,10798,794,no,2,yes,no
citibike,citibike_202401_50k,64,10004,citibike_202401_50k|cap=64|t=10004,12889f0f93893456,,10798,794,no,4,yes,no
citibike,citibike_202401_50k,64,10004,citibike_202401_50k|cap=64|t=10004,12889f0f93893456,,10798,794,no,8,yes,no
citibike,citibike_202401_50k,64,10004,citibike_202401_50k|cap=64|t=10004,12889f0f93893456,,10798,794,no,16,yes,no
citibike,citibike_202401_50k,64,10004,citibike_202401_50k|cap=64|t=10004,0ef620ea04b556c2,,10791,787,no,1,yes,no
citibike,citibike_202401_50k,64,10004,citibike_202401_50k|cap=64|t=10004,0ef620ea04b556c2,,10791,787,no,2,yes,no
citibike,citibike_202401_50k,64,10004,citibike_202401_50k|cap=64|t=10004,0ef620ea04b556c2,,10791,787,no,4,yes,no
citibike,citibike_202401_50k,64,10004,citibike_202401_50k|cap=64|t=10004,0ef620ea04b556c2,,10791,787,no,8,yes,no
citibike,citibike_202401_50k,64,10004,citibike_202401_50k|cap=64|t=10004,0ef620ea04b556c2,,10791,787,no,16,yes,no
citibike,citibike_202401_50k,64,10004,citibike_202401_50k|cap=64|t=10004,21f18ad52f4d0259,,10784,780,no,1,yes,no
citibike,citibike_202401_50k,64,10004,citibike_202401_50k|cap=64|t=10004,21f18ad52f4d0259,,10784,780,no,2,yes,no
citibike,citibike_202401_50k,64,10004,citibike_202401_50k|cap=64|t=10004,21f18ad52f4d0259,,10784,780,no,4,yes,no
citibike,citibike_202401_50k,64,10004,citibike_202401_50k|cap=64|t=10004,21f18ad52f4d0259,,10784,780,no,8,yes,no
citibike,citibike_202401_50k,64,10004,citibike_202401_50k|cap=64|t=10004,21f18ad52f4d0259,,10784,780,no,16,yes,no
citibike,citibike_202401_50k,64,10004,citibike_202401_50k|cap=64|t=10004,f212eb48766b6e31,,13627,3623,no,1,yes,no
citibike,citibike_202401_50k,64,10004,citibike_202401_50k|cap=64|t=10004,f212eb48766b6e31,,13627,3623,no,2,yes,no
citibike,citibike_202401_50k,64,10004,citibike_202401_50k|cap=64|t=10004,f212eb48766b6e31,,13627,3623,no,4,yes,no
citibike,citibike_202401_50k,64,10004,citibike_202401_50k|cap=64|t=10004,f212eb48766b6e31,,13627,3623,no,8,yes,no
citibike,citibike_202401_50k,64,10004,citibike_202401_50k|cap=64|t=10004,f212eb48766b6e31,,13627,3623,no,16,yes,no
citibike,citibike_202401_50k,64,10004,citibike_202401_50k|cap=64|t=10004,d0ee7e64fa51cb12,,12732,2728,no,1,yes,no
citibike,citibike_202401_50k,64,10004,citibike_202401_50k|cap=64|t=10004,d0ee7e64fa51cb12,,12732,2728,no,2,yes,no
citibike,citibike_202401_50k,64,10004,citibike_202401_50k|cap=64|t=10004,d0ee7e64fa51cb12,,12732,2728,no,4,yes,no
citibike,citibike_202401_50k,64,10004,citibike_202401_50k|cap=64|t=10004,d0ee7e64fa51cb12,,12732,2728,no,8,yes,no
citibike,citibike_202401_50k,64,10004,citibike_202401_50k|cap=64|t=10004,d0ee7e64fa51cb12,,12732,2728,no,16,yes,no
citibike,citibike_202401_50k,64,10004,citibike_202401_50k|cap=64|t=10004,671cfd4ce774033b,,12464,2460,no,1,yes,no
citibike,citibike_202401_50k,64,10004,citibike_202401_50k|cap=64|t=10004,671cfd4ce774033b,,12464,2460,no,2,yes,no
citibike,citibike_202401_50k,64,10004,citibike_202401_50k|cap=64|t=10004,671cfd4ce774033b,,12464,2460,no,4,yes,no
citibike,citibike_202401_50k,64,10004,citibike_202401_50k|cap=64|t=10004,671cfd4ce774033b,,12464,2460,no,8,yes,no
citibike,citibike_202401_50k,64,10004,citibike_202401_50k|cap=64|t=10004,671cfd4ce774033b,,12464,2460,no,16,yes,no
citibike,citibike_202401_50k,64,10004,citibike_202401_50k|cap=64|t=10004,5263114758e1519c,,13681,3677,no,1,yes,no
citibike,citibike_202401_50k,64,10004,citibike_202401_50k|cap=64|t=10004,5263114758e1519c,,13681,3677,no,2,yes,no
citibike,citibike_202401_50k,64,10004,citibike_202401_50k|cap=64|t=10004,5263114758e1519c,,13681,3677,no,4,yes,no
citibike,citibike_202401_50k,64,10004,citibike_202401_50k|cap=64|t=10004,5263114758e1519c,,13681,3677,no,8,yes,no
citibike,citibike_202401_50k,64,10004,citibike_202401_50k|cap=64|t=10004,5263114758e1519c,,13681,3677,no,16,yes,no
citibike,citibike_202401_50k,64,10004,citibike_202401_50k|cap=64|t=10004,13b196e5eef050a6,,13656,3652,no,1,yes,no
citibike,citibike_202401_50k,64,10004,citibike_202401_50k|cap=64|t=10004,13b196e5eef050a6,,13656,3652,no,2,yes,no
citibike,citibike_202401_50k,64,10004,citibike_202401_50k|cap=64|t=10004,13b196e5eef050a6,,13656,3652,no,4,yes,no
citibike,citibike_202401_50k,64,10004,citibike_202401_50k|cap=64|t=10004,13b196e5eef050a6,,13656,3652,no,8,yes,no
citibike,citibike_202401_50k,64,10004,citibike_202401_50k|cap=64|t=10004,13b196e5eef050a6,,13656,3652,no,16,yes,no
citibike,citibike_202401_50k,64,10004,citibike_202401_50k|cap=64|t=10004,bd489929c2ed41c0,,13625,3621,no,1,yes,no
citibike,citibike_202401_50k,64,10004,citibike_202401_50k|cap=64|t=10004,bd489929c2ed41c0,,13625,3621,no,2,yes,no
citibike,citibike_202401_50k,64,10004,citibike_202401_50k|cap=64|t=10004,bd489929c2ed41c0,,13625,3621,no,4,yes,no
citibike,citibike_202401_50k,64,10004,citibike_202401_50k|cap=64|t=10004,bd489929c2ed41c0,,13625,3621,no,8,yes,no
citibike,citibike_202401_50k,64,10004,citibike_202401_50k|cap=64|t=10004,bd489929c2ed41c0,,13625,3621,no,16,yes,no
citibike,citibike_202401_50k,64,10004,citibike_202401_50k|cap=64|t=10004,3c3a229dc162c49a,,12400,2396,no,1,yes,no
citibike,citibike_202401_50k,64,10004,citibike_202401_50k|cap=64|t=10004,3c3a229dc162c49a,,12400,2396,no,2,yes,no
citibike,citibike_202401_50k,64,10004,citibike_202401_50k|cap=64|t=10004,3c3a229dc162c49a,,12400,2396,no,4,yes,no
citibike,citibike_202401_50k,64,10004,citibike_202401_50k|cap=64|t=10004,3c3a229dc162c49a,,12400,2396,no,8,yes,no
citibike,citibike_202401_50k,64,10004,citibike_202401_50k|cap=64|t=10004,3c3a229dc162c49a,,12400,2396,no,16,yes,no
citibike,citibike_202401_50k,64,10004,citibike_202401_50k|cap=64|t=10004,177ad05a618c3290,,12401,2397,no,1,yes,no
citibike,citibike_202401_50k,64,10004,citibike_202401_50k|cap=64|t=10004,177ad05a618c3290,,12401,2397,no,2,yes,no
citibike,citibike_202401_50k,64,10004,citibike_202401_50k|cap=64|t=10004,177ad05a618c3290,,12401,2397,no,4,yes,no
citibike,citibike_202401_50k,64,10004,citibike_202401_50k|cap=64|t=10004,177ad05a618c3290,,12401,2397,no,8,yes,no
citibike,citibike_202401_50k,64,10004,citibike_202401_50k|cap=64|t=10004,177ad05a618c3290,,12401,2397,no,16,yes,no
citibike,citibike_202401_50k,64,10004,citibike_202401_50k|cap=64|t=10004,3e1fe6c2dffc7fa7,,12668,2664,no,1,yes,no
citibike,citibike_202401_50k,64,10004,citibike_202401_50k|cap=64|t=10004,3e1fe6c2dffc7fa7,,12668,2664,no,2,yes,no
citibike,citibike_202401_50k,64,10004,citibike_202401_50k|cap=64|t=10004,3e1fe6c2dffc7fa7,,12668,2664,no,4,yes,no
citibike,citibike_202401_50k,64,10004,citibike_202401_50k|cap=64|t=10004,3e1fe6c2dffc7fa7,,12668,2664,no,8,yes,no
citibike,citibike_202401_50k,64,10004,citibike_202401_50k|cap=64|t=10004,3e1fe6c2dffc7fa7,,12668,2664,no,16,yes,no
citibike,citibike_202401_50k,64,10004,citibike_202401_50k|cap=64|t=10004,56ee6c817b4141bb,,45115,35111,no,1,yes,no
citibike,citibike_202401_50k,64,10004,citibike_202401_50k|cap=64|t=10004,56ee6c817b4141bb,,45115,35111,no,2,yes,no
citibike,citibike_202401_50k,64,10004,citibike_202401_50k|cap=64|t=10004,56ee6c817b4141bb,,45115,35111,no,4,yes,no
citibike,citibike_202401_50k,64,10004,citibike_202401_50k|cap=64|t=10004,56ee6c817b4141bb,,45115,35111,no,8,yes,no
citibike,citibike_202401_50k,64,10004,citibike_202401_50k|cap=64|t=10004,56ee6c817b4141bb,,45115,35111,no,16,yes,no
citibike,citibike_202401_50k,64,10004,citibike_202401_50k|cap=64|t=10004,898d85eea66df494,,12487,2483,no,1,yes,no
citibike,citibike_202401_50k,64,10004,citibike_202401_50k|cap=64|t=10004,898d85eea66df494,,12487,2483,no,2,yes,no
citibike,citibike_202401_50k,64,10004,citibike_202401_50k|cap=64|t=10004,898d85eea66df494,,12487,2483,no,4,yes,no
citibike,citibike_202401_50k,64,10004,citibike_202401_50k|cap=64|t=10004,898d85eea66df494,,12487,2483,no,8,yes,no
citibike,citibike_202401_50k,64,10004,citibike_202401_50k|cap=64|t=10004,898d85eea66df494,,12487,2483,no,16,yes,no
citibike,citibike_202401_50k,64,10004,citibike_202401_50k|cap=64|t=10004,9b06691cd49fbee5,,12731,2727,no,1,yes,no
citibike,citibike_202401_50k,64,10004,citibike_202401_50k|cap=64|t=10004,9b06691cd49fbee5,,12731,2727,no,2,yes,no
citibike,citibike_202401_50k,64,10004,citibike_202401_50k|cap=64|t=10004,9b06691cd49fbee5,,12731,2727,no,4,yes,no
citibike,citibike_202401_50k,64,10004,citibike_202401_50k|cap=64|t=10004,9b06691cd49fbee5,,12731,2727,no,8,yes,no
citibike,citibike_202401_50k,64,10004,citibike_202401_50k|cap=64|t=10004,9b06691cd49fbee5,,12731,2727,no,16,yes,no
citibike,citibike_202401_50k,64,10004,citibike_202401_50k|cap=64|t=10004,3ce515c7eaecbdc6,,12416,2412,no,1,yes,no
citibike,citibike_202401_50k,64,10004,citibike_202401_50k|cap=64|t=10004,3ce515c7eaecbdc6,,12416,2412,no,2,yes,no
citibike,citibike_202401_50k,64,10004,citibike_202401_50k|cap=64|t=10004,3ce515c7eaecbdc6,,12416,2412,no,4,yes,no
citibike,citibike_202401_50k,64,10004,citibike_202401_50k|cap=64|t=10004,3ce515c7eaecbdc6,,12416,2412,no,8,yes,no
citibike,citibike_202401_50k,64,10004,citibike_202401_50k|cap=64|t=10004,3ce515c7eaecbdc6,,12416,2412,no,16,yes,no
citibike,citibike_202401_50k,64,10272,citibike_202401_50k|cap=64|t=10272,1458aafd0f928cb7,,,inf,yes,1,yes,no
citibike,citibike_202401_50k,64,10272,citibike_202401_50k|cap=64|t=10272,1458aafd0f928cb7,,,inf,yes,2,yes,no
citibike,citibike_202401_50k,64,10272,citibike_202401_50k|cap=64|t=10272,1458aafd0f928cb7,,,inf,yes,4,yes,no
citibike,citibike_202401_50k,64,10272,citibike_202401_50k|cap=64|t=10272,1458aafd0f928cb7,,,inf,yes,8,yes,no
citibike,citibike_202401_50k,64,10272,citibike_202401_50k|cap=64|t=10272,1458aafd0f928cb7,,,inf,yes,16,yes,no
citibike,citibike_202401_50k,64,10273,citibike_202401_50k|cap=64|t=10273,1458aafd0f928cb7,,,inf,yes,1,yes,no
citibike,citibike_202401_50k,64,10273,citibike_202401_50k|cap=64|t=10273,1458aafd0f928cb7,,,inf,yes,2,yes,no
citibike,citibike_202401_50k,64,10273,citibike_202401_50k|cap=64|t=10273,1458aafd0f928cb7,,,inf,yes,4,yes,no
citibike,citibike_202401_50k,64,10273,citibike_202401_50k|cap=64|t=10273,1458aafd0f928cb7,,,inf,yes,8,yes,no
citibike,citibike_202401_50k,64,10273,citibike_202401_50k|cap=64|t=10273,1458aafd0f928cb7,,,inf,yes,16,yes,no
citibike,citibike_202401_50k,64,10279,citibike_202401_50k|cap=64|t=10279,1458aafd0f928cb7,,,inf,yes,1,yes,no
citibike,citibike_202401_50k,64,10279,citibike_202401_50k|cap=64|t=10279,1458aafd0f928cb7,,,inf,yes,2,yes,no
citibike,citibike_202401_50k,64,10279,citibike_202401_50k|cap=64|t=10279,1458aafd0f928cb7,,,inf,yes,4,yes,no
citibike,citibike_202401_50k,64,10279,citibike_202401_50k|cap=64|t=10279,1458aafd0f928cb7,,,inf,yes,8,yes,no
citibike,citibike_202401_50k,64,10279,citibike_202401_50k|cap=64|t=10279,1458aafd0f928cb7,,,inf,yes,16,yes,no
citibike,citibike_202401_50k,64,10281,citibike_202401_50k|cap=64|t=10281,1458aafd0f928cb7,,,inf,yes,1,yes,no
citibike,citibike_202401_50k,64,10281,citibike_202401_50k|cap=64|t=10281,1458aafd0f928cb7,,,inf,yes,2,yes,no
citibike,citibike_202401_50k,64,10281,citibike_202401_50k|cap=64|t=10281,1458aafd0f928cb7,,,inf,yes,4,yes,no
citibike,citibike_202401_50k,64,10281,citibike_202401_50k|cap=64|t=10281,1458aafd0f928cb7,,,inf,yes,8,yes,no
citibike,citibike_202401_50k,64,10281,citibike_202401_50k|cap=64|t=10281,1458aafd0f928cb7,,,inf,yes,16,yes,no
citibike,citibike_202401_50k,64,10282,citibike_202401_50k|cap=64|t=10282,1458aafd0f928cb7,,,inf,yes,1,yes,no
citibike,citibike_202401_50k,64,10282,citibike_202401_50k|cap=64|t=10282,1458aafd0f928cb7,,,inf,yes,2,yes,no
citibike,citibike_202401_50k,64,10282,citibike_202401_50k|cap=64|t=10282,1458aafd0f928cb7,,,inf,yes,4,yes,no
citibike,citibike_202401_50k,64,10282,citibike_202401_50k|cap=64|t=10282,1458aafd0f928cb7,,,inf,yes,8,yes,no
citibike,citibike_202401_50k,64,10282,citibike_202401_50k|cap=64|t=10282,1458aafd0f928cb7,,,inf,yes,16,yes,no
citibike,citibike_202401_50k,64,10283,citibike_202401_50k|cap=64|t=10283,1458aafd0f928cb7,,,inf,yes,1,yes,no
citibike,citibike_202401_50k,64,10283,citibike_202401_50k|cap=64|t=10283,1458aafd0f928cb7,,,inf,yes,2,yes,no
citibike,citibike_202401_50k,64,10283,citibike_202401_50k|cap=64|t=10283,1458aafd0f928cb7,,,inf,yes,4,yes,no
citibike,citibike_202401_50k,64,10283,citibike_202401_50k|cap=64|t=10283,1458aafd0f928cb7,,,inf,yes,8,yes,no
citibike,citibike_202401_50k,64,10283,citibike_202401_50k|cap=64|t=10283,1458aafd0f928cb7,,,inf,yes,16,yes,no
citibike,citibike_202401_50k,64,10287,citibike_202401_50k|cap=64|t=10287,1458aafd0f928cb7,,,inf,yes,1,yes,no
citibike,citibike_202401_50k,64,10287,citibike_202401_50k|cap=64|t=10287,1458aafd0f928cb7,,,inf,yes,2,yes,no
citibike,citibike_202401_50k,64,10287,citibike_202401_50k|cap=64|t=10287,1458aafd0f928cb7,,,inf,yes,4,yes,no
citibike,citibike_202401_50k,64,10287,citibike_202401_50k|cap=64|t=10287,1458aafd0f928cb7,,,inf,yes,8,yes,no
citibike,citibike_202401_50k,64,10287,citibike_202401_50k|cap=64|t=10287,1458aafd0f928cb7,,,inf,yes,16,yes,no
citibike,citibike_202401_50k,64,10291,citibike_202401_50k|cap=64|t=10291,1458aafd0f928cb7,,,inf,yes,1,yes,no
citibike,citibike_202401_50k,64,10291,citibike_202401_50k|cap=64|t=10291,1458aafd0f928cb7,,,inf,yes,2,yes,no
citibike,citibike_202401_50k,64,10291,citibike_202401_50k|cap=64|t=10291,1458aafd0f928cb7,,,inf,yes,4,yes,no
citibike,citibike_202401_50k,64,10291,citibike_202401_50k|cap=64|t=10291,1458aafd0f928cb7,,,inf,yes,8,yes,no
citibike,citibike_202401_50k,64,10291,citibike_202401_50k|cap=64|t=10291,1458aafd0f928cb7,,,inf,yes,16,yes,no
citibike,citibike_202401_50k,64,10293,citibike_202401_50k|cap=64|t=10293,1458aafd0f928cb7,,,inf,yes,1,yes,no
citibike,citibike_202401_50k,64,10293,citibike_202401_50k|cap=64|t=10293,1458aafd0f928cb7,,,inf,yes,2,yes,no
citibike,citibike_202401_50k,64,10293,citibike_202401_50k|cap=64|t=10293,1458aafd0f928cb7,,,inf,yes,4,yes,no
citibike,citibike_202401_50k,64,10293,citibike_202401_50k|cap=64|t=10293,1458aafd0f928cb7,,,inf,yes,8,yes,no
citibike,citibike_202401_50k,64,10293,citibike_202401_50k|cap=64|t=10293,1458aafd0f928cb7,,,inf,yes,16,yes,no
citibike,citibike_202401_50k,64,10296,citibike_202401_50k|cap=64|t=10296,1458aafd0f928cb7,,,inf,yes,1,yes,no
citibike,citibike_202401_50k,64,10296,citibike_202401_50k|cap=64|t=10296,1458aafd0f928cb7,,,inf,yes,2,yes,no
citibike,citibike_202401_50k,64,10296,citibike_202401_50k|cap=64|t=10296,1458aafd0f928cb7,,,inf,yes,4,yes,no
citibike,citibike_202401_50k,64,10296,citibike_202401_50k|cap=64|t=10296,1458aafd0f928cb7,,,inf,yes,8,yes,no
citibike,citibike_202401_50k,64,10296,citibike_202401_50k|cap=64|t=10296,1458aafd0f928cb7,,,inf,yes,16,yes,no
citibike,citibike_202401_50k,64,10298,citibike_202401_50k|cap=64|t=10298,1458aafd0f928cb7,,,inf,yes,1,yes,no
citibike,citibike_202401_50k,64,10298,citibike_202401_50k|cap=64|t=10298,1458aafd0f928cb7,,,inf,yes,2,yes,no
citibike,citibike_202401_50k,64,10298,citibike_202401_50k|cap=64|t=10298,1458aafd0f928cb7,,,inf,yes,4,yes,no
citibike,citibike_202401_50k,64,10298,citibike_202401_50k|cap=64|t=10298,1458aafd0f928cb7,,,inf,yes,8,yes,no
citibike,citibike_202401_50k,64,10298,citibike_202401_50k|cap=64|t=10298,1458aafd0f928cb7,,,inf,yes,16,yes,no
citibike,citibike_202401_50k,64,10303,citibike_202401_50k|cap=64|t=10303,1458aafd0f928cb7,,,inf,yes,1,yes,no
citibike,citibike_202401_50k,64,10303,citibike_202401_50k|cap=64|t=10303,1458aafd0f928cb7,,,inf,yes,2,yes,no
citibike,citibike_202401_50k,64,10303,citibike_202401_50k|cap=64|t=10303,1458aafd0f928cb7,,,inf,yes,4,yes,no
citibike,citibike_202401_50k,64,10303,citibike_202401_50k|cap=64|t=10303,1458aafd0f928cb7,,,inf,yes,8,yes,no
citibike,citibike_202401_50k,64,10303,citibike_202401_50k|cap=64|t=10303,1458aafd0f928cb7,,,inf,yes,16,yes,no
citibike,citibike_202401_50k,64,10306,citibike_202401_50k|cap=64|t=10306,1458aafd0f928cb7,,,inf,yes,1,yes,no
citibike,citibike_202401_50k,64,10306,citibike_202401_50k|cap=64|t=10306,1458aafd0f928cb7,,,inf,yes,2,yes,no
citibike,citibike_202401_50k,64,10306,citibike_202401_50k|cap=64|t=10306,1458aafd0f928cb7,,,inf,yes,4,yes,no
citibike,citibike_202401_50k,64,10306,citibike_202401_50k|cap=64|t=10306,1458aafd0f928cb7,,,inf,yes,8,yes,no
citibike,citibike_202401_50k,64,10306,citibike_202401_50k|cap=64|t=10306,1458aafd0f928cb7,,,inf,yes,16,yes,no
citibike,citibike_202401_50k,64,10307,citibike_202401_50k|cap=64|t=10307,1458aafd0f928cb7,,,inf,yes,1,yes,no
citibike,citibike_202401_50k,64,10307,citibike_202401_50k|cap=64|t=10307,1458aafd0f928cb7,,,inf,yes,2,yes,no
citibike,citibike_202401_50k,64,10307,citibike_202401_50k|cap=64|t=10307,1458aafd0f928cb7,,,inf,yes,4,yes,no
citibike,citibike_202401_50k,64,10307,citibike_202401_50k|cap=64|t=10307,1458aafd0f928cb7,,,inf,yes,8,yes,no
citibike,citibike_202401_50k,64,10307,citibike_202401_50k|cap=64|t=10307,1458aafd0f928cb7,,,inf,yes,16,yes,no
citibike,citibike_202401_50k,64,10308,citibike_202401_50k|cap=64|t=10308,1458aafd0f928cb7,,,inf,yes,1,yes,no
citibike,citibike_202401_50k,64,10308,citibike_202401_50k|cap=64|t=10308,1458aafd0f928cb7,,,inf,yes,2,yes,no
citibike,citibike_202401_50k,64,10308,citibike_202401_50k|cap=64|t=10308,1458aafd0f928cb7,,,inf,yes,4,yes,no
citibike,citibike_202401_50k,64,10308,citibike_202401_50k|cap=64|t=10308,1458aafd0f928cb7,,,inf,yes,8,yes,no
citibike,citibike_202401_50k,64,10308,citibike_202401_50k|cap=64|t=10308,1458aafd0f928cb7,,,inf,yes,16,yes,no
citibike,citibike_202401_50k,64,10309,citibike_202401_50k|cap=64|t=10309,1458aafd0f928cb7,,,inf,yes,1,yes,no
citibike,citibike_202401_50k,64,10309,citibike_202401_50k|cap=64|t=10309,1458aafd0f928cb7,,,inf,yes,2,yes,no
citibike,citibike_202401_50k,64,10309,citibike_202401_50k|cap=64|t=10309,1458aafd0f928cb7,,,inf,yes,4,yes,no
citibike,citibike_202401_50k,64,10309,citibike_202401_50k|cap=64|t=10309,1458aafd0f928cb7,,,inf,yes,8,yes,no
citibike,citibike_202401_50k,64,10309,citibike_202401_50k|cap=64|t=10309,1458aafd0f928cb7,,,inf,yes,16,yes,no
citibike,citibike_202401_50k,64,10310,citibike_202401_50k|cap=64|t=10310,1458aafd0f928cb7,,,inf,yes,1,yes,no
citibike,citibike_202401_50k,64,10310,citibike_202401_50k|cap=64|t=10310,1458aafd0f928cb7,,,inf,yes,2,yes,no
citibike,citibike_202401_50k,64,10310,citibike_202401_50k|cap=64|t=10310,1458aafd0f928cb7,,,inf,yes,4,yes,no
citibike,citibike_202401_50k,64,10310,citibike_202401_50k|cap=64|t=10310,1458aafd0f928cb7,,,inf,yes,8,yes,no
citibike,citibike_202401_50k,64,10310,citibike_202401_50k|cap=64|t=10310,1458aafd0f928cb7,,,inf,yes,16,yes,no
citibike,citibike_202401_50k,64,10311,citibike_202401_50k|cap=64|t=10311,1458aafd0f928cb7,,,inf,yes,1,yes,no
citibike,citibike_202401_50k,64,10311,citibike_202401_50k|cap=64|t=10311,1458aafd0f928cb7,,,inf,yes,2,yes,no
citibike,citibike_202401_50k,64,10311,citibike_202401_50k|cap=64|t=10311,1458aafd0f928cb7,,,inf,yes,4,yes,no
citibike,citibike_202401_50k,64,10311,citibike_202401_50k|cap=64|t=10311,1458aafd0f928cb7,,,inf,yes,8,yes,no
citibike,citibike_202401_50k,64,10311,citibike_202401_50k|cap=64|t=10311,1458aafd0f928cb7,,,inf,yes,16,yes,no
citibike,citibike_202401_50k,64,10318,citibike_202401_50k|cap=64|t=10318,1458aafd0f928cb7,,,inf,yes,1,yes,no
citibike,citibike_202401_50k,64,10318,citibike_202401_50k|cap=64|t=10318,1458aafd0f928cb7,,,inf,yes,2,yes,no
citibike,citibike_202401_50k,64,10318,citibike_202401_50k|cap=64|t=10318,1458aafd0f928cb7,,,inf,yes,4,yes,no
citibike,citibike_202401_50k,64,10318,citibike_202401_50k|cap=64|t=10318,1458aafd0f928cb7,,,inf,yes,8,yes,no
citibike,citibike_202401_50k,64,10318,citibike_202401_50k|cap=64|t=10318,1458aafd0f928cb7,,,inf,yes,16,yes,no
citibike,citibike_202401_50k,64,10319,citibike_202401_50k|cap=64|t=10319,1458aafd0f928cb7,,,inf,yes,1,yes,no
citibike,citibike_202401_50k,64,10319,citibike_202401_50k|cap=64|t=10319,1458aafd0f928cb7,,,inf,yes,2,yes,no
citibike,citibike_202401_50k,64,10319,citibike_202401_50k|cap=64|t=10319,1458aafd0f928cb7,,,inf,yes,4,yes,no
citibike,citibike_202401_50k,64,10319,citibike_202401_50k|cap=64|t=10319,1458aafd0f928cb7,,,inf,yes,8,yes,no
citibike,citibike_202401_50k,64,10319,citibike_202401_50k|cap=64|t=10319,1458aafd0f928cb7,,,inf,yes,16,yes,no
citibike,citibike_202401_50k,128,10051,citibike_202401_50k|cap=128|t=10051,0eeae1dd8bc8e3ff,,15226,5175,no,1,yes,no
citibike,citibike_202401_50k,128,10051,citibike_202401_50k|cap=128|t=10051,0eeae1dd8bc8e3ff,,15226,5175,no,2,yes,no
citibike,citibike_202401_50k,128,10051,citibike_202401_50k|cap=128|t=10051,0eeae1dd8bc8e3ff,,15226,5175,no,4,yes,no
citibike,citibike_202401_50k,128,10051,citibike_202401_50k|cap=128|t=10051,0eeae1dd8bc8e3ff,,15226,5175,no,8,yes,no
citibike,citibike_202401_50k,128,10051,citibike_202401_50k|cap=128|t=10051,0eeae1dd8bc8e3ff,,15226,5175,no,16,yes,no
citibike,citibike_202401_50k,128,10051,citibike_202401_50k|cap=128|t=10051,aa2077b1919d5e5d,,15237,5186,no,1,yes,no
citibike,citibike_202401_50k,128,10051,citibike_202401_50k|cap=128|t=10051,aa2077b1919d5e5d,,15237,5186,no,2,yes,no
citibike,citibike_202401_50k,128,10051,citibike_202401_50k|cap=128|t=10051,aa2077b1919d5e5d,,15237,5186,no,4,yes,no
citibike,citibike_202401_50k,128,10051,citibike_202401_50k|cap=128|t=10051,aa2077b1919d5e5d,,15237,5186,no,8,yes,no
citibike,citibike_202401_50k,128,10051,citibike_202401_50k|cap=128|t=10051,aa2077b1919d5e5d,,15237,5186,no,16,yes,no
citibike,citibike_202401_50k,128,10051,citibike_202401_50k|cap=128|t=10051,c186198b729157d6,,15223,5172,no,1,yes,no
citibike,citibike_202401_50k,128,10051,citibike_202401_50k|cap=128|t=10051,c186198b729157d6,,15223,5172,no,2,yes,no
citibike,citibike_202401_50k,128,10051,citibike_202401_50k|cap=128|t=10051,c186198b729157d6,,15223,5172,no,4,yes,no
citibike,citibike_202401_50k,128,10051,citibike_202401_50k|cap=128|t=10051,c186198b729157d6,,15223,5172,no,8,yes,no
citibike,citibike_202401_50k,128,10051,citibike_202401_50k|cap=128|t=10051,c186198b729157d6,,15223,5172,no,16,yes,no
citibike,citibike_202401_50k,128,10051,citibike_202401_50k|cap=128|t=10051,e49c4baf9dc4e2fb,,16183,6132,no,1,yes,no
citibike,citibike_202401_50k,128,10051,citibike_202401_50k|cap=128|t=10051,e49c4baf9dc4e2fb,,16183,6132,no,2,yes,no
citibike,citibike_202401_50k,128,10051,citibike_202401_50k|cap=128|t=10051,e49c4baf9dc4e2fb,,16183,6132,no,4,yes,no
citibike,citibike_202401_50k,128,10051,citibike_202401_50k|cap=128|t=10051,e49c4baf9dc4e2fb,,16183,6132,no,8,yes,no
citibike,citibike_202401_50k,128,10051,citibike_202401_50k|cap=128|t=10051,e49c4baf9dc4e2fb,,16183,6132,no,16,yes,no
citibike,citibike_202401_50k,128,10051,citibike_202401_50k|cap=128|t=10051,ea602b7de6c9555d,,15239,5188,no,1,yes,no
citibike,citibike_202401_50k,128,10051,citibike_202401_50k|cap=128|t=10051,ea602b7de6c9555d,,15239,5188,no,2,yes,no
citibike,citibike_202401_50k,128,10051,citibike_202401_50k|cap=128|t=10051,ea602b7de6c9555d,,15239,5188,no,4,yes,no
citibike,citibike_202401_50k,128,10051,citibike_202401_50k|cap=128|t=10051,ea602b7de6c9555d,,15239,5188,no,8,yes,no
citibike,citibike_202401_50k,128,10051,citibike_202401_50k|cap=128|t=10051,ea602b7de6c9555d,,15239,5188,no,16,yes,no
citibike,citibike_202401_50k,128,10051,citibike_202401_50k|cap=128|t=10051,07ea708e3bd2e651,,16158,6107,no,1,yes,no
citibike,citibike_202401_50k,128,10051,citibike_202401_50k|cap=128|t=10051,07ea708e3bd2e651,,16158,6107,no,2,yes,no
citibike,citibike_202401_50k,128,10051,citibike_202401_50k|cap=128|t=10051,07ea708e3bd2e651,,16158,6107,no,4,yes,no
citibike,citibike_202401_50k,128,10051,citibike_202401_50k|cap=128|t=10051,07ea708e3bd2e651,,16158,6107,no,8,yes,no
citibike,citibike_202401_50k,128,10051,citibike_202401_50k|cap=128|t=10051,07ea708e3bd2e651,,16158,6107,no,16,yes,no
citibike,citibike_202401_50k,128,10051,citibike_202401_50k|cap=128|t=10051,4390db298431c2f0,,11305,1254,no,1,yes,no
citibike,citibike_202401_50k,128,10051,citibike_202401_50k|cap=128|t=10051,4390db298431c2f0,,11305,1254,no,2,yes,no
citibike,citibike_202401_50k,128,10051,citibike_202401_50k|cap=128|t=10051,4390db298431c2f0,,11305,1254,no,4,yes,no
citibike,citibike_202401_50k,128,10051,citibike_202401_50k|cap=128|t=10051,4390db298431c2f0,,11305,1254,no,8,yes,no
citibike,citibike_202401_50k,128,10051,citibike_202401_50k|cap=128|t=10051,4390db298431c2f0,,11305,1254,no,16,yes,no
citibike,citibike_202401_50k,128,10051,citibike_202401_50k|cap=128|t=10051,3bacae92a8845f31,,19693,9642,no,1,yes,no
citibike,citibike_202401_50k,128,10051,citibike_202401_50k|cap=128|t=10051,3bacae92a8845f31,,19693,9642,no,2,yes,no
citibike,citibike_202401_50k,128,10051,citibike_202401_50k|cap=128|t=10051,3bacae92a8845f31,,19693,9642,no,4,yes,no
citibike,citibike_202401_50k,128,10051,citibike_202401_50k|cap=128|t=10051,3bacae92a8845f31,,19693,9642,no,8,yes,no
citibike,citibike_202401_50k,128,10051,citibike_202401_50k|cap=128|t=10051,3bacae92a8845f31,,19693,9642,no,16,yes,no
citibike,citibike_202401_50k,128,10051,citibike_202401_50k|cap=128|t=10051,93aa558bb6e1e293,,12115,2064,no,1,yes,no
citibike,citibike_202401_50k,128,10051,citibike_202401_50k|cap=128|t=10051,93aa558bb6e1e293,,12115,2064,no,2,yes,no
citibike,citibike_202401_50k,128,10051,citibike_202401_50k|cap=128|t=10051,93aa558bb6e1e293,,12115,2064,no,4,yes,no
citibike,citibike_202401_50k,128,10051,citibike_202401_50k|cap=128|t=10051,93aa558bb6e1e293,,12115,2064,no,8,yes,no
citibike,citibike_202401_50k,128,10051,citibike_202401_50k|cap=128|t=10051,93aa558bb6e1e293,,12115,2064,no,16,yes,no
citibike,citibike_202401_50k,128,10051,citibike_202401_50k|cap=128|t=10051,4dcb5a4483bdac31,,15820,5769,no,1,yes,no
citibike,citibike_202401_50k,128,10051,citibike_202401_50k|cap=128|t=10051,4dcb5a4483bdac31,,15820,5769,no,2,yes,no
citibike,citibike_202401_50k,128,10051,citibike_202401_50k|cap=128|t=10051,4dcb5a4483bdac31,,15820,5769,no,4,yes,no
citibike,citibike_202401_50k,128,10051,citibike_202401_50k|cap=128|t=10051,4dcb5a4483bdac31,,15820,5769,no,8,yes,no
citibike,citibike_202401_50k,128,10051,citibike_202401_50k|cap=128|t=10051,4dcb5a4483bdac31,,15820,5769,no,16,yes,no
citibike,citibike_202401_50k,128,10051,citibike_202401_50k|cap=128|t=10051,a7086351dc32407f,,19671,9620,no,1,yes,no
citibike,citibike_202401_50k,128,10051,citibike_202401_50k|cap=128|t=10051,a7086351dc32407f,,19671,9620,no,2,yes,no
citibike,citibike_202401_50k,128,10051,citibike_202401_50k|cap=128|t=10051,a7086351dc32407f,,19671,9620,no,4,yes,no
citibike,citibike_202401_50k,128,10051,citibike_202401_50k|cap=128|t=10051,a7086351dc32407f,,19671,9620,no,8,yes,no
citibike,citibike_202401_50k,128,10051,citibike_202401_50k|cap=128|t=10051,a7086351dc32407f,,19671,9620,no,16,yes,no
citibike,citibike_202401_50k,128,10051,citibike_202401_50k|cap=128|t=10051,8c85a208bbafef8c,,22467,12416,no,1,yes,no
citibike,citibike_202401_50k,128,10051,citibike_202401_50k|cap=128|t=10051,8c85a208bbafef8c,,22467,12416,no,2,yes,no
citibike,citibike_202401_50k,128,10051,citibike_202401_50k|cap=128|t=10051,8c85a208bbafef8c,,22467,12416,no,4,yes,no
citibike,citibike_202401_50k,128,10051,citibike_202401_50k|cap=128|t=10051,8c85a208bbafef8c,,22467,12416,no,8,yes,no
citibike,citibike_202401_50k,128,10051,citibike_202401_50k|cap=128|t=10051,8c85a208bbafef8c,,22467,12416,no,16,yes,no
citibike,citibike_202401_50k,128,10051,citibike_202401_50k|cap=128|t=10051,4d5d726fd693caac,,12118,2067,no,1,yes,no
citibike,citibike_202401_50k,128,10051,citibike_202401_50k|cap=128|t=10051,4d5d726fd693caac,,12118,2067,no,2,yes,no
citibike,citibike_202401_50k,128,10051,citibike_202401_50k|cap=128|t=10051,4d5d726fd693caac,,12118,2067,no,4,yes,no
citibike,citibike_202401_50k,128,10051,citibike_202401_50k|cap=128|t=10051,4d5d726fd693caac,,12118,2067,no,8,yes,no
citibike,citibike_202401_50k,128,10051,citibike_202401_50k|cap=128|t=10051,4d5d726fd693caac,,12118,2067,no,16,yes,no
citibike,citibike_202401_50k,128,10051,citibike_202401_50k|cap=128|t=10051,1bb2b9f3f69777d2,,11306,1255,no,1,yes,no
citibike,citibike_202401_50k,128,10051,citibike_202401_50k|cap=128|t=10051,1bb2b9f3f69777d2,,11306,1255,no,2,yes,no
citibike,citibike_202401_50k,128,10051,citibike_202401_50k|cap=128|t=10051,1bb2b9f3f69777d2,,11306,1255,no,4,yes,no
citibike,citibike_202401_50k,128,10051,citibike_202401_50k|cap=128|t=10051,1bb2b9f3f69777d2,,11306,1255,no,8,yes,no
citibike,citibike_202401_50k,128,10051,citibike_202401_50k|cap=128|t=10051,1bb2b9f3f69777d2,,11306,1255,no,16,yes,no
citibike,citibike_202401_50k,128,10051,citibike_202401_50k|cap=128|t=10051,ed540ba6d83e5d3b,,11304,1253,no,1,yes,no
citibike,citibike_202401_50k,128,10051,citibike_202401_50k|cap=128|t=10051,ed540ba6d83e5d3b,,11304,1253,no,2,yes,no
citibike,citibike_202401_50k,128,10051,citibike_202401_50k|cap=128|t=10051,ed540ba6d83e5d3b,,11304,1253,no,4,yes,no
citibike,citibike_202401_50k,128,10051,citibike_202401_50k|cap=128|t=10051,ed540ba6d83e5d3b,,11304,1253,no,8,yes,no
citibike,citibike_202401_50k,128,10051,citibike_202401_50k|cap=128|t=10051,ed540ba6d83e5d3b,,11304,1253,no,16,yes,no
citibike,citibike_202401_50k,128,10051,citibike_202401_50k|cap=128|t=10051,b6d514bbbf61c7fb,,19683,9632,no,1,yes,no
citibike,citibike_202401_50k,128,10051,citibike_202401_50k|cap=128|t=10051,b6d514bbbf61c7fb,,19683,9632,no,2,yes,no
citibike,citibike_202401_50k,128,10051,citibike_202401_50k|cap=128|t=10051,b6d514bbbf61c7fb,,19683,9632,no,4,yes,no
citibike,citibike_202401_50k,128,10051,citibike_202401_50k|cap=128|t=10051,b6d514bbbf61c7fb,,19683,9632,no,8,yes,no
citibike,citibike_202401_50k,128,10051,citibike_202401_50k|cap=128|t=10051,b6d514bbbf61c7fb,,19683,9632,no,16,yes,no
citibike,citibike_202401_50k,128,10051,citibike_202401_50k|cap=128|t=10051,0bb9950b1d318607,,19697,9646,no,1,yes,no
citibike,citibike_202401_50k,128,10051,citibike_202401_50k|cap=128|t=10051,0bb9950b1d318607,,19697,9646,no,2,yes,no
citibike,citibike_202401_50k,128,10051,citibike_202401_50k|cap=128|t=10051,0bb9950b1d318607,,19697,9646,no,4,yes,no
citibike,citibike_202401_50k,128,10051,citibike_202401_50k|cap=128|t=10051,0bb9950b1d318607,,19697,9646,no,8,yes,no
citibike,citibike_202401_50k,128,10051,citibike_202401_50k|cap=128|t=10051,0bb9950b1d318607,,19697,9646,no,16,yes,no
citibike,citibike_202401_50k,128,10051,citibike_202401_50k|cap=128|t=10051,999f5d2e2a0b55bf,,12117,2066,no,1,yes,no
citibike,citibike_202401_50k,128,10051,citibike_202401_50k|cap=128|t=10051,999f5d2e2a0b55bf,,12117,2066,no,2,yes,no
citibike,citibike_202401_50k,128,10051,citibike_202401_50k|cap=128|t=10051,999f5d2e2a0b55bf,,12117,2066,no,4,yes,no
citibike,citibike_202401_50k,128,10051,citibike_202401_50k|cap=128|t=10051,999f5d2e2a0b55bf,,12117,2066,no,8,yes,no
citibike,citibike_202401_50k,128,10051,citibike_202401_50k|cap=128|t=10051,999f5d2e2a0b55bf,,12117,2066,no,16,yes,no
citibike,citibike_202401_50k,128,10051,citibike_202401_50k|cap=128|t=10051,439ae68b3bea09ed,,19753,9702,no,1,yes,no
citibike,citibike_202401_50k,128,10051,citibike_202401_50k|cap=128|t=10051,439ae68b3bea09ed,,19753,9702,no,2,yes,no
citibike,citibike_202401_50k,128,10051,citibike_202401_50k|cap=128|t=10051,439ae68b3bea09ed,,19753,9702,no,4,yes,no
citibike,citibike_202401_50k,128,10051,citibike_202401_50k|cap=128|t=10051,439ae68b3bea09ed,,19753,9702,no,8,yes,no
citibike,citibike_202401_50k,128,10051,citibike_202401_50k|cap=128|t=10051,439ae68b3bea09ed,,19753,9702,no,16,yes,no
citibike,citibike_202401_50k,128,10051,citibike_202401_50k|cap=128|t=10051,386839d91a5f668b,,15819,5768,no,1,yes,no
citibike,citibike_202401_50k,128,10051,citibike_202401_50k|cap=128|t=10051,386839d91a5f668b,,15819,5768,no,2,yes,no
citibike,citibike_202401_50k,128,10051,citibike_202401_50k|cap=128|t=10051,386839d91a5f668b,,15819,5768,no,4,yes,no
citibike,citibike_202401_50k,128,10051,citibike_202401_50k|cap=128|t=10051,386839d91a5f668b,,15819,5768,no,8,yes,no
citibike,citibike_202401_50k,128,10051,citibike_202401_50k|cap=128|t=10051,386839d91a5f668b,,15819,5768,no,16,yes,no
citibike,citibike_202401_50k,128,10051,citibike_202401_50k|cap=128|t=10051,49a4a380d1ebe88f,,,inf,yes,1,yes,no
citibike,citibike_202401_50k,128,10051,citibike_202401_50k|cap=128|t=10051,49a4a380d1ebe88f,,,inf,yes,2,yes,no
citibike,citibike_202401_50k,128,10051,citibike_202401_50k|cap=128|t=10051,49a4a380d1ebe88f,,,inf,yes,4,yes,no
citibike,citibike_202401_50k,128,10051,citibike_202401_50k|cap=128|t=10051,49a4a380d1ebe88f,,,inf,yes,8,yes,no
citibike,citibike_202401_50k,128,10051,citibike_202401_50k|cap=128|t=10051,49a4a380d1ebe88f,,,inf,yes,16,yes,no
citibike,citibike_202401_50k,128,10052,citibike_202401_50k|cap=128|t=10052,49a4a380d1ebe88f,,,inf,yes,1,yes,no
citibike,citibike_202401_50k,128,10052,citibike_202401_50k|cap=128|t=10052,49a4a380d1ebe88f,,,inf,yes,2,yes,no
citibike,citibike_202401_50k,128,10052,citibike_202401_50k|cap=128|t=10052,49a4a380d1ebe88f,,,inf,yes,4,yes,no
citibike,citibike_202401_50k,128,10052,citibike_202401_50k|cap=128|t=10052,49a4a380d1ebe88f,,,inf,yes,8,yes,no
citibike,citibike_202401_50k,128,10052,citibike_202401_50k|cap=128|t=10052,49a4a380d1ebe88f,,,inf,yes,16,yes,no
citibike,citibike_202401_50k,128,10054,citibike_202401_50k|cap=128|t=10054,49a4a380d1ebe88f,,,inf,yes,1,yes,no
citibike,citibike_202401_50k,128,10054,citibike_202401_50k|cap=128|t=10054,49a4a380d1ebe88f,,,inf,yes,2,yes,no
citibike,citibike_202401_50k,128,10054,citibike_202401_50k|cap=128|t=10054,49a4a380d1ebe88f,,,inf,yes,4,yes,no
citibike,citibike_202401_50k,128,10054,citibike_202401_50k|cap=128|t=10054,49a4a380d1ebe88f,,,inf,yes,8,yes,no
citibike,citibike_202401_50k,128,10054,citibike_202401_50k|cap=128|t=10054,49a4a380d1ebe88f,,,inf,yes,16,yes,no
citibike,citibike_202401_50k,128,10055,citibike_202401_50k|cap=128|t=10055,49a4a380d1ebe88f,,,inf,yes,1,yes,no
citibike,citibike_202401_50k,128,10055,citibike_202401_50k|cap=128|t=10055,49a4a380d1ebe88f,,,inf,yes,2,yes,no
citibike,citibike_202401_50k,128,10055,citibike_202401_50k|cap=128|t=10055,49a4a380d1ebe88f,,,inf,yes,4,yes,no
citibike,citibike_202401_50k,128,10055,citibike_202401_50k|cap=128|t=10055,49a4a380d1ebe88f,,,inf,yes,8,yes,no
citibike,citibike_202401_50k,128,10055,citibike_202401_50k|cap=128|t=10055,49a4a380d1ebe88f,,,inf,yes,16,yes,no
citibike,citibike_202401_50k,128,10056,citibike_202401_50k|cap=128|t=10056,49a4a380d1ebe88f,,,inf,yes,1,yes,no
citibike,citibike_202401_50k,128,10056,citibike_202401_50k|cap=128|t=10056,49a4a380d1ebe88f,,,inf,yes,2,yes,no
citibike,citibike_202401_50k,128,10056,citibike_202401_50k|cap=128|t=10056,49a4a380d1ebe88f,,,inf,yes,4,yes,no
citibike,citibike_202401_50k,128,10056,citibike_202401_50k|cap=128|t=10056,49a4a380d1ebe88f,,,inf,yes,8,yes,no
citibike,citibike_202401_50k,128,10056,citibike_202401_50k|cap=128|t=10056,49a4a380d1ebe88f,,,inf,yes,16,yes,no
citibike,citibike_202401_50k,128,10057,citibike_202401_50k|cap=128|t=10057,49a4a380d1ebe88f,,,inf,yes,1,yes,no
citibike,citibike_202401_50k,128,10057,citibike_202401_50k|cap=128|t=10057,49a4a380d1ebe88f,,,inf,yes,2,yes,no
citibike,citibike_202401_50k,128,10057,citibike_202401_50k|cap=128|t=10057,49a4a380d1ebe88f,,,inf,yes,4,yes,no
citibike,citibike_202401_50k,128,10057,citibike_202401_50k|cap=128|t=10057,49a4a380d1ebe88f,,,inf,yes,8,yes,no
citibike,citibike_202401_50k,128,10057,citibike_202401_50k|cap=128|t=10057,49a4a380d1ebe88f,,,inf,yes,16,yes,no
citibike,citibike_202401_50k,128,10058,citibike_202401_50k|cap=128|t=10058,49a4a380d1ebe88f,,,inf,yes,1,yes,no
citibike,citibike_202401_50k,128,10058,citibike_202401_50k|cap=128|t=10058,49a4a380d1ebe88f,,,inf,yes,2,yes,no
citibike,citibike_202401_50k,128,10058,citibike_202401_50k|cap=128|t=10058,49a4a380d1ebe88f,,,inf,yes,4,yes,no
citibike,citibike_202401_50k,128,10058,citibike_202401_50k|cap=128|t=10058,49a4a380d1ebe88f,,,inf,yes,8,yes,no
citibike,citibike_202401_50k,128,10058,citibike_202401_50k|cap=128|t=10058,49a4a380d1ebe88f,,,inf,yes,16,yes,no
citibike,citibike_202401_50k,128,10061,citibike_202401_50k|cap=128|t=10061,49a4a380d1ebe88f,,,inf,yes,1,yes,no
citibike,citibike_202401_50k,128,10061,citibike_202401_50k|cap=128|t=10061,49a4a380d1ebe88f,,,inf,yes,2,yes,no
citibike,citibike_202401_50k,128,10061,citibike_202401_50k|cap=128|t=10061,49a4a380d1ebe88f,,,inf,yes,4,yes,no
citibike,citibike_202401_50k,128,10061,citibike_202401_50k|cap=128|t=10061,49a4a380d1ebe88f,,,inf,yes,8,yes,no
citibike,citibike_202401_50k,128,10061,citibike_202401_50k|cap=128|t=10061,49a4a380d1ebe88f,,,inf,yes,16,yes,no
citibike,citibike_202401_50k,128,10067,citibike_202401_50k|cap=128|t=10067,49a4a380d1ebe88f,,,inf,yes,1,yes,no
citibike,citibike_202401_50k,128,10067,citibike_202401_50k|cap=128|t=10067,49a4a380d1ebe88f,,,inf,yes,2,yes,no
citibike,citibike_202401_50k,128,10067,citibike_202401_50k|cap=128|t=10067,49a4a380d1ebe88f,,,inf,yes,4,yes,no
citibike,citibike_202401_50k,128,10067,citibike_202401_50k|cap=128|t=10067,49a4a380d1ebe88f,,,inf,yes,8,yes,no
citibike,citibike_202401_50k,128,10067,citibike_202401_50k|cap=128|t=10067,49a4a380d1ebe88f,,,inf,yes,16,yes,no
citibike,citibike_202401_50k,128,10068,citibike_202401_50k|cap=128|t=10068,49a4a380d1ebe88f,,,inf,yes,1,yes,no
citibike,citibike_202401_50k,128,10068,citibike_202401_50k|cap=128|t=10068,49a4a380d1ebe88f,,,inf,yes,2,yes,no
citibike,citibike_202401_50k,128,10068,citibike_202401_50k|cap=128|t=10068,49a4a380d1ebe88f,,,inf,yes,4,yes,no
citibike,citibike_202401_50k,128,10068,citibike_202401_50k|cap=128|t=10068,49a4a380d1ebe88f,,,inf,yes,8,yes,no
citibike,citibike_202401_50k,128,10068,citibike_202401_50k|cap=128|t=10068,49a4a380d1ebe88f,,,inf,yes,16,yes,no
citibike,citibike_202401_50k,128,10072,citibike_202401_50k|cap=128|t=10072,49a4a380d1ebe88f,,,inf,yes,1,yes,no
citibike,citibike_202401_50k,128,10072,citibike_202401_50k|cap=128|t=10072,49a4a380d1ebe88f,,,inf,yes,2,yes,no
citibike,citibike_202401_50k,128,10072,citibike_202401_50k|cap=128|t=10072,49a4a380d1ebe88f,,,inf,yes,4,yes,no
citibike,citibike_202401_50k,128,10072,citibike_202401_50k|cap=128|t=10072,49a4a380d1ebe88f,,,inf,yes,8,yes,no
citibike,citibike_202401_50k,128,10072,citibike_202401_50k|cap=128|t=10072,49a4a380d1ebe88f,,,inf,yes,16,yes,no
citibike,citibike_202401_50k,128,10073,citibike_202401_50k|cap=128|t=10073,49a4a380d1ebe88f,,,inf,yes,1,yes,no
citibike,citibike_202401_50k,128,10073,citibike_202401_50k|cap=128|t=10073,49a4a380d1ebe88f,,,inf,yes,2,yes,no
citibike,citibike_202401_50k,128,10073,citibike_202401_50k|cap=128|t=10073,49a4a380d1ebe88f,,,inf,yes,4,yes,no
citibike,citibike_202401_50k,128,10073,citibike_202401_50k|cap=128|t=10073,49a4a380d1ebe88f,,,inf,yes,8,yes,no
citibike,citibike_202401_50k,128,10073,citibike_202401_50k|cap=128|t=10073,49a4a380d1ebe88f,,,inf,yes,16,yes,no
citibike,citibike_202401_50k,128,10074,citibike_202401_50k|cap=128|t=10074,49a4a380d1ebe88f,,,inf,yes,1,yes,no
citibike,citibike_202401_50k,128,10074,citibike_202401_50k|cap=128|t=10074,49a4a380d1ebe88f,,,inf,yes,2,yes,no
citibike,citibike_202401_50k,128,10074,citibike_202401_50k|cap=128|t=10074,49a4a380d1ebe88f,,,inf,yes,4,yes,no
citibike,citibike_202401_50k,128,10074,citibike_202401_50k|cap=128|t=10074,49a4a380d1ebe88f,,,inf,yes,8,yes,no
citibike,citibike_202401_50k,128,10074,citibike_202401_50k|cap=128|t=10074,49a4a380d1ebe88f,,,inf,yes,16,yes,no
citibike,citibike_202401_50k,128,10076,citibike_202401_50k|cap=128|t=10076,49a4a380d1ebe88f,,,inf,yes,1,yes,no
citibike,citibike_202401_50k,128,10076,citibike_202401_50k|cap=128|t=10076,49a4a380d1ebe88f,,,inf,yes,2,yes,no
citibike,citibike_202401_50k,128,10076,citibike_202401_50k|cap=128|t=10076,49a4a380d1ebe88f,,,inf,yes,4,yes,no
citibike,citibike_202401_50k,128,10076,citibike_202401_50k|cap=128|t=10076,49a4a380d1ebe88f,,,inf,yes,8,yes,no
citibike,citibike_202401_50k,128,10076,citibike_202401_50k|cap=128|t=10076,49a4a380d1ebe88f,,,inf,yes,16,yes,no
citibike,citibike_202401_50k,128,10078,citibike_202401_50k|cap=128|t=10078,49a4a380d1ebe88f,,,inf,yes,1,yes,no
citibike,citibike_202401_50k,128,10078,citibike_202401_50k|cap=128|t=10078,49a4a380d1ebe88f,,,inf,yes,2,yes,no
citibike,citibike_202401_50k,128,10078,citibike_202401_50k|cap=128|t=10078,49a4a380d1ebe88f,,,inf,yes,4,yes,no
citibike,citibike_202401_50k,128,10078,citibike_202401_50k|cap=128|t=10078,49a4a380d1ebe88f,,,inf,yes,8,yes,no
citibike,citibike_202401_50k,128,10078,citibike_202401_50k|cap=128|t=10078,49a4a380d1ebe88f,,,inf,yes,16,yes,no
citibike,citibike_202401_50k,128,10079,citibike_202401_50k|cap=128|t=10079,49a4a380d1ebe88f,,,inf,yes,1,yes,no
citibike,citibike_202401_50k,128,10079,citibike_202401_50k|cap=128|t=10079,49a4a380d1ebe88f,,,inf,yes,2,yes,no
citibike,citibike_202401_50k,128,10079,citibike_202401_50k|cap=128|t=10079,49a4a380d1ebe88f,,,inf,yes,4,yes,no
citibike,citibike_202401_50k,128,10079,citibike_202401_50k|cap=128|t=10079,49a4a380d1ebe88f,,,inf,yes,8,yes,no
citibike,citibike_202401_50k,128,10079,citibike_202401_50k|cap=128|t=10079,49a4a380d1ebe88f,,,inf,yes,16,yes,no
citibike,citibike_202401_50k,128,10080,citibike_202401_50k|cap=128|t=10080,49a4a380d1ebe88f,,,inf,yes,1,yes,no
citibike,citibike_202401_50k,128,10080,citibike_202401_50k|cap=128|t=10080,49a4a380d1ebe88f,,,inf,yes,2,yes,no
citibike,citibike_202401_50k,128,10080,citibike_202401_50k|cap=128|t=10080,49a4a380d1ebe88f,,,inf,yes,4,yes,no
citibike,citibike_202401_50k,128,10080,citibike_202401_50k|cap=128|t=10080,49a4a380d1ebe88f,,,inf,yes,8,yes,no
citibike,citibike_202401_50k,128,10080,citibike_202401_50k|cap=128|t=10080,49a4a380d1ebe88f,,,inf,yes,16,yes,no
citibike,citibike_202401_50k,128,10081,citibike_202401_50k|cap=128|t=10081,49a4a380d1ebe88f,,,inf,yes,1,yes,no
citibike,citibike_202401_50k,128,10081,citibike_202401_50k|cap=128|t=10081,49a4a380d1ebe88f,,,inf,yes,2,yes,no
citibike,citibike_202401_50k,128,10081,citibike_202401_50k|cap=128|t=10081,49a4a380d1ebe88f,,,inf,yes,4,yes,no
citibike,citibike_202401_50k,128,10081,citibike_202401_50k|cap=128|t=10081,49a4a380d1ebe88f,,,inf,yes,8,yes,no
citibike,citibike_202401_50k,128,10081,citibike_202401_50k|cap=128|t=10081,49a4a380d1ebe88f,,,inf,yes,16,yes,no
citibike,citibike_202401_50k,128,10084,citibike_202401_50k|cap=128|t=10084,49a4a380d1ebe88f,,,inf,yes,1,yes,no
citibike,citibike_202401_50k,128,10084,citibike_202401_50k|cap=128|t=10084,49a4a380d1ebe88f,,,inf,yes,2,yes,no
citibike,citibike_202401_50k,128,10084,citibike_202401_50k|cap=128|t=10084,49a4a380d1ebe88f,,,inf,yes,4,yes,no
citibike,citibike_202401_50k,128,10084,citibike_202401_50k|cap=128|t=10084,49a4a380d1ebe88f,,,inf,yes,8,yes,no
citibike,citibike_202401_50k,128,10084,citibike_202401_50k|cap=128|t=10084,49a4a380d1ebe88f,,,inf,yes,16,yes,no
citibike,citibike_202401_50k,128,10090,citibike_202401_50k|cap=128|t=10090,49a4a380d1ebe88f,,,inf,yes,1,yes,no
citibike,citibike_202401_50k,128,10090,citibike_202401_50k|cap=128|t=10090,49a4a380d1ebe88f,,,inf,yes,2,yes,no
citibike,citibike_202401_50k,128,10090,citibike_202401_50k|cap=128|t=10090,49a4a380d1ebe88f,,,inf,yes,4,yes,no
citibike,citibike_202401_50k,128,10090,citibike_202401_50k|cap=128|t=10090,49a4a380d1ebe88f,,,inf,yes,8,yes,no
citibike,citibike_202401_50k,128,10090,citibike_202401_50k|cap=128|t=10090,49a4a380d1ebe88f,,,inf,yes,16,yes,no
cloudphysics,cloudphysics_alibaba_block_head_50k,32,10000,cloudphysics_alibaba_block_head_50k|cap=32|t=10000,89a6350a24588f21,,,inf,yes,1,yes,no
cloudphysics,cloudphysics_alibaba_block_head_50k,32,10000,cloudphysics_alibaba_block_head_50k|cap=32|t=10000,89a6350a24588f21,,,inf,yes,2,yes,no
cloudphysics,cloudphysics_alibaba_block_head_50k,32,10000,cloudphysics_alibaba_block_head_50k|cap=32|t=10000,89a6350a24588f21,,,inf,yes,4,yes,no
cloudphysics,cloudphysics_alibaba_block_head_50k,32,10000,cloudphysics_alibaba_block_head_50k|cap=32|t=10000,89a6350a24588f21,,,inf,yes,8,yes,no
cloudphysics,cloudphysics_alibaba_block_head_50k,32,10000,cloudphysics_alibaba_block_head_50k|cap=32|t=10000,89a6350a24588f21,,,inf,yes,16,yes,no
cloudphysics,cloudphysics_alibaba_block_head_50k,32,10000,cloudphysics_alibaba_block_head_50k|cap=32|t=10000,44eccef849a97b5e,,,inf,yes,1,yes,no
cloudphysics,cloudphysics_alibaba_block_head_50k,32,10000,cloudphysics_alibaba_block_head_50k|cap=32|t=10000,44eccef849a97b5e,,,inf,yes,2,yes,no
cloudphysics,cloudphysics_alibaba_block_head_50k,32,10000,cloudphysics_alibaba_block_head_50k|cap=32|t=10000,44eccef849a97b5e,,,inf,yes,4,yes,no
cloudphysics,cloudphysics_alibaba_block_head_50k,32,10000,cloudphysics_alibaba_block_head_50k|cap=32|t=10000,44eccef849a97b5e,,,inf,yes,8,yes,no
cloudphysics,cloudphysics_alibaba_block_head_50k,32,10000,cloudphysics_alibaba_block_head_50k|cap=32|t=10000,44eccef849a97b5e,,,inf,yes,16,yes,no
cloudphysics,cloudphysics_alibaba_block_head_50k,32,10000,cloudphysics_alibaba_block_head_50k|cap=32|t=10000,64ea8084c0094650,,,inf,yes,1,yes,no
cloudphysics,cloudphysics_alibaba_block_head_50k,32,10000,cloudphysics_alibaba_block_head_50k|cap=32|t=10000,64ea8084c0094650,,,inf,yes,2,yes,no
cloudphysics,cloudphysics_alibaba_block_head_50k,32,10000,cloudphysics_alibaba_block_head_50k|cap=32|t=10000,64ea8084c0094650,,,inf,yes,4,yes,no
cloudphysics,cloudphysics_alibaba_block_head_50k,32,10000,cloudphysics_alibaba_block_head_50k|cap=32|t=10000,64ea8084c0094650,,,inf,yes,8,yes,no
cloudphysics,cloudphysics_alibaba_block_head_50k,32,10000,cloudphysics_alibaba_block_head_50k|cap=32|t=10000,64ea8084c0094650,,,inf,yes,16,yes,no
cloudphysics,cloudphysics_alibaba_block_head_50k,32,10000,cloudphysics_alibaba_block_head_50k|cap=32|t=10000,cbdac5a7b5cffb78,,,inf,yes,1,yes,no
cloudphysics,cloudphysics_alibaba_block_head_50k,32,10000,cloudphysics_alibaba_block_head_50k|cap=32|t=10000,cbdac5a7b5cffb78,,,inf,yes,2,yes,no
cloudphysics,cloudphysics_alibaba_block_head_50k,32,10000,cloudphysics_alibaba_block_head_50k|cap=32|t=10000,cbdac5a7b5cffb78,,,inf,yes,4,yes,no
cloudphysics,cloudphysics_alibaba_block_head_50k,32,10000,cloudphysics_alibaba_block_head_50k|cap=32|t=10000,cbdac5a7b5cffb78,,,inf,yes,8,yes,no
cloudphysics,cloudphysics_alibaba_block_head_50k,32,10000,cloudphysics_alibaba_block_head_50k|cap=32|t=10000,cbdac5a7b5cffb78,,,inf,yes,16,yes,no
cloudphysics,cloudphysics_alibaba_block_head_50k,32,10000,cloudphysics_alibaba_block_head_50k|cap=32|t=10000,44a3610f6767a3ab,,,inf,yes,1,yes,no
cloudphysics,cloudphysics_alibaba_block_head_50k,32,10000,cloudphysics_alibaba_block_head_50k|cap=32|t=10000,44a3610f6767a3ab,,,inf,yes,2,yes,no
cloudphysics,cloudphysics_alibaba_block_head_50k,32,10000,cloudphysics_alibaba_block_head_50k|cap=32|t=10000,44a3610f6767a3ab,,,inf,yes,4,yes,no
cloudphysics,cloudphysics_alibaba_block_head_50k,32,10000,cloudphysics_alibaba_block_head_50k|cap=32|t=10000,44a3610f6767a3ab,,,inf,yes,8,yes,no
cloudphysics,cloudphysics_alibaba_block_head_50k,32,10000,cloudphysics_alibaba_block_head_50k|cap=32|t=10000,44a3610f6767a3ab,,,inf,yes,16,yes,no
cloudphysics,cloudphysics_alibaba_block_head_50k,32,10000,cloudphysics_alibaba_block_head_50k|cap=32|t=10000,d2ea273632fb3700,,,inf,yes,1,yes,no
cloudphysics,cloudphysics_alibaba_block_head_50k,32,10000,cloudphysics_alibaba_block_head_50k|cap=32|t=10000,d2ea273632fb3700,,,inf,yes,2,yes,no
cloudphysics,cloudphysics_alibaba_block_head_50k,32,10000,cloudphysics_alibaba_block_head_50k|cap=32|t=10000,d2ea273632fb3700,,,inf,yes,4,yes,no
cloudphysics,cloudphysics_alibaba_block_head_50k,32,10000,cloudphysics_alibaba_block_head_50k|cap=32|t=10000,d2ea273632fb3700,,,inf,yes,8,yes,no
cloudphysics,cloudphysics_alibaba_block_head_50k,32,10000,cloudphysics_alibaba_block_head_50k|cap=32|t=10000,d2ea273632fb3700,,,inf,yes,16,yes,no
cloudphysics,cloudphysics_alibaba_block_head_50k,32,10000,cloudphysics_alibaba_block_head_50k|cap=32|t=10000,b88b36a99d385219,,,inf,yes,1,yes,no
cloudphysics,cloudphysics_alibaba_block_head_50k,32,10000,cloudphysics_alibaba_block_head_50k|cap=32|t=10000,b88b36a99d385219,,,inf,yes,2,yes,no
cloudphysics,cloudphysics_alibaba_block_head_50k,32,10000,cloudphysics_alibaba_block_head_50k|cap=32|t=10000,b88b36a99d385219,,,inf,yes,4,yes,no
cloudphysics,cloudphysics_alibaba_block_head_50k,32,10000,cloudphysics_alibaba_block_head_50k|cap=32|t=10000,b88b36a99d385219,,,inf,yes,8,yes,no
cloudphysics,cloudphysics_alibaba_block_head_50k,32,10000,cloudphysics_alibaba_block_head_50k|cap=32|t=10000,b88b36a99d385219,,,inf,yes,16,yes,no
cloudphysics,cloudphysics_alibaba_block_head_50k,32,10000,cloudphysics_alibaba_block_head_50k|cap=32|t=10000,c94734ad450ef866,,,inf,yes,1,yes,no
cloudphysics,cloudphysics_alibaba_block_head_50k,32,10000,cloudphysics_alibaba_block_head_50k|cap=32|t=10000,c94734ad450ef866,,,inf,yes,2,yes,no
cloudphysics,cloudphysics_alibaba_block_head_50k,32,10000,cloudphysics_alibaba_block_head_50k|cap=32|t=10000,c94734ad450ef866,,,inf,yes,4,yes,no
cloudphysics,cloudphysics_alibaba_block_head_50k,32,10000,cloudphysics_alibaba_block_head_50k|cap=32|t=10000,c94734ad450ef866,,,inf,yes,8,yes,no
cloudphysics,cloudphysics_alibaba_block_head_50k,32,10000,cloudphysics_alibaba_block_head_50k|cap=32|t=10000,c94734ad450ef866,,,inf,yes,16,yes,no
cloudphysics,cloudphysics_alibaba_block_head_50k,32,10000,cloudphysics_alibaba_block_head_50k|cap=32|t=10000,f6f243dd442e03e9,,,inf,yes,1,yes,no
cloudphysics,cloudphysics_alibaba_block_head_50k,32,10000,cloudphysics_alibaba_block_head_50k|cap=32|t=10000,f6f243dd442e03e9,,,inf,yes,2,yes,no
cloudphysics,cloudphysics_alibaba_block_head_50k,32,10000,cloudphysics_alibaba_block_head_50k|cap=32|t=10000,f6f243dd442e03e9,,,inf,yes,4,yes,no
cloudphysics,cloudphysics_alibaba_block_head_50k,32,10000,cloudphysics_alibaba_block_head_50k|cap=32|t=10000,f6f243dd442e03e9,,,inf,yes,8,yes,no
cloudphysics,cloudphysics_alibaba_block_head_50k,32,10000,cloudphysics_alibaba_block_head_50k|cap=32|t=10000,f6f243dd442e03e9,,,inf,yes,16,yes,no
cloudphysics,cloudphysics_alibaba_block_head_50k,32,10000,cloudphysics_alibaba_block_head_50k|cap=32|t=10000,169d5137afa41f05,,,inf,yes,1,yes,no
cloudphysics,cloudphysics_alibaba_block_head_50k,32,10000,cloudphysics_alibaba_block_head_50k|cap=32|t=10000,169d5137afa41f05,,,inf,yes,2,yes,no
cloudphysics,cloudphysics_alibaba_block_head_50k,32,10000,cloudphysics_alibaba_block_head_50k|cap=32|t=10000,169d5137afa41f05,,,inf,yes,4,yes,no
cloudphysics,cloudphysics_alibaba_block_head_50k,32,10000,cloudphysics_alibaba_block_head_50k|cap=32|t=10000,169d5137afa41f05,,,inf,yes,8,yes,no
cloudphysics,cloudphysics_alibaba_block_head_50k,32,10000,cloudphysics_alibaba_block_head_50k|cap=32|t=10000,169d5137afa41f05,,,inf,yes,16,yes,no
cloudphysics,cloudphysics_alibaba_block_head_50k,32,10000,cloudphysics_alibaba_block_head_50k|cap=32|t=10000,18318d7089689bf1,,,inf,yes,1,yes,no
cloudphysics,cloudphysics_alibaba_block_head_50k,32,10000,cloudphysics_alibaba_block_head_50k|cap=32|t=10000,18318d7089689bf1,,,inf,yes,2,yes,no
cloudphysics,cloudphysics_alibaba_block_head_50k,32,10000,cloudphysics_alibaba_block_head_50k|cap=32|t=10000,18318d7089689bf1,,,inf,yes,4,yes,no
cloudphysics,cloudphysics_alibaba_block_head_50k,32,10000,cloudphysics_alibaba_block_head_50k|cap=32|t=10000,18318d7089689bf1,,,inf,yes,8,yes,no
cloudphysics,cloudphysics_alibaba_block_head_50k,32,10000,cloudphysics_alibaba_block_head_50k|cap=32|t=10000,18318d7089689bf1,,,inf,yes,16,yes,no
cloudphysics,cloudphysics_alibaba_block_head_50k,32,10000,cloudphysics_alibaba_block_head_50k|cap=32|t=10000,2b3aa795ef40efd2,,17802,7802,no,1,yes,no
cloudphysics,cloudphysics_alibaba_block_head_50k,32,10000,cloudphysics_alibaba_block_head_50k|cap=32|t=10000,2b3aa795ef40efd2,,17802,7802,no,2,yes,no
cloudphysics,cloudphysics_alibaba_block_head_50k,32,10000,cloudphysics_alibaba_block_head_50k|cap=32|t=10000,2b3aa795ef40efd2,,17802,7802,no,4,yes,no
cloudphysics,cloudphysics_alibaba_block_head_50k,32,10000,cloudphysics_alibaba_block_head_50k|cap=32|t=10000,2b3aa795ef40efd2,,17802,7802,no,8,yes,no
cloudphysics,cloudphysics_alibaba_block_head_50k,32,10000,cloudphysics_alibaba_block_head_50k|cap=32|t=10000,2b3aa795ef40efd2,,17802,7802,no,16,yes,no
cloudphysics,cloudphysics_alibaba_block_head_50k,32,10000,cloudphysics_alibaba_block_head_50k|cap=32|t=10000,094d6508ec0a8cbc,,,inf,yes,1,yes,no
cloudphysics,cloudphysics_alibaba_block_head_50k,32,10000,cloudphysics_alibaba_block_head_50k|cap=32|t=10000,094d6508ec0a8cbc,,,inf,yes,2,yes,no
cloudphysics,cloudphysics_alibaba_block_head_50k,32,10000,cloudphysics_alibaba_block_head_50k|cap=32|t=10000,094d6508ec0a8cbc,,,inf,yes,4,yes,no
cloudphysics,cloudphysics_alibaba_block_head_50k,32,10000,cloudphysics_alibaba_block_head_50k|cap=32|t=10000,094d6508ec0a8cbc,,,inf,yes,8,yes,no
cloudphysics,cloudphysics_alibaba_block_head_50k,32,10000,cloudphysics_alibaba_block_head_50k|cap=32|t=10000,094d6508ec0a8cbc,,,inf,yes,16,yes,no
cloudphysics,cloudphysics_alibaba_block_head_50k,32,10000,cloudphysics_alibaba_block_head_50k|cap=32|t=10000,f0862e2c466e1870,,,inf,yes,1,yes,no
cloudphysics,cloudphysics_alibaba_block_head_50k,32,10000,cloudphysics_alibaba_block_head_50k|cap=32|t=10000,f0862e2c466e1870,,,inf,yes,2,yes,no
cloudphysics,cloudphysics_alibaba_block_head_50k,32,10000,cloudphysics_alibaba_block_head_50k|cap=32|t=10000,f0862e2c466e1870,,,inf,yes,4,yes,no
cloudphysics,cloudphysics_alibaba_block_head_50k,32,10000,cloudphysics_alibaba_block_head_50k|cap=32|t=10000,f0862e2c466e1870,,,inf,yes,8,yes,no
cloudphysics,cloudphysics_alibaba_block_head_50k,32,10000,cloudphysics_alibaba_block_head_50k|cap=32|t=10000,f0862e2c466e1870,,,inf,yes,16,yes,no
cloudphysics,cloudphysics_alibaba_block_head_50k,32,10000,cloudphysics_alibaba_block_head_50k|cap=32|t=10000,a497ada777f20cdd,,,inf,yes,1,yes,no
cloudphysics,cloudphysics_alibaba_block_head_50k,32,10000,cloudphysics_alibaba_block_head_50k|cap=32|t=10000,a497ada777f20cdd,,,inf,yes,2,yes,no
cloudphysics,cloudphysics_alibaba_block_head_50k,32,10000,cloudphysics_alibaba_block_head_50k|cap=32|t=10000,a497ada777f20cdd,,,inf,yes,4,yes,no
cloudphysics,cloudphysics_alibaba_block_head_50k,32,10000,cloudphysics_alibaba_block_head_50k|cap=32|t=10000,a497ada777f20cdd,,,inf,yes,8,yes,no
cloudphysics,cloudphysics_alibaba_block_head_50k,32,10000,cloudphysics_alibaba_block_head_50k|cap=32|t=10000,a497ada777f20cdd,,,inf,yes,16,yes,no
cloudphysics,cloudphysics_alibaba_block_head_50k,32,10000,cloudphysics_alibaba_block_head_50k|cap=32|t=10000,58e47351dca9bfa6,,,inf,yes,1,yes,no
cloudphysics,cloudphysics_alibaba_block_head_50k,32,10000,cloudphysics_alibaba_block_head_50k|cap=32|t=10000,58e47351dca9bfa6,,,inf,yes,2,yes,no
cloudphysics,cloudphysics_alibaba_block_head_50k,32,10000,cloudphysics_alibaba_block_head_50k|cap=32|t=10000,58e47351dca9bfa6,,,inf,yes,4,yes,no
cloudphysics,cloudphysics_alibaba_block_head_50k,32,10000,cloudphysics_alibaba_block_head_50k|cap=32|t=10000,58e47351dca9bfa6,,,inf,yes,8,yes,no
cloudphysics,cloudphysics_alibaba_block_head_50k,32,10000,cloudphysics_alibaba_block_head_50k|cap=32|t=10000,58e47351dca9bfa6,,,inf,yes,16,yes,no
cloudphysics,cloudphysics_alibaba_block_head_50k,32,10000,cloudphysics_alibaba_block_head_50k|cap=32|t=10000,768afacbc1123226,,,inf,yes,1,yes,no
cloudphysics,cloudphysics_alibaba_block_head_50k,32,10000,cloudphysics_alibaba_block_head_50k|cap=32|t=10000,768afacbc1123226,,,inf,yes,2,yes,no
cloudphysics,cloudphysics_alibaba_block_head_50k,32,10000,cloudphysics_alibaba_block_head_50k|cap=32|t=10000,768afacbc1123226,,,inf,yes,4,yes,no
cloudphysics,cloudphysics_alibaba_block_head_50k,32,10000,cloudphysics_alibaba_block_head_50k|cap=32|t=10000,768afacbc1123226,,,inf,yes,8,yes,no
cloudphysics,cloudphysics_alibaba_block_head_50k,32,10000,cloudphysics_alibaba_block_head_50k|cap=32|t=10000,768afacbc1123226,,,inf,yes,16,yes,no
cloudphysics,cloudphysics_alibaba_block_head_50k,32,10000,cloudphysics_alibaba_block_head_50k|cap=32|t=10000,78cc0889b452fc87,,,inf,yes,1,yes,no
cloudphysics,cloudphysics_alibaba_block_head_50k,32,10000,cloudphysics_alibaba_block_head_50k|cap=32|t=10000,78cc0889b452fc87,,,inf,yes,2,yes,no
cloudphysics,cloudphysics_alibaba_block_head_50k,32,10000,cloudphysics_alibaba_block_head_50k|cap=32|t=10000,78cc0889b452fc87,,,inf,yes,4,yes,no
cloudphysics,cloudphysics_alibaba_block_head_50k,32,10000,cloudphysics_alibaba_block_head_50k|cap=32|t=10000,78cc0889b452fc87,,,inf,yes,8,yes,no
cloudphysics,cloudphysics_alibaba_block_head_50k,32,10000,cloudphysics_alibaba_block_head_50k|cap=32|t=10000,78cc0889b452fc87,,,inf,yes,16,yes,no
cloudphysics,cloudphysics_alibaba_block_head_50k,32,10000,cloudphysics_alibaba_block_head_50k|cap=32|t=10000,169f8779c2d18c04,,10282,282,no,1,yes,no
cloudphysics,cloudphysics_alibaba_block_head_50k,32,10000,cloudphysics_alibaba_block_head_50k|cap=32|t=10000,169f8779c2d18c04,,10282,282,no,2,yes,no
cloudphysics,cloudphysics_alibaba_block_head_50k,32,10000,cloudphysics_alibaba_block_head_50k|cap=32|t=10000,169f8779c2d18c04,,10282,282,no,4,yes,no
cloudphysics,cloudphysics_alibaba_block_head_50k,32,10000,cloudphysics_alibaba_block_head_50k|cap=32|t=10000,169f8779c2d18c04,,10282,282,no,8,yes,no
cloudphysics,cloudphysics_alibaba_block_head_50k,32,10000,cloudphysics_alibaba_block_head_50k|cap=32|t=10000,169f8779c2d18c04,,10282,282,no,16,yes,no
cloudphysics,cloudphysics_alibaba_block_head_50k,32,10000,cloudphysics_alibaba_block_head_50k|cap=32|t=10000,7d69dc5ae04f2343,,,inf,yes,1,yes,no
cloudphysics,cloudphysics_alibaba_block_head_50k,32,10000,cloudphysics_alibaba_block_head_50k|cap=32|t=10000,7d69dc5ae04f2343,,,inf,yes,2,yes,no
cloudphysics,cloudphysics_alibaba_block_head_50k,32,10000,cloudphysics_alibaba_block_head_50k|cap=32|t=10000,7d69dc5ae04f2343,,,inf,yes,4,yes,no
cloudphysics,cloudphysics_alibaba_block_head_50k,32,10000,cloudphysics_alibaba_block_head_50k|cap=32|t=10000,7d69dc5ae04f2343,,,inf,yes,8,yes,no
cloudphysics,cloudphysics_alibaba_block_head_50k,32,10000,cloudphysics_alibaba_block_head_50k|cap=32|t=10000,7d69dc5ae04f2343,,,inf,yes,16,yes,no
cloudphysics,cloudphysics_alibaba_block_head_50k,32,10000,cloudphysics_alibaba_block_head_50k|cap=32|t=10000,1f20612236b55bde,,10723,723,no,1,yes,no
cloudphysics,cloudphysics_alibaba_block_head_50k,32,10000,cloudphysics_alibaba_block_head_50k|cap=32|t=10000,1f20612236b55bde,,10723,723,no,2,yes,no
cloudphysics,cloudphysics_alibaba_block_head_50k,32,10000,cloudphysics_alibaba_block_head_50k|cap=32|t=10000,1f20612236b55bde,,10723,723,no,4,yes,no
cloudphysics,cloudphysics_alibaba_block_head_50k,32,10000,cloudphysics_alibaba_block_head_50k|cap=32|t=10000,1f20612236b55bde,,10723,723,no,8,yes,no
cloudphysics,cloudphysics_alibaba_block_head_50k,32,10000,cloudphysics_alibaba_block_head_50k|cap=32|t=10000,1f20612236b55bde,,10723,723,no,16,yes,no
cloudphysics,cloudphysics_alibaba_block_head_50k,32,10000,cloudphysics_alibaba_block_head_50k|cap=32|t=10000,dcc1fb27b866b331,,,inf,yes,1,yes,no
cloudphysics,cloudphysics_alibaba_block_head_50k,32,10000,cloudphysics_alibaba_block_head_50k|cap=32|t=10000,dcc1fb27b866b331,,,inf,yes,2,yes,no
cloudphysics,cloudphysics_alibaba_block_head_50k,32,10000,cloudphysics_alibaba_block_head_50k|cap=32|t=10000,dcc1fb27b866b331,,,inf,yes,4,yes,no
cloudphysics,cloudphysics_alibaba_block_head_50k,32,10000,cloudphysics_alibaba_block_head_50k|cap=32|t=10000,dcc1fb27b866b331,,,inf,yes,8,yes,no
cloudphysics,cloudphysics_alibaba_block_head_50k,32,10000,cloudphysics_alibaba_block_head_50k|cap=32|t=10000,dcc1fb27b866b331,,,inf,yes,16,yes,no
cloudphysics,cloudphysics_alibaba_block_head_50k,32,10000,cloudphysics_alibaba_block_head_50k|cap=32|t=10000,b7d6605bd08a0a0e,,,inf,yes,1,yes,no
cloudphysics,cloudphysics_alibaba_block_head_50k,32,10000,cloudphysics_alibaba_block_head_50k|cap=32|t=10000,b7d6605bd08a0a0e,,,inf,yes,2,yes,no
cloudphysics,cloudphysics_alibaba_block_head_50k,32,10000,cloudphysics_alibaba_block_head_50k|cap=32|t=10000,b7d6605bd08a0a0e,,,inf,yes,4,yes,no
cloudphysics,cloudphysics_alibaba_block_head_50k,32,10000,cloudphysics_alibaba_block_head_50k|cap=32|t=10000,b7d6605bd08a0a0e,,,inf,yes,8,yes,no
cloudphysics,cloudphysics_alibaba_block_head_50k,32,10000,cloudphysics_alibaba_block_head_50k|cap=32|t=10000,b7d6605bd08a0a0e,,,inf,yes,16,yes,no
cloudphysics,cloudphysics_alibaba_block_head_50k,32,10001,cloudphysics_alibaba_block_head_50k|cap=32|t=10001,2b3aa795ef40efd2,,17802,7801,no,1,yes,no
cloudphysics,cloudphysics_alibaba_block_head_50k,32,10001,cloudphysics_alibaba_block_head_50k|cap=32|t=10001,2b3aa795ef40efd2,,17802,7801,no,2,yes,no
cloudphysics,cloudphysics_alibaba_block_head_50k,32,10001,cloudphysics_alibaba_block_head_50k|cap=32|t=10001,2b3aa795ef40efd2,,17802,7801,no,4,yes,no
cloudphysics,cloudphysics_alibaba_block_head_50k,32,10001,cloudphysics_alibaba_block_head_50k|cap=32|t=10001,2b3aa795ef40efd2,,17802,7801,no,8,yes,no
cloudphysics,cloudphysics_alibaba_block_head_50k,32,10001,cloudphysics_alibaba_block_head_50k|cap=32|t=10001,2b3aa795ef40efd2,,17802,7801,no,16,yes,no
cloudphysics,cloudphysics_alibaba_block_head_50k,32,10001,cloudphysics_alibaba_block_head_50k|cap=32|t=10001,169f8779c2d18c04,,10282,281,no,1,yes,no
cloudphysics,cloudphysics_alibaba_block_head_50k,32,10001,cloudphysics_alibaba_block_head_50k|cap=32|t=10001,169f8779c2d18c04,,10282,281,no,2,yes,no
cloudphysics,cloudphysics_alibaba_block_head_50k,32,10001,cloudphysics_alibaba_block_head_50k|cap=32|t=10001,169f8779c2d18c04,,10282,281,no,4,yes,no
cloudphysics,cloudphysics_alibaba_block_head_50k,32,10001,cloudphysics_alibaba_block_head_50k|cap=32|t=10001,169f8779c2d18c04,,10282,281,no,8,yes,no
cloudphysics,cloudphysics_alibaba_block_head_50k,32,10001,cloudphysics_alibaba_block_head_50k|cap=32|t=10001,169f8779c2d18c04,,10282,281,no,16,yes,no
cloudphysics,cloudphysics_alibaba_block_head_50k,32,10001,cloudphysics_alibaba_block_head_50k|cap=32|t=10001,1f20612236b55bde,,10723,722,no,1,yes,no
cloudphysics,cloudphysics_alibaba_block_head_50k,32,10001,cloudphysics_alibaba_block_head_50k|cap=32|t=10001,1f20612236b55bde,,10723,722,no,2,yes,no
cloudphysics,cloudphysics_alibaba_block_head_50k,32,10001,cloudphysics_alibaba_block_head_50k|cap=32|t=10001,1f20612236b55bde,,10723,722,no,4,yes,no
cloudphysics,cloudphysics_alibaba_block_head_50k,32,10001,cloudphysics_alibaba_block_head_50k|cap=32|t=10001,1f20612236b55bde,,10723,722,no,8,yes,no
cloudphysics,cloudphysics_alibaba_block_head_50k,32,10001,cloudphysics_alibaba_block_head_50k|cap=32|t=10001,1f20612236b55bde,,10723,722,no,16,yes,no
cloudphysics,cloudphysics_alibaba_block_head_50k,32,10002,cloudphysics_alibaba_block_head_50k|cap=32|t=10002,2b3aa795ef40efd2,,17802,7800,no,1,yes,no
cloudphysics,cloudphysics_alibaba_block_head_50k,32,10002,cloudphysics_alibaba_block_head_50k|cap=32|t=10002,2b3aa795ef40efd2,,17802,7800,no,2,yes,no
cloudphysics,cloudphysics_alibaba_block_head_50k,32,10002,cloudphysics_alibaba_block_head_50k|cap=32|t=10002,2b3aa795ef40efd2,,17802,7800,no,4,yes,no
cloudphysics,cloudphysics_alibaba_block_head_50k,32,10002,cloudphysics_alibaba_block_head_50k|cap=32|t=10002,2b3aa795ef40efd2,,17802,7800,no,8,yes,no
cloudphysics,cloudphysics_alibaba_block_head_50k,32,10002,cloudphysics_alibaba_block_head_50k|cap=32|t=10002,2b3aa795ef40efd2,,17802,7800,no,16,yes,no
cloudphysics,cloudphysics_alibaba_block_head_50k,32,10002,cloudphysics_alibaba_block_head_50k|cap=32|t=10002,169f8779c2d18c04,,10282,280,no,1,yes,no
cloudphysics,cloudphysics_alibaba_block_head_50k,32,10002,cloudphysics_alibaba_block_head_50k|cap=32|t=10002,169f8779c2d18c04,,10282,280,no,2,yes,no
cloudphysics,cloudphysics_alibaba_block_head_50k,32,10002,cloudphysics_alibaba_block_head_50k|cap=32|t=10002,169f8779c2d18c04,,10282,280,no,4,yes,no
cloudphysics,cloudphysics_alibaba_block_head_50k,32,10002,cloudphysics_alibaba_block_head_50k|cap=32|t=10002,169f8779c2d18c04,,10282,280,no,8,yes,no
cloudphysics,cloudphysics_alibaba_block_head_50k,32,10002,cloudphysics_alibaba_block_head_50k|cap=32|t=10002,169f8779c2d18c04,,10282,280,no,16,yes,no
cloudphysics,cloudphysics_alibaba_block_head_50k,32,10002,cloudphysics_alibaba_block_head_50k|cap=32|t=10002,1f20612236b55bde,,10723,721,no,1,yes,no
cloudphysics,cloudphysics_alibaba_block_head_50k,32,10002,cloudphysics_alibaba_block_head_50k|cap=32|t=10002,1f20612236b55bde,,10723,721,no,2,yes,no
cloudphysics,cloudphysics_alibaba_block_head_50k,32,10002,cloudphysics_alibaba_block_head_50k|cap=32|t=10002,1f20612236b55bde,,10723,721,no,4,yes,no
cloudphysics,cloudphysics_alibaba_block_head_50k,32,10002,cloudphysics_alibaba_block_head_50k|cap=32|t=10002,1f20612236b55bde,,10723,721,no,8,yes,no
cloudphysics,cloudphysics_alibaba_block_head_50k,32,10002,cloudphysics_alibaba_block_head_50k|cap=32|t=10002,1f20612236b55bde,,10723,721,no,16,yes,no
cloudphysics,cloudphysics_alibaba_block_head_50k,32,10003,cloudphysics_alibaba_block_head_50k|cap=32|t=10003,2b3aa795ef40efd2,,17802,7799,no,1,yes,no
cloudphysics,cloudphysics_alibaba_block_head_50k,32,10003,cloudphysics_alibaba_block_head_50k|cap=32|t=10003,2b3aa795ef40efd2,,17802,7799,no,2,yes,no
cloudphysics,cloudphysics_alibaba_block_head_50k,32,10003,cloudphysics_alibaba_block_head_50k|cap=32|t=10003,2b3aa795ef40efd2,,17802,7799,no,4,yes,no
cloudphysics,cloudphysics_alibaba_block_head_50k,32,10003,cloudphysics_alibaba_block_head_50k|cap=32|t=10003,2b3aa795ef40efd2,,17802,7799,no,8,yes,no
cloudphysics,cloudphysics_alibaba_block_head_50k,32,10003,cloudphysics_alibaba_block_head_50k|cap=32|t=10003,2b3aa795ef40efd2,,17802,7799,no,16,yes,no
cloudphysics,cloudphysics_alibaba_block_head_50k,32,10003,cloudphysics_alibaba_block_head_50k|cap=32|t=10003,169f8779c2d18c04,,10282,279,no,1,yes,no
cloudphysics,cloudphysics_alibaba_block_head_50k,32,10003,cloudphysics_alibaba_block_head_50k|cap=32|t=10003,169f8779c2d18c04,,10282,279,no,2,yes,no
cloudphysics,cloudphysics_alibaba_block_head_50k,32,10003,cloudphysics_alibaba_block_head_50k|cap=32|t=10003,169f8779c2d18c04,,10282,279,no,4,yes,no
cloudphysics,cloudphysics_alibaba_block_head_50k,32,10003,cloudphysics_alibaba_block_head_50k|cap=32|t=10003,169f8779c2d18c04,,10282,279,no,8,yes,no
cloudphysics,cloudphysics_alibaba_block_head_50k,32,10003,cloudphysics_alibaba_block_head_50k|cap=32|t=10003,169f8779c2d18c04,,10282,279,no,16,yes,no
cloudphysics,cloudphysics_alibaba_block_head_50k,32,10003,cloudphysics_alibaba_block_head_50k|cap=32|t=10003,1f20612236b55bde,,10723,720,no,1,yes,no
cloudphysics,cloudphysics_alibaba_block_head_50k,32,10003,cloudphysics_alibaba_block_head_50k|cap=32|t=10003,1f20612236b55bde,,10723,720,no,2,yes,no
cloudphysics,cloudphysics_alibaba_block_head_50k,32,10003,cloudphysics_alibaba_block_head_50k|cap=32|t=10003,1f20612236b55bde,,10723,720,no,4,yes,no
cloudphysics,cloudphysics_alibaba_block_head_50k,32,10003,cloudphysics_alibaba_block_head_50k|cap=32|t=10003,1f20612236b55bde,,10723,720,no,8,yes,no
cloudphysics,cloudphysics_alibaba_block_head_50k,32,10003,cloudphysics_alibaba_block_head_50k|cap=32|t=10003,1f20612236b55bde,,10723,720,no,16,yes,no
cloudphysics,cloudphysics_alibaba_block_head_50k,32,10004,cloudphysics_alibaba_block_head_50k|cap=32|t=10004,2b3aa795ef40efd2,,17802,7798,no,1,yes,no
cloudphysics,cloudphysics_alibaba_block_head_50k,32,10004,cloudphysics_alibaba_block_head_50k|cap=32|t=10004,2b3aa795ef40efd2,,17802,7798,no,2,yes,no
cloudphysics,cloudphysics_alibaba_block_head_50k,32,10004,cloudphysics_alibaba_block_head_50k|cap=32|t=10004,2b3aa795ef40efd2,,17802,7798,no,4,yes,no
cloudphysics,cloudphysics_alibaba_block_head_50k,32,10004,cloudphysics_alibaba_block_head_50k|cap=32|t=10004,2b3aa795ef40efd2,,17802,7798,no,8,yes,no
cloudphysics,cloudphysics_alibaba_block_head_50k,32,10004,cloudphysics_alibaba_block_head_50k|cap=32|t=10004,2b3aa795ef40efd2,,17802,7798,no,16,yes,no
cloudphysics,cloudphysics_alibaba_block_head_50k,32,10004,cloudphysics_alibaba_block_head_50k|cap=32|t=10004,169f8779c2d18c04,,10282,278,no,1,yes,no
cloudphysics,cloudphysics_alibaba_block_head_50k,32,10004,cloudphysics_alibaba_block_head_50k|cap=32|t=10004,169f8779c2d18c04,,10282,278,no,2,yes,no
cloudphysics,cloudphysics_alibaba_block_head_50k,32,10004,cloudphysics_alibaba_block_head_50k|cap=32|t=10004,169f8779c2d18c04,,10282,278,no,4,yes,no
cloudphysics,cloudphysics_alibaba_block_head_50k,32,10004,cloudphysics_alibaba_block_head_50k|cap=32|t=10004,169f8779c2d18c04,,10282,278,no,8,yes,no
cloudphysics,cloudphysics_alibaba_block_head_50k,32,10004,cloudphysics_alibaba_block_head_50k|cap=32|t=10004,169f8779c2d18c04,,10282,278,no,16,yes,no
cloudphysics,cloudphysics_alibaba_block_head_50k,32,10004,cloudphysics_alibaba_block_head_50k|cap=32|t=10004,1f20612236b55bde,,10723,719,no,1,yes,no
cloudphysics,cloudphysics_alibaba_block_head_50k,32,10004,cloudphysics_alibaba_block_head_50k|cap=32|t=10004,1f20612236b55bde,,10723,719,no,2,yes,no
cloudphysics,cloudphysics_alibaba_block_head_50k,32,10004,cloudphysics_alibaba_block_head_50k|cap=32|t=10004,1f20612236b55bde,,10723,719,no,4,yes,no
cloudphysics,cloudphysics_alibaba_block_head_50k,32,10004,cloudphysics_alibaba_block_head_50k|cap=32|t=10004,1f20612236b55bde,,10723,719,no,8,yes,no
cloudphysics,cloudphysics_alibaba_block_head_50k,32,10004,cloudphysics_alibaba_block_head_50k|cap=32|t=10004,1f20612236b55bde,,10723,719,no,16,yes,no
cloudphysics,cloudphysics_alibaba_block_head_50k,32,10004,cloudphysics_alibaba_block_head_50k|cap=32|t=10004,c13f728095682128,,13961,3957,no,1,yes,no
cloudphysics,cloudphysics_alibaba_block_head_50k,32,10004,cloudphysics_alibaba_block_head_50k|cap=32|t=10004,c13f728095682128,,13961,3957,no,2,yes,no
cloudphysics,cloudphysics_alibaba_block_head_50k,32,10004,cloudphysics_alibaba_block_head_50k|cap=32|t=10004,c13f728095682128,,13961,3957,no,4,yes,no
cloudphysics,cloudphysics_alibaba_block_head_50k,32,10004,cloudphysics_alibaba_block_head_50k|cap=32|t=10004,c13f728095682128,,13961,3957,no,8,yes,no
cloudphysics,cloudphysics_alibaba_block_head_50k,32,10004,cloudphysics_alibaba_block_head_50k|cap=32|t=10004,c13f728095682128,,13961,3957,no,16,yes,no
cloudphysics,cloudphysics_alibaba_block_head_50k,32,10005,cloudphysics_alibaba_block_head_50k|cap=32|t=10005,2b3aa795ef40efd2,,17802,7797,no,1,yes,no
cloudphysics,cloudphysics_alibaba_block_head_50k,32,10005,cloudphysics_alibaba_block_head_50k|cap=32|t=10005,2b3aa795ef40efd2,,17802,7797,no,2,yes,no
cloudphysics,cloudphysics_alibaba_block_head_50k,32,10005,cloudphysics_alibaba_block_head_50k|cap=32|t=10005,2b3aa795ef40efd2,,17802,7797,no,4,yes,no
cloudphysics,cloudphysics_alibaba_block_head_50k,32,10005,cloudphysics_alibaba_block_head_50k|cap=32|t=10005,2b3aa795ef40efd2,,17802,7797,no,8,yes,no
cloudphysics,cloudphysics_alibaba_block_head_50k,32,10005,cloudphysics_alibaba_block_head_50k|cap=32|t=10005,2b3aa795ef40efd2,,17802,7797,no,16,yes,no
cloudphysics,cloudphysics_alibaba_block_head_50k,32,10005,cloudphysics_alibaba_block_head_50k|cap=32|t=10005,169f8779c2d18c04,,10282,277,no,1,yes,no
cloudphysics,cloudphysics_alibaba_block_head_50k,32,10005,cloudphysics_alibaba_block_head_50k|cap=32|t=10005,169f8779c2d18c04,,10282,277,no,2,yes,no
cloudphysics,cloudphysics_alibaba_block_head_50k,32,10005,cloudphysics_alibaba_block_head_50k|cap=32|t=10005,169f8779c2d18c04,,10282,277,no,4,yes,no
cloudphysics,cloudphysics_alibaba_block_head_50k,32,10005,cloudphysics_alibaba_block_head_50k|cap=32|t=10005,169f8779c2d18c04,,10282,277,no,8,yes,no
cloudphysics,cloudphysics_alibaba_block_head_50k,32,10005,cloudphysics_alibaba_block_head_50k|cap=32|t=10005,169f8779c2d18c04,,10282,277,no,16,yes,no
cloudphysics,cloudphysics_alibaba_block_head_50k,32,10005,cloudphysics_alibaba_block_head_50k|cap=32|t=10005,1f20612236b55bde,,10723,718,no,1,yes,no
cloudphysics,cloudphysics_alibaba_block_head_50k,32,10005,cloudphysics_alibaba_block_head_50k|cap=32|t=10005,1f20612236b55bde,,10723,718,no,2,yes,no
cloudphysics,cloudphysics_alibaba_block_head_50k,32,10005,cloudphysics_alibaba_block_head_50k|cap=32|t=10005,1f20612236b55bde,,10723,718,no,4,yes,no
cloudphysics,cloudphysics_alibaba_block_head_50k,32,10005,cloudphysics_alibaba_block_head_50k|cap=32|t=10005,1f20612236b55bde,,10723,718,no,8,yes,no
cloudphysics,cloudphysics_alibaba_block_head_50k,32,10005,cloudphysics_alibaba_block_head_50k|cap=32|t=10005,1f20612236b55bde,,10723,718,no,16,yes,no
cloudphysics,cloudphysics_alibaba_block_head_50k,32,10005,cloudphysics_alibaba_block_head_50k|cap=32|t=10005,c13f728095682128,,13961,3956,no,1,yes,no
cloudphysics,cloudphysics_alibaba_block_head_50k,32,10005,cloudphysics_alibaba_block_head_50k|cap=32|t=10005,c13f728095682128,,13961,3956,no,2,yes,no
cloudphysics,cloudphysics_alibaba_block_head_50k,32,10005,cloudphysics_alibaba_block_head_50k|cap=32|t=10005,c13f728095682128,,13961,3956,no,4,yes,no
cloudphysics,cloudphysics_alibaba_block_head_50k,32,10005,cloudphysics_alibaba_block_head_50k|cap=32|t=10005,c13f728095682128,,13961,3956,no,8,yes,no
cloudphysics,cloudphysics_alibaba_block_head_50k,32,10005,cloudphysics_alibaba_block_head_50k|cap=32|t=10005,c13f728095682128,,13961,3956,no,16,yes,no
cloudphysics,cloudphysics_alibaba_block_head_50k,64,10000,cloudphysics_alibaba_block_head_50k|cap=64|t=10000,cf651e25157858db,,,inf,yes,1,yes,no
cloudphysics,cloudphysics_alibaba_block_head_50k,64,10000,cloudphysics_alibaba_block_head_50k|cap=64|t=10000,cf651e25157858db,,,inf,yes,2,yes,no
cloudphysics,cloudphysics_alibaba_block_head_50k,64,10000,cloudphysics_alibaba_block_head_50k|cap=64|t=10000,cf651e25157858db,,,inf,yes,4,yes,no
cloudphysics,cloudphysics_alibaba_block_head_50k,64,10000,cloudphysics_alibaba_block_head_50k|cap=64|t=10000,cf651e25157858db,,,inf,yes,8,yes,no
cloudphysics,cloudphysics_alibaba_block_head_50k,64,10000,cloudphysics_alibaba_block_head_50k|cap=64|t=10000,cf651e25157858db,,,inf,yes,16,yes,no
cloudphysics,cloudphysics_alibaba_block_head_50k,64,10000,cloudphysics_alibaba_block_head_50k|cap=64|t=10000,f64a55831cac5b4a,,,inf,yes,1,yes,no
cloudphysics,cloudphysics_alibaba_block_head_50k,64,10000,cloudphysics_alibaba_block_head_50k|cap=64|t=10000,f64a55831cac5b4a,,,inf,yes,2,yes,no
cloudphysics,cloudphysics_alibaba_block_head_50k,64,10000,cloudphysics_alibaba_block_head_50k|cap=64|t=10000,f64a55831cac5b4a,,,inf,yes,4,yes,no
cloudphysics,cloudphysics_alibaba_block_head_50k,64,10000,cloudphysics_alibaba_block_head_50k|cap=64|t=10000,f64a55831cac5b4a,,,inf,yes,8,yes,no
cloudphysics,cloudphysics_alibaba_block_head_50k,64,10000,cloudphysics_alibaba_block_head_50k|cap=64|t=10000,f64a55831cac5b4a,,,inf,yes,16,yes,no
cloudphysics,cloudphysics_alibaba_block_head_50k,64,10000,cloudphysics_alibaba_block_head_50k|cap=64|t=10000,5a1ee67260ace883,,,inf,yes,1,yes,no
cloudphysics,cloudphysics_alibaba_block_head_50k,64,10000,cloudphysics_alibaba_block_head_50k|cap=64|t=10000,5a1ee67260ace883,,,inf,yes,2,yes,no
cloudphysics,cloudphysics_alibaba_block_head_50k,64,10000,cloudphysics_alibaba_block_head_50k|cap=64|t=10000,5a1ee67260ace883,,,inf,yes,4,yes,no
cloudphysics,cloudphysics_alibaba_block_head_50k,64,10000,cloudphysics_alibaba_block_head_50k|cap=64|t=10000,5a1ee67260ace883,,,inf,yes,8,yes,no
cloudphysics,cloudphysics_alibaba_block_head_50k,64,10000,cloudphysics_alibaba_block_head_50k|cap=64|t=10000,5a1ee67260ace883,,,inf,yes,16,yes,no
cloudphysics,cloudphysics_alibaba_block_head_50k,64,10000,cloudphysics_alibaba_block_head_50k|cap=64|t=10000,6acebd0ed3b5313c,,,inf,yes,1,yes,no
cloudphysics,cloudphysics_alibaba_block_head_50k,64,10000,cloudphysics_alibaba_block_head_50k|cap=64|t=10000,6acebd0ed3b5313c,,,inf,yes,2,yes,no
cloudphysics,cloudphysics_alibaba_block_head_50k,64,10000,cloudphysics_alibaba_block_head_50k|cap=64|t=10000,6acebd0ed3b5313c,,,inf,yes,4,yes,no
cloudphysics,cloudphysics_alibaba_block_head_50k,64,10000,cloudphysics_alibaba_block_head_50k|cap=64|t=10000,6acebd0ed3b5313c,,,inf,yes,8,yes,no
cloudphysics,cloudphysics_alibaba_block_head_50k,64,10000,cloudphysics_alibaba_block_head_50k|cap=64|t=10000,6acebd0ed3b5313c,,,inf,yes,16,yes,no
cloudphysics,cloudphysics_alibaba_block_head_50k,64,10000,cloudphysics_alibaba_block_head_50k|cap=64|t=10000,cad5d02dc59efc50,,,inf,yes,1,yes,no
cloudphysics,cloudphysics_alibaba_block_head_50k,64,10000,cloudphysics_alibaba_block_head_50k|cap=64|t=10000,cad5d02dc59efc50,,,inf,yes,2,yes,no
cloudphysics,cloudphysics_alibaba_block_head_50k,64,10000,cloudphysics_alibaba_block_head_50k|cap=64|t=10000,cad5d02dc59efc50,,,inf,yes,4,yes,no
cloudphysics,cloudphysics_alibaba_block_head_50k,64,10000,cloudphysics_alibaba_block_head_50k|cap=64|t=10000,cad5d02dc59efc50,,,inf,yes,8,yes,no
cloudphysics,cloudphysics_alibaba_block_head_50k,64,10000,cloudphysics_alibaba_block_head_50k|cap=64|t=10000,cad5d02dc59efc50,,,inf,yes,16,yes,no
cloudphysics,cloudphysics_alibaba_block_head_50k,64,10000,cloudphysics_alibaba_block_head_50k|cap=64|t=10000,0995d16c68adf721,,,inf,yes,1,yes,no
cloudphysics,cloudphysics_alibaba_block_head_50k,64,10000,cloudphysics_alibaba_block_head_50k|cap=64|t=10000,0995d16c68adf721,,,inf,yes,2,yes,no
cloudphysics,cloudphysics_alibaba_block_head_50k,64,10000,cloudphysics_alibaba_block_head_50k|cap=64|t=10000,0995d16c68adf721,,,inf,yes,4,yes,no
cloudphysics,cloudphysics_alibaba_block_head_50k,64,10000,cloudphysics_alibaba_block_head_50k|cap=64|t=10000,0995d16c68adf721,,,inf,yes,8,yes,no
cloudphysics,cloudphysics_alibaba_block_head_50k,64,10000,cloudphysics_alibaba_block_head_50k|cap=64|t=10000,0995d16c68adf721,,,inf,yes,16,yes,no
cloudphysics,cloudphysics_alibaba_block_head_50k,64,10000,cloudphysics_alibaba_block_head_50k|cap=64|t=10000,0db6f35e641b4132,,,inf,yes,1,yes,no
cloudphysics,cloudphysics_alibaba_block_head_50k,64,10000,cloudphysics_alibaba_block_head_50k|cap=64|t=10000,0db6f35e641b4132,,,inf,yes,2,yes,no
cloudphysics,cloudphysics_alibaba_block_head_50k,64,10000,cloudphysics_alibaba_block_head_50k|cap=64|t=10000,0db6f35e641b4132,,,inf,yes,4,yes,no
cloudphysics,cloudphysics_alibaba_block_head_50k,64,10000,cloudphysics_alibaba_block_head_50k|cap=64|t=10000,0db6f35e641b4132,,,inf,yes,8,yes,no
cloudphysics,cloudphysics_alibaba_block_head_50k,64,10000,cloudphysics_alibaba_block_head_50k|cap=64|t=10000,0db6f35e641b4132,,,inf,yes,16,yes,no
cloudphysics,cloudphysics_alibaba_block_head_50k,64,10000,cloudphysics_alibaba_block_head_50k|cap=64|t=10000,b5e97dc8d790b520,,,inf,yes,1,yes,no
cloudphysics,cloudphysics_alibaba_block_head_50k,64,10000,cloudphysics_alibaba_block_head_50k|cap=64|t=10000,b5e97dc8d790b520,,,inf,yes,2,yes,no
cloudphysics,cloudphysics_alibaba_block_head_50k,64,10000,cloudphysics_alibaba_block_head_50k|cap=64|t=10000,b5e97dc8d790b520,,,inf,yes,4,yes,no
cloudphysics,cloudphysics_alibaba_block_head_50k,64,10000,cloudphysics_alibaba_block_head_50k|cap=64|t=10000,b5e97dc8d790b520,,,inf,yes,8,yes,no
cloudphysics,cloudphysics_alibaba_block_head_50k,64,10000,cloudphysics_alibaba_block_head_50k|cap=64|t=10000,b5e97dc8d790b520,,,inf,yes,16,yes,no
cloudphysics,cloudphysics_alibaba_block_head_50k,64,10000,cloudphysics_alibaba_block_head_50k|cap=64|t=10000,562201b6979c7e60,,,inf,yes,1,yes,no
cloudphysics,cloudphysics_alibaba_block_head_50k,64,10000,cloudphysics_alibaba_block_head_50k|cap=64|t=10000,562201b6979c7e60,,,inf,yes,2,yes,no
cloudphysics,cloudphysics_alibaba_block_head_50k,64,10000,cloudphysics_alibaba_block_head_50k|cap=64|t=10000,562201b6979c7e60,,,inf,yes,4,yes,no
cloudphysics,cloudphysics_alibaba_block_head_50k,64,10000,cloudphysics_alibaba_block_head_50k|cap=64|t=10000,562201b6979c7e60,,,inf,yes,8,yes,no
cloudphysics,cloudphysics_alibaba_block_head_50k,64,10000,cloudphysics_alibaba_block_head_50k|cap=64|t=10000,562201b6979c7e60,,,inf,yes,16,yes,no
cloudphysics,cloudphysics_alibaba_block_head_50k,64,10000,cloudphysics_alibaba_block_head_50k|cap=64|t=10000,fb8b8e64e656a32d,,,inf,yes,1,yes,no
cloudphysics,cloudphysics_alibaba_block_head_50k,64,10000,cloudphysics_alibaba_block_head_50k|cap=64|t=10000,fb8b8e64e656a32d,,,inf,yes,2,yes,no
cloudphysics,cloudphysics_alibaba_block_head_50k,64,10000,cloudphysics_alibaba_block_head_50k|cap=64|t=10000,fb8b8e64e656a32d,,,inf,yes,4,yes,no
cloudphysics,cloudphysics_alibaba_block_head_50k,64,10000,cloudphysics_alibaba_block_head_50k|cap=64|t=10000,fb8b8e64e656a32d,,,inf,yes,8,yes,no
cloudphysics,cloudphysics_alibaba_block_head_50k,64,10000,cloudphysics_alibaba_block_head_50k|cap=64|t=10000,fb8b8e64e656a32d,,,inf,yes,16,yes,no
cloudphysics,cloudphysics_alibaba_block_head_50k,64,10000,cloudphysics_alibaba_block_head_50k|cap=64|t=10000,729363961aea6bd6,,,inf,yes,1,yes,no
cloudphysics,cloudphysics_alibaba_block_head_50k,64,10000,cloudphysics_alibaba_block_head_50k|cap=64|t=10000,729363961aea6bd6,,,inf,yes,2,yes,no
cloudphysics,cloudphysics_alibaba_block_head_50k,64,10000,cloudphysics_alibaba_block_head_50k|cap=64|t=10000,729363961aea6bd6,,,inf,yes,4,yes,no
cloudphysics,cloudphysics_alibaba_block_head_50k,64,10000,cloudphysics_alibaba_block_head_50k|cap=64|t=10000,729363961aea6bd6,,,inf,yes,8,yes,no
cloudphysics,cloudphysics_alibaba_block_head_50k,64,10000,cloudphysics_alibaba_block_head_50k|cap=64|t=10000,729363961aea6bd6,,,inf,yes,16,yes,no
cloudphysics,cloudphysics_alibaba_block_head_50k,64,10000,cloudphysics_alibaba_block_head_50k|cap=64|t=10000,d0e88d74ccd2d24e,,,inf,yes,1,yes,no
cloudphysics,cloudphysics_alibaba_block_head_50k,64,10000,cloudphysics_alibaba_block_head_50k|cap=64|t=10000,d0e88d74ccd2d24e,,,inf,yes,2,yes,no
cloudphysics,cloudphysics_alibaba_block_head_50k,64,10000,cloudphysics_alibaba_block_head_50k|cap=64|t=10000,d0e88d74ccd2d24e,,,inf,yes,4,yes,no
cloudphysics,cloudphysics_alibaba_block_head_50k,64,10000,cloudphysics_alibaba_block_head_50k|cap=64|t=10000,d0e88d74ccd2d24e,,,inf,yes,8,yes,no
cloudphysics,cloudphysics_alibaba_block_head_50k,64,10000,cloudphysics_alibaba_block_head_50k|cap=64|t=10000,d0e88d74ccd2d24e,,,inf,yes,16,yes,no
cloudphysics,cloudphysics_alibaba_block_head_50k,64,10000,cloudphysics_alibaba_block_head_50k|cap=64|t=10000,2f78be902d459feb,,,inf,yes,1,yes,no
cloudphysics,cloudphysics_alibaba_block_head_50k,64,10000,cloudphysics_alibaba_block_head_50k|cap=64|t=10000,2f78be902d459feb,,,inf,yes,2,yes,no
cloudphysics,cloudphysics_alibaba_block_head_50k,64,10000,cloudphysics_alibaba_block_head_50k|cap=64|t=10000,2f78be902d459feb,,,inf,yes,4,yes,no
cloudphysics,cloudphysics_alibaba_block_head_50k,64,10000,cloudphysics_alibaba_block_head_50k|cap=64|t=10000,2f78be902d459feb,,,inf,yes,8,yes,no
cloudphysics,cloudphysics_alibaba_block_head_50k,64,10000,cloudphysics_alibaba_block_head_50k|cap=64|t=10000,2f78be902d459feb,,,inf,yes,16,yes,no
cloudphysics,cloudphysics_alibaba_block_head_50k,64,10000,cloudphysics_alibaba_block_head_50k|cap=64|t=10000,3237ec1faaaf07e2,,,inf,yes,1,yes,no
cloudphysics,cloudphysics_alibaba_block_head_50k,64,10000,cloudphysics_alibaba_block_head_50k|cap=64|t=10000,3237ec1faaaf07e2,,,inf,yes,2,yes,no
cloudphysics,cloudphysics_alibaba_block_head_50k,64,10000,cloudphysics_alibaba_block_head_50k|cap=64|t=10000,3237ec1faaaf07e2,,,inf,yes,4,yes,no
cloudphysics,cloudphysics_alibaba_block_head_50k,64,10000,cloudphysics_alibaba_block_head_50k|cap=64|t=10000,3237ec1faaaf07e2,,,inf,yes,8,yes,no
cloudphysics,cloudphysics_alibaba_block_head_50k,64,10000,cloudphysics_alibaba_block_head_50k|cap=64|t=10000,3237ec1faaaf07e2,,,inf,yes,16,yes,no
cloudphysics,cloudphysics_alibaba_block_head_50k,64,10000,cloudphysics_alibaba_block_head_50k|cap=64|t=10000,023e4858858831d5,,,inf,yes,1,yes,no
cloudphysics,cloudphysics_alibaba_block_head_50k,64,10000,cloudphysics_alibaba_block_head_50k|cap=64|t=10000,023e4858858831d5,,,inf,yes,2,yes,no
cloudphysics,cloudphysics_alibaba_block_head_50k,64,10000,cloudphysics_alibaba_block_head_50k|cap=64|t=10000,023e4858858831d5,,,inf,yes,4,yes,no
cloudphysics,cloudphysics_alibaba_block_head_50k,64,10000,cloudphysics_alibaba_block_head_50k|cap=64|t=10000,023e4858858831d5,,,inf,yes,8,yes,no
cloudphysics,cloudphysics_alibaba_block_head_50k,64,10000,cloudphysics_alibaba_block_head_50k|cap=64|t=10000,023e4858858831d5,,,inf,yes,16,yes,no
cloudphysics,cloudphysics_alibaba_block_head_50k,64,10000,cloudphysics_alibaba_block_head_50k|cap=64|t=10000,b07f5a582faa940f,,,inf,yes,1,yes,no
cloudphysics,cloudphysics_alibaba_block_head_50k,64,10000,cloudphysics_alibaba_block_head_50k|cap=64|t=10000,b07f5a582faa940f,,,inf,yes,2,yes,no
cloudphysics,cloudphysics_alibaba_block_head_50k,64,10000,cloudphysics_alibaba_block_head_50k|cap=64|t=10000,b07f5a582faa940f,,,inf,yes,4,yes,no
cloudphysics,cloudphysics_alibaba_block_head_50k,64,10000,cloudphysics_alibaba_block_head_50k|cap=64|t=10000,b07f5a582faa940f,,,inf,yes,8,yes,no
cloudphysics,cloudphysics_alibaba_block_head_50k,64,10000,cloudphysics_alibaba_block_head_50k|cap=64|t=10000,b07f5a582faa940f,,,inf,yes,16,yes,no
cloudphysics,cloudphysics_alibaba_block_head_50k,64,10000,cloudphysics_alibaba_block_head_50k|cap=64|t=10000,b0a9f698f332ca28,,,inf,yes,1,yes,no
cloudphysics,cloudphysics_alibaba_block_head_50k,64,10000,cloudphysics_alibaba_block_head_50k|cap=64|t=10000,b0a9f698f332ca28,,,inf,yes,2,yes,no
cloudphysics,cloudphysics_alibaba_block_head_50k,64,10000,cloudphysics_alibaba_block_head_50k|cap=64|t=10000,b0a9f698f332ca28,,,inf,yes,4,yes,no
cloudphysics,cloudphysics_alibaba_block_head_50k,64,10000,cloudphysics_alibaba_block_head_50k|cap=64|t=10000,b0a9f698f332ca28,,,inf,yes,8,yes,no
cloudphysics,cloudphysics_alibaba_block_head_50k,64,10000,cloudphysics_alibaba_block_head_50k|cap=64|t=10000,b0a9f698f332ca28,,,inf,yes,16,yes,no
cloudphysics,cloudphysics_alibaba_block_head_50k,64,10000,cloudphysics_alibaba_block_head_50k|cap=64|t=10000,3132b2ebaa757128,,,inf,yes,1,yes,no
cloudphysics,cloudphysics_alibaba_block_head_50k,64,10000,cloudphysics_alibaba_block_head_50k|cap=64|t=10000,3132b2ebaa757128,,,inf,yes,2,yes,no
cloudphysics,cloudphysics_alibaba_block_head_50k,64,10000,cloudphysics_alibaba_block_head_50k|cap=64|t=10000,3132b2ebaa757128,,,inf,yes,4,yes,no
cloudphysics,cloudphysics_alibaba_block_head_50k,64,10000,cloudphysics_alibaba_block_head_50k|cap=64|t=10000,3132b2ebaa757128,,,inf,yes,8,yes,no
cloudphysics,cloudphysics_alibaba_block_head_50k,64,10000,cloudphysics_alibaba_block_head_50k|cap=64|t=10000,3132b2ebaa757128,,,inf,yes,16,yes,no
cloudphysics,cloudphysics_alibaba_block_head_50k,64,10000,cloudphysics_alibaba_block_head_50k|cap=64|t=10000,752a722baf05dd38,,,inf,yes,1,yes,no
cloudphysics,cloudphysics_alibaba_block_head_50k,64,10000,cloudphysics_alibaba_block_head_50k|cap=64|t=10000,752a722baf05dd38,,,inf,yes,2,yes,no
cloudphysics,cloudphysics_alibaba_block_head_50k,64,10000,cloudphysics_alibaba_block_head_50k|cap=64|t=10000,752a722baf05dd38,,,inf,yes,4,yes,no
cloudphysics,cloudphysics_alibaba_block_head_50k,64,10000,cloudphysics_alibaba_block_head_50k|cap=64|t=10000,752a722baf05dd38,,,inf,yes,8,yes,no
cloudphysics,cloudphysics_alibaba_block_head_50k,64,10000,cloudphysics_alibaba_block_head_50k|cap=64|t=10000,752a722baf05dd38,,,inf,yes,16,yes,no
cloudphysics,cloudphysics_alibaba_block_head_50k,64,10000,cloudphysics_alibaba_block_head_50k|cap=64|t=10000,1daf7fa431e0c1b6,,,inf,yes,1,yes,no
cloudphysics,cloudphysics_alibaba_block_head_50k,64,10000,cloudphysics_alibaba_block_head_50k|cap=64|t=10000,1daf7fa431e0c1b6,,,inf,yes,2,yes,no
cloudphysics,cloudphysics_alibaba_block_head_50k,64,10000,cloudphysics_alibaba_block_head_50k|cap=64|t=10000,1daf7fa431e0c1b6,,,inf,yes,4,yes,no
cloudphysics,cloudphysics_alibaba_block_head_50k,64,10000,cloudphysics_alibaba_block_head_50k|cap=64|t=10000,1daf7fa431e0c1b6,,,inf,yes,8,yes,no
cloudphysics,cloudphysics_alibaba_block_head_50k,64,10000,cloudphysics_alibaba_block_head_50k|cap=64|t=10000,1daf7fa431e0c1b6,,,inf,yes,16,yes,no
cloudphysics,cloudphysics_alibaba_block_head_50k,64,10000,cloudphysics_alibaba_block_head_50k|cap=64|t=10000,187457e8533d25be,,10029,29,no,1,yes,no
cloudphysics,cloudphysics_alibaba_block_head_50k,64,10000,cloudphysics_alibaba_block_head_50k|cap=64|t=10000,187457e8533d25be,,10029,29,no,2,yes,no
cloudphysics,cloudphysics_alibaba_block_head_50k,64,10000,cloudphysics_alibaba_block_head_50k|cap=64|t=10000,187457e8533d25be,,10029,29,no,4,yes,no
cloudphysics,cloudphysics_alibaba_block_head_50k,64,10000,cloudphysics_alibaba_block_head_50k|cap=64|t=10000,187457e8533d25be,,10029,29,no,8,yes,no
cloudphysics,cloudphysics_alibaba_block_head_50k,64,10000,cloudphysics_alibaba_block_head_50k|cap=64|t=10000,187457e8533d25be,,10029,29,no,16,yes,no
cloudphysics,cloudphysics_alibaba_block_head_50k,64,10000,cloudphysics_alibaba_block_head_50k|cap=64|t=10000,2b3aa795ef40efd2,,17802,7802,no,1,yes,no
cloudphysics,cloudphysics_alibaba_block_head_50k,64,10000,cloudphysics_alibaba_block_head_50k|cap=64|t=10000,2b3aa795ef40efd2,,17802,7802,no,2,yes,no
cloudphysics,cloudphysics_alibaba_block_head_50k,64,10000,cloudphysics_alibaba_block_head_50k|cap=64|t=10000,2b3aa795ef40efd2,,17802,7802,no,4,yes,no
cloudphysics,cloudphysics_alibaba_block_head_50k,64,10000,cloudphysics_alibaba_block_head_50k|cap=64|t=10000,2b3aa795ef40efd2,,17802,7802,no,8,yes,no
cloudphysics,cloudphysics_alibaba_block_head_50k,64,10000,cloudphysics_alibaba_block_head_50k|cap=64|t=10000,2b3aa795ef40efd2,,17802,7802,no,16,yes,no
cloudphysics,cloudphysics_alibaba_block_head_50k,64,10000,cloudphysics_alibaba_block_head_50k|cap=64|t=10000,169f8779c2d18c04,,10282,282,no,1,yes,no
cloudphysics,cloudphysics_alibaba_block_head_50k,64,10000,cloudphysics_alibaba_block_head_50k|cap=64|t=10000,169f8779c2d18c04,,10282,282,no,2,yes,no
cloudphysics,cloudphysics_alibaba_block_head_50k,64,10000,cloudphysics_alibaba_block_head_50k|cap=64|t=10000,169f8779c2d18c04,,10282,282,no,4,yes,no
cloudphysics,cloudphysics_alibaba_block_head_50k,64,10000,cloudphysics_alibaba_block_head_50k|cap=64|t=10000,169f8779c2d18c04,,10282,282,no,8,yes,no
cloudphysics,cloudphysics_alibaba_block_head_50k,64,10000,cloudphysics_alibaba_block_head_50k|cap=64|t=10000,169f8779c2d18c04,,10282,282,no,16,yes,no
cloudphysics,cloudphysics_alibaba_block_head_50k,64,10000,cloudphysics_alibaba_block_head_50k|cap=64|t=10000,1f20612236b55bde,,10723,723,no,1,yes,no
cloudphysics,cloudphysics_alibaba_block_head_50k,64,10000,cloudphysics_alibaba_block_head_50k|cap=64|t=10000,1f20612236b55bde,,10723,723,no,2,yes,no
cloudphysics,cloudphysics_alibaba_block_head_50k,64,10000,cloudphysics_alibaba_block_head_50k|cap=64|t=10000,1f20612236b55bde,,10723,723,no,4,yes,no
cloudphysics,cloudphysics_alibaba_block_head_50k,64,10000,cloudphysics_alibaba_block_head_50k|cap=64|t=10000,1f20612236b55bde,,10723,723,no,8,yes,no
cloudphysics,cloudphysics_alibaba_block_head_50k,64,10000,cloudphysics_alibaba_block_head_50k|cap=64|t=10000,1f20612236b55bde,,10723,723,no,16,yes,no
cloudphysics,cloudphysics_alibaba_block_head_50k,64,10001,cloudphysics_alibaba_block_head_50k|cap=64|t=10001,187457e8533d25be,,10029,28,no,1,yes,no
cloudphysics,cloudphysics_alibaba_block_head_50k,64,10001,cloudphysics_alibaba_block_head_50k|cap=64|t=10001,187457e8533d25be,,10029,28,no,2,yes,no
cloudphysics,cloudphysics_alibaba_block_head_50k,64,10001,cloudphysics_alibaba_block_head_50k|cap=64|t=10001,187457e8533d25be,,10029,28,no,4,yes,no
cloudphysics,cloudphysics_alibaba_block_head_50k,64,10001,cloudphysics_alibaba_block_head_50k|cap=64|t=10001,187457e8533d25be,,10029,28,no,8,yes,no
cloudphysics,cloudphysics_alibaba_block_head_50k,64,10001,cloudphysics_alibaba_block_head_50k|cap=64|t=10001,187457e8533d25be,,10029,28,no,16,yes,no
cloudphysics,cloudphysics_alibaba_block_head_50k,64,10001,cloudphysics_alibaba_block_head_50k|cap=64|t=10001,2b3aa795ef40efd2,,17802,7801,no,1,yes,no
cloudphysics,cloudphysics_alibaba_block_head_50k,64,10001,cloudphysics_alibaba_block_head_50k|cap=64|t=10001,2b3aa795ef40efd2,,17802,7801,no,2,yes,no
cloudphysics,cloudphysics_alibaba_block_head_50k,64,10001,cloudphysics_alibaba_block_head_50k|cap=64|t=10001,2b3aa795ef40efd2,,17802,7801,no,4,yes,no
cloudphysics,cloudphysics_alibaba_block_head_50k,64,10001,cloudphysics_alibaba_block_head_50k|cap=64|t=10001,2b3aa795ef40efd2,,17802,7801,no,8,yes,no
cloudphysics,cloudphysics_alibaba_block_head_50k,64,10001,cloudphysics_alibaba_block_head_50k|cap=64|t=10001,2b3aa795ef40efd2,,17802,7801,no,16,yes,no
cloudphysics,cloudphysics_alibaba_block_head_50k,64,10001,cloudphysics_alibaba_block_head_50k|cap=64|t=10001,169f8779c2d18c04,,10282,281,no,1,yes,no
cloudphysics,cloudphysics_alibaba_block_head_50k,64,10001,cloudphysics_alibaba_block_head_50k|cap=64|t=10001,169f8779c2d18c04,,10282,281,no,2,yes,no
cloudphysics,cloudphysics_alibaba_block_head_50k,64,10001,cloudphysics_alibaba_block_head_50k|cap=64|t=10001,169f8779c2d18c04,,10282,281,no,4,yes,no
cloudphysics,cloudphysics_alibaba_block_head_50k,64,10001,cloudphysics_alibaba_block_head_50k|cap=64|t=10001,169f8779c2d18c04,,10282,281,no,8,yes,no
cloudphysics,cloudphysics_alibaba_block_head_50k,64,10001,cloudphysics_alibaba_block_head_50k|cap=64|t=10001,169f8779c2d18c04,,10282,281,no,16,yes,no
cloudphysics,cloudphysics_alibaba_block_head_50k,64,10001,cloudphysics_alibaba_block_head_50k|cap=64|t=10001,1f20612236b55bde,,10723,722,no,1,yes,no
cloudphysics,cloudphysics_alibaba_block_head_50k,64,10001,cloudphysics_alibaba_block_head_50k|cap=64|t=10001,1f20612236b55bde,,10723,722,no,2,yes,no
cloudphysics,cloudphysics_alibaba_block_head_50k,64,10001,cloudphysics_alibaba_block_head_50k|cap=64|t=10001,1f20612236b55bde,,10723,722,no,4,yes,no
cloudphysics,cloudphysics_alibaba_block_head_50k,64,10001,cloudphysics_alibaba_block_head_50k|cap=64|t=10001,1f20612236b55bde,,10723,722,no,8,yes,no
cloudphysics,cloudphysics_alibaba_block_head_50k,64,10001,cloudphysics_alibaba_block_head_50k|cap=64|t=10001,1f20612236b55bde,,10723,722,no,16,yes,no
cloudphysics,cloudphysics_alibaba_block_head_50k,64,10002,cloudphysics_alibaba_block_head_50k|cap=64|t=10002,187457e8533d25be,,10029,27,no,1,yes,no
cloudphysics,cloudphysics_alibaba_block_head_50k,64,10002,cloudphysics_alibaba_block_head_50k|cap=64|t=10002,187457e8533d25be,,10029,27,no,2,yes,no
cloudphysics,cloudphysics_alibaba_block_head_50k,64,10002,cloudphysics_alibaba_block_head_50k|cap=64|t=10002,187457e8533d25be,,10029,27,no,4,yes,no
cloudphysics,cloudphysics_alibaba_block_head_50k,64,10002,cloudphysics_alibaba_block_head_50k|cap=64|t=10002,187457e8533d25be,,10029,27,no,8,yes,no
cloudphysics,cloudphysics_alibaba_block_head_50k,64,10002,cloudphysics_alibaba_block_head_50k|cap=64|t=10002,187457e8533d25be,,10029,27,no,16,yes,no
cloudphysics,cloudphysics_alibaba_block_head_50k,64,10002,cloudphysics_alibaba_block_head_50k|cap=64|t=10002,2b3aa795ef40efd2,,17802,7800,no,1,yes,no
cloudphysics,cloudphysics_alibaba_block_head_50k,64,10002,cloudphysics_alibaba_block_head_50k|cap=64|t=10002,2b3aa795ef40efd2,,17802,7800,no,2,yes,no
cloudphysics,cloudphysics_alibaba_block_head_50k,64,10002,cloudphysics_alibaba_block_head_50k|cap=64|t=10002,2b3aa795ef40efd2,,17802,7800,no,4,yes,no
cloudphysics,cloudphysics_alibaba_block_head_50k,64,10002,cloudphysics_alibaba_block_head_50k|cap=64|t=10002,2b3aa795ef40efd2,,17802,7800,no,8,yes,no
cloudphysics,cloudphysics_alibaba_block_head_50k,64,10002,cloudphysics_alibaba_block_head_50k|cap=64|t=10002,2b3aa795ef40efd2,,17802,7800,no,16,yes,no
cloudphysics,cloudphysics_alibaba_block_head_50k,64,10002,cloudphysics_alibaba_block_head_50k|cap=64|t=10002,169f8779c2d18c04,,10282,280,no,1,yes,no
cloudphysics,cloudphysics_alibaba_block_head_50k,64,10002,cloudphysics_alibaba_block_head_50k|cap=64|t=10002,169f8779c2d18c04,,10282,280,no,2,yes,no
cloudphysics,cloudphysics_alibaba_block_head_50k,64,10002,cloudphysics_alibaba_block_head_50k|cap=64|t=10002,169f8779c2d18c04,,10282,280,no,4,yes,no
cloudphysics,cloudphysics_alibaba_block_head_50k,64,10002,cloudphysics_alibaba_block_head_50k|cap=64|t=10002,169f8779c2d18c04,,10282,280,no,8,yes,no
cloudphysics,cloudphysics_alibaba_block_head_50k,64,10002,cloudphysics_alibaba_block_head_50k|cap=64|t=10002,169f8779c2d18c04,,10282,280,no,16,yes,no
cloudphysics,cloudphysics_alibaba_block_head_50k,64,10002,cloudphysics_alibaba_block_head_50k|cap=64|t=10002,1f20612236b55bde,,10723,721,no,1,yes,no
cloudphysics,cloudphysics_alibaba_block_head_50k,64,10002,cloudphysics_alibaba_block_head_50k|cap=64|t=10002,1f20612236b55bde,,10723,721,no,2,yes,no
cloudphysics,cloudphysics_alibaba_block_head_50k,64,10002,cloudphysics_alibaba_block_head_50k|cap=64|t=10002,1f20612236b55bde,,10723,721,no,4,yes,no
cloudphysics,cloudphysics_alibaba_block_head_50k,64,10002,cloudphysics_alibaba_block_head_50k|cap=64|t=10002,1f20612236b55bde,,10723,721,no,8,yes,no
cloudphysics,cloudphysics_alibaba_block_head_50k,64,10002,cloudphysics_alibaba_block_head_50k|cap=64|t=10002,1f20612236b55bde,,10723,721,no,16,yes,no
cloudphysics,cloudphysics_alibaba_block_head_50k,64,10003,cloudphysics_alibaba_block_head_50k|cap=64|t=10003,187457e8533d25be,,10029,26,no,1,yes,no
cloudphysics,cloudphysics_alibaba_block_head_50k,64,10003,cloudphysics_alibaba_block_head_50k|cap=64|t=10003,187457e8533d25be,,10029,26,no,2,yes,no
cloudphysics,cloudphysics_alibaba_block_head_50k,64,10003,cloudphysics_alibaba_block_head_50k|cap=64|t=10003,187457e8533d25be,,10029,26,no,4,yes,no
cloudphysics,cloudphysics_alibaba_block_head_50k,64,10003,cloudphysics_alibaba_block_head_50k|cap=64|t=10003,187457e8533d25be,,10029,26,no,8,yes,no
cloudphysics,cloudphysics_alibaba_block_head_50k,64,10003,cloudphysics_alibaba_block_head_50k|cap=64|t=10003,187457e8533d25be,,10029,26,no,16,yes,no
cloudphysics,cloudphysics_alibaba_block_head_50k,64,10003,cloudphysics_alibaba_block_head_50k|cap=64|t=10003,2b3aa795ef40efd2,,17802,7799,no,1,yes,no
cloudphysics,cloudphysics_alibaba_block_head_50k,64,10003,cloudphysics_alibaba_block_head_50k|cap=64|t=10003,2b3aa795ef40efd2,,17802,7799,no,2,yes,no
cloudphysics,cloudphysics_alibaba_block_head_50k,64,10003,cloudphysics_alibaba_block_head_50k|cap=64|t=10003,2b3aa795ef40efd2,,17802,7799,no,4,yes,no
cloudphysics,cloudphysics_alibaba_block_head_50k,64,10003,cloudphysics_alibaba_block_head_50k|cap=64|t=10003,2b3aa795ef40efd2,,17802,7799,no,8,yes,no
cloudphysics,cloudphysics_alibaba_block_head_50k,64,10003,cloudphysics_alibaba_block_head_50k|cap=64|t=10003,2b3aa795ef40efd2,,17802,7799,no,16,yes,no
cloudphysics,cloudphysics_alibaba_block_head_50k,64,10003,cloudphysics_alibaba_block_head_50k|cap=64|t=10003,169f8779c2d18c04,,10282,279,no,1,yes,no
cloudphysics,cloudphysics_alibaba_block_head_50k,64,10003,cloudphysics_alibaba_block_head_50k|cap=64|t=10003,169f8779c2d18c04,,10282,279,no,2,yes,no
cloudphysics,cloudphysics_alibaba_block_head_50k,64,10003,cloudphysics_alibaba_block_head_50k|cap=64|t=10003,169f8779c2d18c04,,10282,279,no,4,yes,no
cloudphysics,cloudphysics_alibaba_block_head_50k,64,10003,cloudphysics_alibaba_block_head_50k|cap=64|t=10003,169f8779c2d18c04,,10282,279,no,8,yes,no
cloudphysics,cloudphysics_alibaba_block_head_50k,64,10003,cloudphysics_alibaba_block_head_50k|cap=64|t=10003,169f8779c2d18c04,,10282,279,no,16,yes,no
cloudphysics,cloudphysics_alibaba_block_head_50k,64,10003,cloudphysics_alibaba_block_head_50k|cap=64|t=10003,1f20612236b55bde,,10723,720,no,1,yes,no
cloudphysics,cloudphysics_alibaba_block_head_50k,64,10003,cloudphysics_alibaba_block_head_50k|cap=64|t=10003,1f20612236b55bde,,10723,720,no,2,yes,no
cloudphysics,cloudphysics_alibaba_block_head_50k,64,10003,cloudphysics_alibaba_block_head_50k|cap=64|t=10003,1f20612236b55bde,,10723,720,no,4,yes,no
cloudphysics,cloudphysics_alibaba_block_head_50k,64,10003,cloudphysics_alibaba_block_head_50k|cap=64|t=10003,1f20612236b55bde,,10723,720,no,8,yes,no
cloudphysics,cloudphysics_alibaba_block_head_50k,64,10003,cloudphysics_alibaba_block_head_50k|cap=64|t=10003,1f20612236b55bde,,10723,720,no,16,yes,no
cloudphysics,cloudphysics_alibaba_block_head_50k,64,10004,cloudphysics_alibaba_block_head_50k|cap=64|t=10004,187457e8533d25be,,10029,25,no,1,yes,no
cloudphysics,cloudphysics_alibaba_block_head_50k,64,10004,cloudphysics_alibaba_block_head_50k|cap=64|t=10004,187457e8533d25be,,10029,25,no,2,yes,no
cloudphysics,cloudphysics_alibaba_block_head_50k,64,10004,cloudphysics_alibaba_block_head_50k|cap=64|t=10004,187457e8533d25be,,10029,25,no,4,yes,no
cloudphysics,cloudphysics_alibaba_block_head_50k,64,10004,cloudphysics_alibaba_block_head_50k|cap=64|t=10004,187457e8533d25be,,10029,25,no,8,yes,no
cloudphysics,cloudphysics_alibaba_block_head_50k,64,10004,cloudphysics_alibaba_block_head_50k|cap=64|t=10004,187457e8533d25be,,10029,25,no,16,yes,no
cloudphysics,cloudphysics_alibaba_block_head_50k,64,10004,cloudphysics_alibaba_block_head_50k|cap=64|t=10004,2b3aa795ef40efd2,,17802,7798,no,1,yes,no
cloudphysics,cloudphysics_alibaba_block_head_50k,64,10004,cloudphysics_alibaba_block_head_50k|cap=64|t=10004,2b3aa795ef40efd2,,17802,7798,no,2,yes,no
cloudphysics,cloudphysics_alibaba_block_head_50k,64,10004,cloudphysics_alibaba_block_head_50k|cap=64|t=10004,2b3aa795ef40efd2,,17802,7798,no,4,yes,no
cloudphysics,cloudphysics_alibaba_block_head_50k,64,10004,cloudphysics_alibaba_block_head_50k|cap=64|t=10004,2b3aa795ef40efd2,,17802,7798,no,8,yes,no
cloudphysics,cloudphysics_alibaba_block_head_50k,64,10004,cloudphysics_alibaba_block_head_50k|cap=64|t=10004,2b3aa795ef40efd2,,17802,7798,no,16,yes,no
cloudphysics,cloudphysics_alibaba_block_head_50k,64,10004,cloudphysics_alibaba_block_head_50k|cap=64|t=10004,169f8779c2d18c04,,10282,278,no,1,yes,no
cloudphysics,cloudphysics_alibaba_block_head_50k,64,10004,cloudphysics_alibaba_block_head_50k|cap=64|t=10004,169f8779c2d18c04,,10282,278,no,2,yes,no
cloudphysics,cloudphysics_alibaba_block_head_50k,64,10004,cloudphysics_alibaba_block_head_50k|cap=64|t=10004,169f8779c2d18c04,,10282,278,no,4,yes,no
cloudphysics,cloudphysics_alibaba_block_head_50k,64,10004,cloudphysics_alibaba_block_head_50k|cap=64|t=10004,169f8779c2d18c04,,10282,278,no,8,yes,no
cloudphysics,cloudphysics_alibaba_block_head_50k,64,10004,cloudphysics_alibaba_block_head_50k|cap=64|t=10004,169f8779c2d18c04,,10282,278,no,16,yes,no
cloudphysics,cloudphysics_alibaba_block_head_50k,64,10004,cloudphysics_alibaba_block_head_50k|cap=64|t=10004,1f20612236b55bde,,10723,719,no,1,yes,no
cloudphysics,cloudphysics_alibaba_block_head_50k,64,10004,cloudphysics_alibaba_block_head_50k|cap=64|t=10004,1f20612236b55bde,,10723,719,no,2,yes,no
cloudphysics,cloudphysics_alibaba_block_head_50k,64,10004,cloudphysics_alibaba_block_head_50k|cap=64|t=10004,1f20612236b55bde,,10723,719,no,4,yes,no
cloudphysics,cloudphysics_alibaba_block_head_50k,64,10004,cloudphysics_alibaba_block_head_50k|cap=64|t=10004,1f20612236b55bde,,10723,719,no,8,yes,no
cloudphysics,cloudphysics_alibaba_block_head_50k,64,10004,cloudphysics_alibaba_block_head_50k|cap=64|t=10004,1f20612236b55bde,,10723,719,no,16,yes,no
cloudphysics,cloudphysics_alibaba_block_head_50k,128,10000,cloudphysics_alibaba_block_head_50k|cap=128|t=10000,c8f7117703fe406e,,,inf,yes,1,yes,no
cloudphysics,cloudphysics_alibaba_block_head_50k,128,10000,cloudphysics_alibaba_block_head_50k|cap=128|t=10000,c8f7117703fe406e,,,inf,yes,2,yes,no
cloudphysics,cloudphysics_alibaba_block_head_50k,128,10000,cloudphysics_alibaba_block_head_50k|cap=128|t=10000,c8f7117703fe406e,,,inf,yes,4,yes,no
cloudphysics,cloudphysics_alibaba_block_head_50k,128,10000,cloudphysics_alibaba_block_head_50k|cap=128|t=10000,c8f7117703fe406e,,,inf,yes,8,yes,no
cloudphysics,cloudphysics_alibaba_block_head_50k,128,10000,cloudphysics_alibaba_block_head_50k|cap=128|t=10000,c8f7117703fe406e,,,inf,yes,16,yes,no
cloudphysics,cloudphysics_alibaba_block_head_50k,128,10000,cloudphysics_alibaba_block_head_50k|cap=128|t=10000,4690681d52fdc979,,,inf,yes,1,yes,no
cloudphysics,cloudphysics_alibaba_block_head_50k,128,10000,cloudphysics_alibaba_block_head_50k|cap=128|t=10000,4690681d52fdc979,,,inf,yes,2,yes,no
cloudphysics,cloudphysics_alibaba_block_head_50k,128,10000,cloudphysics_alibaba_block_head_50k|cap=128|t=10000,4690681d52fdc979,,,inf,yes,4,yes,no
cloudphysics,cloudphysics_alibaba_block_head_50k,128,10000,cloudphysics_alibaba_block_head_50k|cap=128|t=10000,4690681d52fdc979,,,inf,yes,8,yes,no
cloudphysics,cloudphysics_alibaba_block_head_50k,128,10000,cloudphysics_alibaba_block_head_50k|cap=128|t=10000,4690681d52fdc979,,,inf,yes,16,yes,no
cloudphysics,cloudphysics_alibaba_block_head_50k,128,10000,cloudphysics_alibaba_block_head_50k|cap=128|t=10000,de9868034de61fe7,,,inf,yes,1,yes,no
cloudphysics,cloudphysics_alibaba_block_head_50k,128,10000,cloudphysics_alibaba_block_head_50k|cap=128|t=10000,de9868034de61fe7,,,inf,yes,2,yes,no
cloudphysics,cloudphysics_alibaba_block_head_50k,128,10000,cloudphysics_alibaba_block_head_50k|cap=128|t=10000,de9868034de61fe7,,,inf,yes,4,yes,no
cloudphysics,cloudphysics_alibaba_block_head_50k,128,10000,cloudphysics_alibaba_block_head_50k|cap=128|t=10000,de9868034de61fe7,,,inf,yes,8,yes,no
cloudphysics,cloudphysics_alibaba_block_head_50k,128,10000,cloudphysics_alibaba_block_head_50k|cap=128|t=10000,de9868034de61fe7,,,inf,yes,16,yes,no
cloudphysics,cloudphysics_alibaba_block_head_50k,128,10000,cloudphysics_alibaba_block_head_50k|cap=128|t=10000,c3c7a822860a1f69,,,inf,yes,1,yes,no
cloudphysics,cloudphysics_alibaba_block_head_50k,128,10000,cloudphysics_alibaba_block_head_50k|cap=128|t=10000,c3c7a822860a1f69,,,inf,yes,2,yes,no
cloudphysics,cloudphysics_alibaba_block_head_50k,128,10000,cloudphysics_alibaba_block_head_50k|cap=128|t=10000,c3c7a822860a1f69,,,inf,yes,4,yes,no
cloudphysics,cloudphysics_alibaba_block_head_50k,128,10000,cloudphysics_alibaba_block_head_50k|cap=128|t=10000,c3c7a822860a1f69,,,inf,yes,8,yes,no
cloudphysics,cloudphysics_alibaba_block_head_50k,128,10000,cloudphysics_alibaba_block_head_50k|cap=128|t=10000,c3c7a822860a1f69,,,inf,yes,16,yes,no
cloudphysics,cloudphysics_alibaba_block_head_50k,128,10000,cloudphysics_alibaba_block_head_50k|cap=128|t=10000,32cf80f5ee81bad0,,,inf,yes,1,yes,no
cloudphysics,cloudphysics_alibaba_block_head_50k,128,10000,cloudphysics_alibaba_block_head_50k|cap=128|t=10000,32cf80f5ee81bad0,,,inf,yes,2,yes,no
cloudphysics,cloudphysics_alibaba_block_head_50k,128,10000,cloudphysics_alibaba_block_head_50k|cap=128|t=10000,32cf80f5ee81bad0,,,inf,yes,4,yes,no
cloudphysics,cloudphysics_alibaba_block_head_50k,128,10000,cloudphysics_alibaba_block_head_50k|cap=128|t=10000,32cf80f5ee81bad0,,,inf,yes,8,yes,no
cloudphysics,cloudphysics_alibaba_block_head_50k,128,10000,cloudphysics_alibaba_block_head_50k|cap=128|t=10000,32cf80f5ee81bad0,,,inf,yes,16,yes,no
cloudphysics,cloudphysics_alibaba_block_head_50k,128,10000,cloudphysics_alibaba_block_head_50k|cap=128|t=10000,d2847106c21b5ae5,,,inf,yes,1,yes,no
cloudphysics,cloudphysics_alibaba_block_head_50k,128,10000,cloudphysics_alibaba_block_head_50k|cap=128|t=10000,d2847106c21b5ae5,,,inf,yes,2,yes,no
cloudphysics,cloudphysics_alibaba_block_head_50k,128,10000,cloudphysics_alibaba_block_head_50k|cap=128|t=10000,d2847106c21b5ae5,,,inf,yes,4,yes,no
cloudphysics,cloudphysics_alibaba_block_head_50k,128,10000,cloudphysics_alibaba_block_head_50k|cap=128|t=10000,d2847106c21b5ae5,,,inf,yes,8,yes,no
cloudphysics,cloudphysics_alibaba_block_head_50k,128,10000,cloudphysics_alibaba_block_head_50k|cap=128|t=10000,d2847106c21b5ae5,,,inf,yes,16,yes,no
cloudphysics,cloudphysics_alibaba_block_head_50k,128,10000,cloudphysics_alibaba_block_head_50k|cap=128|t=10000,08eb42e35cd6b39a,,,inf,yes,1,yes,no
cloudphysics,cloudphysics_alibaba_block_head_50k,128,10000,cloudphysics_alibaba_block_head_50k|cap=128|t=10000,08eb42e35cd6b39a,,,inf,yes,2,yes,no
cloudphysics,cloudphysics_alibaba_block_head_50k,128,10000,cloudphysics_alibaba_block_head_50k|cap=128|t=10000,08eb42e35cd6b39a,,,inf,yes,4,yes,no
cloudphysics,cloudphysics_alibaba_block_head_50k,128,10000,cloudphysics_alibaba_block_head_50k|cap=128|t=10000,08eb42e35cd6b39a,,,inf,yes,8,yes,no
cloudphysics,cloudphysics_alibaba_block_head_50k,128,10000,cloudphysics_alibaba_block_head_50k|cap=128|t=10000,08eb42e35cd6b39a,,,inf,yes,16,yes,no
cloudphysics,cloudphysics_alibaba_block_head_50k,128,10000,cloudphysics_alibaba_block_head_50k|cap=128|t=10000,2ed51ac399a7389d,,,inf,yes,1,yes,no
cloudphysics,cloudphysics_alibaba_block_head_50k,128,10000,cloudphysics_alibaba_block_head_50k|cap=128|t=10000,2ed51ac399a7389d,,,inf,yes,2,yes,no
cloudphysics,cloudphysics_alibaba_block_head_50k,128,10000,cloudphysics_alibaba_block_head_50k|cap=128|t=10000,2ed51ac399a7389d,,,inf,yes,4,yes,no
cloudphysics,cloudphysics_alibaba_block_head_50k,128,10000,cloudphysics_alibaba_block_head_50k|cap=128|t=10000,2ed51ac399a7389d,,,inf,yes,8,yes,no
cloudphysics,cloudphysics_alibaba_block_head_50k,128,10000,cloudphysics_alibaba_block_head_50k|cap=128|t=10000,2ed51ac399a7389d,,,inf,yes,16,yes,no
cloudphysics,cloudphysics_alibaba_block_head_50k,128,10000,cloudphysics_alibaba_block_head_50k|cap=128|t=10000,90a36d4419e30bc0,,,inf,yes,1,yes,no
cloudphysics,cloudphysics_alibaba_block_head_50k,128,10000,cloudphysics_alibaba_block_head_50k|cap=128|t=10000,90a36d4419e30bc0,,,inf,yes,2,yes,no
cloudphysics,cloudphysics_alibaba_block_head_50k,128,10000,cloudphysics_alibaba_block_head_50k|cap=128|t=10000,90a36d4419e30bc0,,,inf,yes,4,yes,no
cloudphysics,cloudphysics_alibaba_block_head_50k,128,10000,cloudphysics_alibaba_block_head_50k|cap=128|t=10000,90a36d4419e30bc0,,,inf,yes,8,yes,no
cloudphysics,cloudphysics_alibaba_block_head_50k,128,10000,cloudphysics_alibaba_block_head_50k|cap=128|t=10000,90a36d4419e30bc0,,,inf,yes,16,yes,no
cloudphysics,cloudphysics_alibaba_block_head_50k,128,10000,cloudphysics_alibaba_block_head_50k|cap=128|t=10000,48e0890939afeafa,,,inf,yes,1,yes,no
cloudphysics,cloudphysics_alibaba_block_head_50k,128,10000,cloudphysics_alibaba_block_head_50k|cap=128|t=10000,48e0890939afeafa,,,inf,yes,2,yes,no
cloudphysics,cloudphysics_alibaba_block_head_50k,128,10000,cloudphysics_alibaba_block_head_50k|cap=128|t=10000,48e0890939afeafa,,,inf,yes,4,yes,no
cloudphysics,cloudphysics_alibaba_block_head_50k,128,10000,cloudphysics_alibaba_block_head_50k|cap=128|t=10000,48e0890939afeafa,,,inf,yes,8,yes,no
cloudphysics,cloudphysics_alibaba_block_head_50k,128,10000,cloudphysics_alibaba_block_head_50k|cap=128|t=10000,48e0890939afeafa,,,inf,yes,16,yes,no
cloudphysics,cloudphysics_alibaba_block_head_50k,128,10000,cloudphysics_alibaba_block_head_50k|cap=128|t=10000,8ccd84872d76015e,,,inf,yes,1,yes,no
cloudphysics,cloudphysics_alibaba_block_head_50k,128,10000,cloudphysics_alibaba_block_head_50k|cap=128|t=10000,8ccd84872d76015e,,,inf,yes,2,yes,no
cloudphysics,cloudphysics_alibaba_block_head_50k,128,10000,cloudphysics_alibaba_block_head_50k|cap=128|t=10000,8ccd84872d76015e,,,inf,yes,4,yes,no
cloudphysics,cloudphysics_alibaba_block_head_50k,128,10000,cloudphysics_alibaba_block_head_50k|cap=128|t=10000,8ccd84872d76015e,,,inf,yes,8,yes,no
cloudphysics,cloudphysics_alibaba_block_head_50k,128,10000,cloudphysics_alibaba_block_head_50k|cap=128|t=10000,8ccd84872d76015e,,,inf,yes,16,yes,no
cloudphysics,cloudphysics_alibaba_block_head_50k,128,10000,cloudphysics_alibaba_block_head_50k|cap=128|t=10000,209fb545868e1bf0,,,inf,yes,1,yes,no
cloudphysics,cloudphysics_alibaba_block_head_50k,128,10000,cloudphysics_alibaba_block_head_50k|cap=128|t=10000,209fb545868e1bf0,,,inf,yes,2,yes,no
cloudphysics,cloudphysics_alibaba_block_head_50k,128,10000,cloudphysics_alibaba_block_head_50k|cap=128|t=10000,209fb545868e1bf0,,,inf,yes,4,yes,no
cloudphysics,cloudphysics_alibaba_block_head_50k,128,10000,cloudphysics_alibaba_block_head_50k|cap=128|t=10000,209fb545868e1bf0,,,inf,yes,8,yes,no
cloudphysics,cloudphysics_alibaba_block_head_50k,128,10000,cloudphysics_alibaba_block_head_50k|cap=128|t=10000,209fb545868e1bf0,,,inf,yes,16,yes,no
cloudphysics,cloudphysics_alibaba_block_head_50k,128,10000,cloudphysics_alibaba_block_head_50k|cap=128|t=10000,83f04ccd4b5dec81,,,inf,yes,1,yes,no
cloudphysics,cloudphysics_alibaba_block_head_50k,128,10000,cloudphysics_alibaba_block_head_50k|cap=128|t=10000,83f04ccd4b5dec81,,,inf,yes,2,yes,no
cloudphysics,cloudphysics_alibaba_block_head_50k,128,10000,cloudphysics_alibaba_block_head_50k|cap=128|t=10000,83f04ccd4b5dec81,,,inf,yes,4,yes,no
cloudphysics,cloudphysics_alibaba_block_head_50k,128,10000,cloudphysics_alibaba_block_head_50k|cap=128|t=10000,83f04ccd4b5dec81,,,inf,yes,8,yes,no
cloudphysics,cloudphysics_alibaba_block_head_50k,128,10000,cloudphysics_alibaba_block_head_50k|cap=128|t=10000,83f04ccd4b5dec81,,,inf,yes,16,yes,no
cloudphysics,cloudphysics_alibaba_block_head_50k,128,10000,cloudphysics_alibaba_block_head_50k|cap=128|t=10000,62f173f8f0cb2368,,,inf,yes,1,yes,no
cloudphysics,cloudphysics_alibaba_block_head_50k,128,10000,cloudphysics_alibaba_block_head_50k|cap=128|t=10000,62f173f8f0cb2368,,,inf,yes,2,yes,no
cloudphysics,cloudphysics_alibaba_block_head_50k,128,10000,cloudphysics_alibaba_block_head_50k|cap=128|t=10000,62f173f8f0cb2368,,,inf,yes,4,yes,no
cloudphysics,cloudphysics_alibaba_block_head_50k,128,10000,cloudphysics_alibaba_block_head_50k|cap=128|t=10000,62f173f8f0cb2368,,,inf,yes,8,yes,no
cloudphysics,cloudphysics_alibaba_block_head_50k,128,10000,cloudphysics_alibaba_block_head_50k|cap=128|t=10000,62f173f8f0cb2368,,,inf,yes,16,yes,no
cloudphysics,cloudphysics_alibaba_block_head_50k,128,10000,cloudphysics_alibaba_block_head_50k|cap=128|t=10000,926087e7a6241e54,,,inf,yes,1,yes,no
cloudphysics,cloudphysics_alibaba_block_head_50k,128,10000,cloudphysics_alibaba_block_head_50k|cap=128|t=10000,926087e7a6241e54,,,inf,yes,2,yes,no
cloudphysics,cloudphysics_alibaba_block_head_50k,128,10000,cloudphysics_alibaba_block_head_50k|cap=128|t=10000,926087e7a6241e54,,,inf,yes,4,yes,no
cloudphysics,cloudphysics_alibaba_block_head_50k,128,10000,cloudphysics_alibaba_block_head_50k|cap=128|t=10000,926087e7a6241e54,,,inf,yes,8,yes,no
cloudphysics,cloudphysics_alibaba_block_head_50k,128,10000,cloudphysics_alibaba_block_head_50k|cap=128|t=10000,926087e7a6241e54,,,inf,yes,16,yes,no
cloudphysics,cloudphysics_alibaba_block_head_50k,128,10000,cloudphysics_alibaba_block_head_50k|cap=128|t=10000,3b3b703f813289ad,,,inf,yes,1,yes,no
cloudphysics,cloudphysics_alibaba_block_head_50k,128,10000,cloudphysics_alibaba_block_head_50k|cap=128|t=10000,3b3b703f813289ad,,,inf,yes,2,yes,no
cloudphysics,cloudphysics_alibaba_block_head_50k,128,10000,cloudphysics_alibaba_block_head_50k|cap=128|t=10000,3b3b703f813289ad,,,inf,yes,4,yes,no
cloudphysics,cloudphysics_alibaba_block_head_50k,128,10000,cloudphysics_alibaba_block_head_50k|cap=128|t=10000,3b3b703f813289ad,,,inf,yes,8,yes,no
cloudphysics,cloudphysics_alibaba_block_head_50k,128,10000,cloudphysics_alibaba_block_head_50k|cap=128|t=10000,3b3b703f813289ad,,,inf,yes,16,yes,no
cloudphysics,cloudphysics_alibaba_block_head_50k,128,10000,cloudphysics_alibaba_block_head_50k|cap=128|t=10000,53a2a0555432088a,,,inf,yes,1,yes,no
cloudphysics,cloudphysics_alibaba_block_head_50k,128,10000,cloudphysics_alibaba_block_head_50k|cap=128|t=10000,53a2a0555432088a,,,inf,yes,2,yes,no
cloudphysics,cloudphysics_alibaba_block_head_50k,128,10000,cloudphysics_alibaba_block_head_50k|cap=128|t=10000,53a2a0555432088a,,,inf,yes,4,yes,no
cloudphysics,cloudphysics_alibaba_block_head_50k,128,10000,cloudphysics_alibaba_block_head_50k|cap=128|t=10000,53a2a0555432088a,,,inf,yes,8,yes,no
cloudphysics,cloudphysics_alibaba_block_head_50k,128,10000,cloudphysics_alibaba_block_head_50k|cap=128|t=10000,53a2a0555432088a,,,inf,yes,16,yes,no
cloudphysics,cloudphysics_alibaba_block_head_50k,128,10000,cloudphysics_alibaba_block_head_50k|cap=128|t=10000,4904efb92ed09dc6,,,inf,yes,1,yes,no
cloudphysics,cloudphysics_alibaba_block_head_50k,128,10000,cloudphysics_alibaba_block_head_50k|cap=128|t=10000,4904efb92ed09dc6,,,inf,yes,2,yes,no
cloudphysics,cloudphysics_alibaba_block_head_50k,128,10000,cloudphysics_alibaba_block_head_50k|cap=128|t=10000,4904efb92ed09dc6,,,inf,yes,4,yes,no
cloudphysics,cloudphysics_alibaba_block_head_50k,128,10000,cloudphysics_alibaba_block_head_50k|cap=128|t=10000,4904efb92ed09dc6,,,inf,yes,8,yes,no
cloudphysics,cloudphysics_alibaba_block_head_50k,128,10000,cloudphysics_alibaba_block_head_50k|cap=128|t=10000,4904efb92ed09dc6,,,inf,yes,16,yes,no
cloudphysics,cloudphysics_alibaba_block_head_50k,128,10000,cloudphysics_alibaba_block_head_50k|cap=128|t=10000,f0486ad42c40c62d,,,inf,yes,1,yes,no
cloudphysics,cloudphysics_alibaba_block_head_50k,128,10000,cloudphysics_alibaba_block_head_50k|cap=128|t=10000,f0486ad42c40c62d,,,inf,yes,2,yes,no
cloudphysics,cloudphysics_alibaba_block_head_50k,128,10000,cloudphysics_alibaba_block_head_50k|cap=128|t=10000,f0486ad42c40c62d,,,inf,yes,4,yes,no
cloudphysics,cloudphysics_alibaba_block_head_50k,128,10000,cloudphysics_alibaba_block_head_50k|cap=128|t=10000,f0486ad42c40c62d,,,inf,yes,8,yes,no
cloudphysics,cloudphysics_alibaba_block_head_50k,128,10000,cloudphysics_alibaba_block_head_50k|cap=128|t=10000,f0486ad42c40c62d,,,inf,yes,16,yes,no
cloudphysics,cloudphysics_alibaba_block_head_50k,128,10000,cloudphysics_alibaba_block_head_50k|cap=128|t=10000,353cb6a511ffb397,,,inf,yes,1,yes,no
cloudphysics,cloudphysics_alibaba_block_head_50k,128,10000,cloudphysics_alibaba_block_head_50k|cap=128|t=10000,353cb6a511ffb397,,,inf,yes,2,yes,no
cloudphysics,cloudphysics_alibaba_block_head_50k,128,10000,cloudphysics_alibaba_block_head_50k|cap=128|t=10000,353cb6a511ffb397,,,inf,yes,4,yes,no
cloudphysics,cloudphysics_alibaba_block_head_50k,128,10000,cloudphysics_alibaba_block_head_50k|cap=128|t=10000,353cb6a511ffb397,,,inf,yes,8,yes,no
cloudphysics,cloudphysics_alibaba_block_head_50k,128,10000,cloudphysics_alibaba_block_head_50k|cap=128|t=10000,353cb6a511ffb397,,,inf,yes,16,yes,no
cloudphysics,cloudphysics_alibaba_block_head_50k,128,10000,cloudphysics_alibaba_block_head_50k|cap=128|t=10000,187457e8533d25be,,10029,29,no,1,yes,no
cloudphysics,cloudphysics_alibaba_block_head_50k,128,10000,cloudphysics_alibaba_block_head_50k|cap=128|t=10000,187457e8533d25be,,10029,29,no,2,yes,no
cloudphysics,cloudphysics_alibaba_block_head_50k,128,10000,cloudphysics_alibaba_block_head_50k|cap=128|t=10000,187457e8533d25be,,10029,29,no,4,yes,no
cloudphysics,cloudphysics_alibaba_block_head_50k,128,10000,cloudphysics_alibaba_block_head_50k|cap=128|t=10000,187457e8533d25be,,10029,29,no,8,yes,no
cloudphysics,cloudphysics_alibaba_block_head_50k,128,10000,cloudphysics_alibaba_block_head_50k|cap=128|t=10000,187457e8533d25be,,10029,29,no,16,yes,no
cloudphysics,cloudphysics_alibaba_block_head_50k,128,10000,cloudphysics_alibaba_block_head_50k|cap=128|t=10000,2b3aa795ef40efd2,,17802,7802,no,1,yes,no
cloudphysics,cloudphysics_alibaba_block_head_50k,128,10000,cloudphysics_alibaba_block_head_50k|cap=128|t=10000,2b3aa795ef40efd2,,17802,7802,no,2,yes,no
cloudphysics,cloudphysics_alibaba_block_head_50k,128,10000,cloudphysics_alibaba_block_head_50k|cap=128|t=10000,2b3aa795ef40efd2,,17802,7802,no,4,yes,no
cloudphysics,cloudphysics_alibaba_block_head_50k,128,10000,cloudphysics_alibaba_block_head_50k|cap=128|t=10000,2b3aa795ef40efd2,,17802,7802,no,8,yes,no
cloudphysics,cloudphysics_alibaba_block_head_50k,128,10000,cloudphysics_alibaba_block_head_50k|cap=128|t=10000,2b3aa795ef40efd2,,17802,7802,no,16,yes,no
cloudphysics,cloudphysics_alibaba_block_head_50k,128,10000,cloudphysics_alibaba_block_head_50k|cap=128|t=10000,169f8779c2d18c04,,10282,282,no,1,yes,no
cloudphysics,cloudphysics_alibaba_block_head_50k,128,10000,cloudphysics_alibaba_block_head_50k|cap=128|t=10000,169f8779c2d18c04,,10282,282,no,2,yes,no
cloudphysics,cloudphysics_alibaba_block_head_50k,128,10000,cloudphysics_alibaba_block_head_50k|cap=128|t=10000,169f8779c2d18c04,,10282,282,no,4,yes,no
cloudphysics,cloudphysics_alibaba_block_head_50k,128,10000,cloudphysics_alibaba_block_head_50k|cap=128|t=10000,169f8779c2d18c04,,10282,282,no,8,yes,no
cloudphysics,cloudphysics_alibaba_block_head_50k,128,10000,cloudphysics_alibaba_block_head_50k|cap=128|t=10000,169f8779c2d18c04,,10282,282,no,16,yes,no
cloudphysics,cloudphysics_alibaba_block_head_50k,128,10000,cloudphysics_alibaba_block_head_50k|cap=128|t=10000,1f20612236b55bde,,10723,723,no,1,yes,no
cloudphysics,cloudphysics_alibaba_block_head_50k,128,10000,cloudphysics_alibaba_block_head_50k|cap=128|t=10000,1f20612236b55bde,,10723,723,no,2,yes,no
cloudphysics,cloudphysics_alibaba_block_head_50k,128,10000,cloudphysics_alibaba_block_head_50k|cap=128|t=10000,1f20612236b55bde,,10723,723,no,4,yes,no
cloudphysics,cloudphysics_alibaba_block_head_50k,128,10000,cloudphysics_alibaba_block_head_50k|cap=128|t=10000,1f20612236b55bde,,10723,723,no,8,yes,no
cloudphysics,cloudphysics_alibaba_block_head_50k,128,10000,cloudphysics_alibaba_block_head_50k|cap=128|t=10000,1f20612236b55bde,,10723,723,no,16,yes,no
cloudphysics,cloudphysics_alibaba_block_head_50k,128,10001,cloudphysics_alibaba_block_head_50k|cap=128|t=10001,187457e8533d25be,,10029,28,no,1,yes,no
cloudphysics,cloudphysics_alibaba_block_head_50k,128,10001,cloudphysics_alibaba_block_head_50k|cap=128|t=10001,187457e8533d25be,,10029,28,no,2,yes,no
cloudphysics,cloudphysics_alibaba_block_head_50k,128,10001,cloudphysics_alibaba_block_head_50k|cap=128|t=10001,187457e8533d25be,,10029,28,no,4,yes,no
cloudphysics,cloudphysics_alibaba_block_head_50k,128,10001,cloudphysics_alibaba_block_head_50k|cap=128|t=10001,187457e8533d25be,,10029,28,no,8,yes,no
cloudphysics,cloudphysics_alibaba_block_head_50k,128,10001,cloudphysics_alibaba_block_head_50k|cap=128|t=10001,187457e8533d25be,,10029,28,no,16,yes,no
cloudphysics,cloudphysics_alibaba_block_head_50k,128,10001,cloudphysics_alibaba_block_head_50k|cap=128|t=10001,2b3aa795ef40efd2,,17802,7801,no,1,yes,no
cloudphysics,cloudphysics_alibaba_block_head_50k,128,10001,cloudphysics_alibaba_block_head_50k|cap=128|t=10001,2b3aa795ef40efd2,,17802,7801,no,2,yes,no
cloudphysics,cloudphysics_alibaba_block_head_50k,128,10001,cloudphysics_alibaba_block_head_50k|cap=128|t=10001,2b3aa795ef40efd2,,17802,7801,no,4,yes,no
cloudphysics,cloudphysics_alibaba_block_head_50k,128,10001,cloudphysics_alibaba_block_head_50k|cap=128|t=10001,2b3aa795ef40efd2,,17802,7801,no,8,yes,no
cloudphysics,cloudphysics_alibaba_block_head_50k,128,10001,cloudphysics_alibaba_block_head_50k|cap=128|t=10001,2b3aa795ef40efd2,,17802,7801,no,16,yes,no
cloudphysics,cloudphysics_alibaba_block_head_50k,128,10001,cloudphysics_alibaba_block_head_50k|cap=128|t=10001,169f8779c2d18c04,,10282,281,no,1,yes,no
cloudphysics,cloudphysics_alibaba_block_head_50k,128,10001,cloudphysics_alibaba_block_head_50k|cap=128|t=10001,169f8779c2d18c04,,10282,281,no,2,yes,no
cloudphysics,cloudphysics_alibaba_block_head_50k,128,10001,cloudphysics_alibaba_block_head_50k|cap=128|t=10001,169f8779c2d18c04,,10282,281,no,4,yes,no
cloudphysics,cloudphysics_alibaba_block_head_50k,128,10001,cloudphysics_alibaba_block_head_50k|cap=128|t=10001,169f8779c2d18c04,,10282,281,no,8,yes,no
cloudphysics,cloudphysics_alibaba_block_head_50k,128,10001,cloudphysics_alibaba_block_head_50k|cap=128|t=10001,169f8779c2d18c04,,10282,281,no,16,yes,no
cloudphysics,cloudphysics_alibaba_block_head_50k,128,10001,cloudphysics_alibaba_block_head_50k|cap=128|t=10001,1f20612236b55bde,,10723,722,no,1,yes,no
cloudphysics,cloudphysics_alibaba_block_head_50k,128,10001,cloudphysics_alibaba_block_head_50k|cap=128|t=10001,1f20612236b55bde,,10723,722,no,2,yes,no
cloudphysics,cloudphysics_alibaba_block_head_50k,128,10001,cloudphysics_alibaba_block_head_50k|cap=128|t=10001,1f20612236b55bde,,10723,722,no,4,yes,no
cloudphysics,cloudphysics_alibaba_block_head_50k,128,10001,cloudphysics_alibaba_block_head_50k|cap=128|t=10001,1f20612236b55bde,,10723,722,no,8,yes,no
cloudphysics,cloudphysics_alibaba_block_head_50k,128,10001,cloudphysics_alibaba_block_head_50k|cap=128|t=10001,1f20612236b55bde,,10723,722,no,16,yes,no
cloudphysics,cloudphysics_alibaba_block_head_50k,128,10002,cloudphysics_alibaba_block_head_50k|cap=128|t=10002,187457e8533d25be,,10029,27,no,1,yes,no
cloudphysics,cloudphysics_alibaba_block_head_50k,128,10002,cloudphysics_alibaba_block_head_50k|cap=128|t=10002,187457e8533d25be,,10029,27,no,2,yes,no
cloudphysics,cloudphysics_alibaba_block_head_50k,128,10002,cloudphysics_alibaba_block_head_50k|cap=128|t=10002,187457e8533d25be,,10029,27,no,4,yes,no
cloudphysics,cloudphysics_alibaba_block_head_50k,128,10002,cloudphysics_alibaba_block_head_50k|cap=128|t=10002,187457e8533d25be,,10029,27,no,8,yes,no
cloudphysics,cloudphysics_alibaba_block_head_50k,128,10002,cloudphysics_alibaba_block_head_50k|cap=128|t=10002,187457e8533d25be,,10029,27,no,16,yes,no
cloudphysics,cloudphysics_alibaba_block_head_50k,128,10002,cloudphysics_alibaba_block_head_50k|cap=128|t=10002,2b3aa795ef40efd2,,17802,7800,no,1,yes,no
cloudphysics,cloudphysics_alibaba_block_head_50k,128,10002,cloudphysics_alibaba_block_head_50k|cap=128|t=10002,2b3aa795ef40efd2,,17802,7800,no,2,yes,no
cloudphysics,cloudphysics_alibaba_block_head_50k,128,10002,cloudphysics_alibaba_block_head_50k|cap=128|t=10002,2b3aa795ef40efd2,,17802,7800,no,4,yes,no
cloudphysics,cloudphysics_alibaba_block_head_50k,128,10002,cloudphysics_alibaba_block_head_50k|cap=128|t=10002,2b3aa795ef40efd2,,17802,7800,no,8,yes,no
cloudphysics,cloudphysics_alibaba_block_head_50k,128,10002,cloudphysics_alibaba_block_head_50k|cap=128|t=10002,2b3aa795ef40efd2,,17802,7800,no,16,yes,no
cloudphysics,cloudphysics_alibaba_block_head_50k,128,10002,cloudphysics_alibaba_block_head_50k|cap=128|t=10002,169f8779c2d18c04,,10282,280,no,1,yes,no
cloudphysics,cloudphysics_alibaba_block_head_50k,128,10002,cloudphysics_alibaba_block_head_50k|cap=128|t=10002,169f8779c2d18c04,,10282,280,no,2,yes,no
cloudphysics,cloudphysics_alibaba_block_head_50k,128,10002,cloudphysics_alibaba_block_head_50k|cap=128|t=10002,169f8779c2d18c04,,10282,280,no,4,yes,no
cloudphysics,cloudphysics_alibaba_block_head_50k,128,10002,cloudphysics_alibaba_block_head_50k|cap=128|t=10002,169f8779c2d18c04,,10282,280,no,8,yes,no
cloudphysics,cloudphysics_alibaba_block_head_50k,128,10002,cloudphysics_alibaba_block_head_50k|cap=128|t=10002,169f8779c2d18c04,,10282,280,no,16,yes,no
cloudphysics,cloudphysics_alibaba_block_head_50k,128,10002,cloudphysics_alibaba_block_head_50k|cap=128|t=10002,1f20612236b55bde,,10723,721,no,1,yes,no
cloudphysics,cloudphysics_alibaba_block_head_50k,128,10002,cloudphysics_alibaba_block_head_50k|cap=128|t=10002,1f20612236b55bde,,10723,721,no,2,yes,no
cloudphysics,cloudphysics_alibaba_block_head_50k,128,10002,cloudphysics_alibaba_block_head_50k|cap=128|t=10002,1f20612236b55bde,,10723,721,no,4,yes,no
cloudphysics,cloudphysics_alibaba_block_head_50k,128,10002,cloudphysics_alibaba_block_head_50k|cap=128|t=10002,1f20612236b55bde,,10723,721,no,8,yes,no
cloudphysics,cloudphysics_alibaba_block_head_50k,128,10002,cloudphysics_alibaba_block_head_50k|cap=128|t=10002,1f20612236b55bde,,10723,721,no,16,yes,no
cloudphysics,cloudphysics_alibaba_block_head_50k,128,10003,cloudphysics_alibaba_block_head_50k|cap=128|t=10003,187457e8533d25be,,10029,26,no,1,yes,no
cloudphysics,cloudphysics_alibaba_block_head_50k,128,10003,cloudphysics_alibaba_block_head_50k|cap=128|t=10003,187457e8533d25be,,10029,26,no,2,yes,no
cloudphysics,cloudphysics_alibaba_block_head_50k,128,10003,cloudphysics_alibaba_block_head_50k|cap=128|t=10003,187457e8533d25be,,10029,26,no,4,yes,no
cloudphysics,cloudphysics_alibaba_block_head_50k,128,10003,cloudphysics_alibaba_block_head_50k|cap=128|t=10003,187457e8533d25be,,10029,26,no,8,yes,no
cloudphysics,cloudphysics_alibaba_block_head_50k,128,10003,cloudphysics_alibaba_block_head_50k|cap=128|t=10003,187457e8533d25be,,10029,26,no,16,yes,no
cloudphysics,cloudphysics_alibaba_block_head_50k,128,10003,cloudphysics_alibaba_block_head_50k|cap=128|t=10003,2b3aa795ef40efd2,,17802,7799,no,1,yes,no
cloudphysics,cloudphysics_alibaba_block_head_50k,128,10003,cloudphysics_alibaba_block_head_50k|cap=128|t=10003,2b3aa795ef40efd2,,17802,7799,no,2,yes,no
cloudphysics,cloudphysics_alibaba_block_head_50k,128,10003,cloudphysics_alibaba_block_head_50k|cap=128|t=10003,2b3aa795ef40efd2,,17802,7799,no,4,yes,no
cloudphysics,cloudphysics_alibaba_block_head_50k,128,10003,cloudphysics_alibaba_block_head_50k|cap=128|t=10003,2b3aa795ef40efd2,,17802,7799,no,8,yes,no
cloudphysics,cloudphysics_alibaba_block_head_50k,128,10003,cloudphysics_alibaba_block_head_50k|cap=128|t=10003,2b3aa795ef40efd2,,17802,7799,no,16,yes,no
cloudphysics,cloudphysics_alibaba_block_head_50k,128,10003,cloudphysics_alibaba_block_head_50k|cap=128|t=10003,169f8779c2d18c04,,10282,279,no,1,yes,no
cloudphysics,cloudphysics_alibaba_block_head_50k,128,10003,cloudphysics_alibaba_block_head_50k|cap=128|t=10003,169f8779c2d18c04,,10282,279,no,2,yes,no
cloudphysics,cloudphysics_alibaba_block_head_50k,128,10003,cloudphysics_alibaba_block_head_50k|cap=128|t=10003,169f8779c2d18c04,,10282,279,no,4,yes,no
cloudphysics,cloudphysics_alibaba_block_head_50k,128,10003,cloudphysics_alibaba_block_head_50k|cap=128|t=10003,169f8779c2d18c04,,10282,279,no,8,yes,no
cloudphysics,cloudphysics_alibaba_block_head_50k,128,10003,cloudphysics_alibaba_block_head_50k|cap=128|t=10003,169f8779c2d18c04,,10282,279,no,16,yes,no
cloudphysics,cloudphysics_alibaba_block_head_50k,128,10003,cloudphysics_alibaba_block_head_50k|cap=128|t=10003,1f20612236b55bde,,10723,720,no,1,yes,no
cloudphysics,cloudphysics_alibaba_block_head_50k,128,10003,cloudphysics_alibaba_block_head_50k|cap=128|t=10003,1f20612236b55bde,,10723,720,no,2,yes,no
cloudphysics,cloudphysics_alibaba_block_head_50k,128,10003,cloudphysics_alibaba_block_head_50k|cap=128|t=10003,1f20612236b55bde,,10723,720,no,4,yes,no
cloudphysics,cloudphysics_alibaba_block_head_50k,128,10003,cloudphysics_alibaba_block_head_50k|cap=128|t=10003,1f20612236b55bde,,10723,720,no,8,yes,no
cloudphysics,cloudphysics_alibaba_block_head_50k,128,10003,cloudphysics_alibaba_block_head_50k|cap=128|t=10003,1f20612236b55bde,,10723,720,no,16,yes,no
cloudphysics,cloudphysics_alibaba_block_head_50k,128,10004,cloudphysics_alibaba_block_head_50k|cap=128|t=10004,187457e8533d25be,,10029,25,no,1,yes,no
cloudphysics,cloudphysics_alibaba_block_head_50k,128,10004,cloudphysics_alibaba_block_head_50k|cap=128|t=10004,187457e8533d25be,,10029,25,no,2,yes,no
cloudphysics,cloudphysics_alibaba_block_head_50k,128,10004,cloudphysics_alibaba_block_head_50k|cap=128|t=10004,187457e8533d25be,,10029,25,no,4,yes,no
cloudphysics,cloudphysics_alibaba_block_head_50k,128,10004,cloudphysics_alibaba_block_head_50k|cap=128|t=10004,187457e8533d25be,,10029,25,no,8,yes,no
cloudphysics,cloudphysics_alibaba_block_head_50k,128,10004,cloudphysics_alibaba_block_head_50k|cap=128|t=10004,187457e8533d25be,,10029,25,no,16,yes,no
cloudphysics,cloudphysics_alibaba_block_head_50k,128,10004,cloudphysics_alibaba_block_head_50k|cap=128|t=10004,2b3aa795ef40efd2,,17802,7798,no,1,yes,no
cloudphysics,cloudphysics_alibaba_block_head_50k,128,10004,cloudphysics_alibaba_block_head_50k|cap=128|t=10004,2b3aa795ef40efd2,,17802,7798,no,2,yes,no
cloudphysics,cloudphysics_alibaba_block_head_50k,128,10004,cloudphysics_alibaba_block_head_50k|cap=128|t=10004,2b3aa795ef40efd2,,17802,7798,no,4,yes,no
cloudphysics,cloudphysics_alibaba_block_head_50k,128,10004,cloudphysics_alibaba_block_head_50k|cap=128|t=10004,2b3aa795ef40efd2,,17802,7798,no,8,yes,no
cloudphysics,cloudphysics_alibaba_block_head_50k,128,10004,cloudphysics_alibaba_block_head_50k|cap=128|t=10004,2b3aa795ef40efd2,,17802,7798,no,16,yes,no
cloudphysics,cloudphysics_alibaba_block_head_50k,128,10004,cloudphysics_alibaba_block_head_50k|cap=128|t=10004,169f8779c2d18c04,,10282,278,no,1,yes,no
cloudphysics,cloudphysics_alibaba_block_head_50k,128,10004,cloudphysics_alibaba_block_head_50k|cap=128|t=10004,169f8779c2d18c04,,10282,278,no,2,yes,no
cloudphysics,cloudphysics_alibaba_block_head_50k,128,10004,cloudphysics_alibaba_block_head_50k|cap=128|t=10004,169f8779c2d18c04,,10282,278,no,4,yes,no
cloudphysics,cloudphysics_alibaba_block_head_50k,128,10004,cloudphysics_alibaba_block_head_50k|cap=128|t=10004,169f8779c2d18c04,,10282,278,no,8,yes,no
cloudphysics,cloudphysics_alibaba_block_head_50k,128,10004,cloudphysics_alibaba_block_head_50k|cap=128|t=10004,169f8779c2d18c04,,10282,278,no,16,yes,no
cloudphysics,cloudphysics_alibaba_block_head_50k,128,10004,cloudphysics_alibaba_block_head_50k|cap=128|t=10004,1f20612236b55bde,,10723,719,no,1,yes,no
cloudphysics,cloudphysics_alibaba_block_head_50k,128,10004,cloudphysics_alibaba_block_head_50k|cap=128|t=10004,1f20612236b55bde,,10723,719,no,2,yes,no
cloudphysics,cloudphysics_alibaba_block_head_50k,128,10004,cloudphysics_alibaba_block_head_50k|cap=128|t=10004,1f20612236b55bde,,10723,719,no,4,yes,no
cloudphysics,cloudphysics_alibaba_block_head_50k,128,10004,cloudphysics_alibaba_block_head_50k|cap=128|t=10004,1f20612236b55bde,,10723,719,no,8,yes,no
cloudphysics,cloudphysics_alibaba_block_head_50k,128,10004,cloudphysics_alibaba_block_head_50k|cap=128|t=10004,1f20612236b55bde,,10723,719,no,16,yes,no
metacdn,metacdn_cdn_202303_head_50k,32,10001,metacdn_cdn_202303_head_50k|cap=32|t=10001,e062a7d662f3708f,,,inf,yes,1,yes,no
metacdn,metacdn_cdn_202303_head_50k,32,10001,metacdn_cdn_202303_head_50k|cap=32|t=10001,e062a7d662f3708f,,,inf,yes,2,yes,no
metacdn,metacdn_cdn_202303_head_50k,32,10001,metacdn_cdn_202303_head_50k|cap=32|t=10001,e062a7d662f3708f,,,inf,yes,4,yes,no
metacdn,metacdn_cdn_202303_head_50k,32,10001,metacdn_cdn_202303_head_50k|cap=32|t=10001,e062a7d662f3708f,,,inf,yes,8,yes,no
metacdn,metacdn_cdn_202303_head_50k,32,10001,metacdn_cdn_202303_head_50k|cap=32|t=10001,e062a7d662f3708f,,,inf,yes,16,yes,no
metacdn,metacdn_cdn_202303_head_50k,32,10001,metacdn_cdn_202303_head_50k|cap=32|t=10001,11633efd1ebe58df,,11109,1108,no,1,yes,no
metacdn,metacdn_cdn_202303_head_50k,32,10001,metacdn_cdn_202303_head_50k|cap=32|t=10001,11633efd1ebe58df,,11109,1108,no,2,yes,no
metacdn,metacdn_cdn_202303_head_50k,32,10001,metacdn_cdn_202303_head_50k|cap=32|t=10001,11633efd1ebe58df,,11109,1108,no,4,yes,no
metacdn,metacdn_cdn_202303_head_50k,32,10001,metacdn_cdn_202303_head_50k|cap=32|t=10001,11633efd1ebe58df,,11109,1108,no,8,yes,no
metacdn,metacdn_cdn_202303_head_50k,32,10001,metacdn_cdn_202303_head_50k|cap=32|t=10001,11633efd1ebe58df,,11109,1108,no,16,yes,no
metacdn,metacdn_cdn_202303_head_50k,32,10001,metacdn_cdn_202303_head_50k|cap=32|t=10001,fd4d63364032f274,,,inf,yes,1,yes,no
metacdn,metacdn_cdn_202303_head_50k,32,10001,metacdn_cdn_202303_head_50k|cap=32|t=10001,fd4d63364032f274,,,inf,yes,2,yes,no
metacdn,metacdn_cdn_202303_head_50k,32,10001,metacdn_cdn_202303_head_50k|cap=32|t=10001,fd4d63364032f274,,,inf,yes,4,yes,no
metacdn,metacdn_cdn_202303_head_50k,32,10001,metacdn_cdn_202303_head_50k|cap=32|t=10001,fd4d63364032f274,,,inf,yes,8,yes,no
metacdn,metacdn_cdn_202303_head_50k,32,10001,metacdn_cdn_202303_head_50k|cap=32|t=10001,fd4d63364032f274,,,inf,yes,16,yes,no
metacdn,metacdn_cdn_202303_head_50k,32,10001,metacdn_cdn_202303_head_50k|cap=32|t=10001,6060523540ec21ce,,,inf,yes,1,yes,no
metacdn,metacdn_cdn_202303_head_50k,32,10001,metacdn_cdn_202303_head_50k|cap=32|t=10001,6060523540ec21ce,,,inf,yes,2,yes,no
metacdn,metacdn_cdn_202303_head_50k,32,10001,metacdn_cdn_202303_head_50k|cap=32|t=10001,6060523540ec21ce,,,inf,yes,4,yes,no
metacdn,metacdn_cdn_202303_head_50k,32,10001,metacdn_cdn_202303_head_50k|cap=32|t=10001,6060523540ec21ce,,,inf,yes,8,yes,no
metacdn,metacdn_cdn_202303_head_50k,32,10001,metacdn_cdn_202303_head_50k|cap=32|t=10001,6060523540ec21ce,,,inf,yes,16,yes,no
metacdn,metacdn_cdn_202303_head_50k,32,10001,metacdn_cdn_202303_head_50k|cap=32|t=10001,bc7ecb67c78bce2a,,,inf,yes,1,yes,no
metacdn,metacdn_cdn_202303_head_50k,32,10001,metacdn_cdn_202303_head_50k|cap=32|t=10001,bc7ecb67c78bce2a,,,inf,yes,2,yes,no
metacdn,metacdn_cdn_202303_head_50k,32,10001,metacdn_cdn_202303_head_50k|cap=32|t=10001,bc7ecb67c78bce2a,,,inf,yes,4,yes,no
metacdn,metacdn_cdn_202303_head_50k,32,10001,metacdn_cdn_202303_head_50k|cap=32|t=10001,bc7ecb67c78bce2a,,,inf,yes,8,yes,no
metacdn,metacdn_cdn_202303_head_50k,32,10001,metacdn_cdn_202303_head_50k|cap=32|t=10001,bc7ecb67c78bce2a,,,inf,yes,16,yes,no
metacdn,metacdn_cdn_202303_head_50k,32,10001,metacdn_cdn_202303_head_50k|cap=32|t=10001,5ea43c9076c9ef7a,,10156,155,no,1,yes,no
metacdn,metacdn_cdn_202303_head_50k,32,10001,metacdn_cdn_202303_head_50k|cap=32|t=10001,5ea43c9076c9ef7a,,10156,155,no,2,yes,no
metacdn,metacdn_cdn_202303_head_50k,32,10001,metacdn_cdn_202303_head_50k|cap=32|t=10001,5ea43c9076c9ef7a,,10156,155,no,4,yes,no
metacdn,metacdn_cdn_202303_head_50k,32,10001,metacdn_cdn_202303_head_50k|cap=32|t=10001,5ea43c9076c9ef7a,,10156,155,no,8,yes,no
metacdn,metacdn_cdn_202303_head_50k,32,10001,metacdn_cdn_202303_head_50k|cap=32|t=10001,5ea43c9076c9ef7a,,10156,155,no,16,yes,no
metacdn,metacdn_cdn_202303_head_50k,32,10001,metacdn_cdn_202303_head_50k|cap=32|t=10001,6aaf6a2f1db0745d,,10273,272,no,1,yes,no
metacdn,metacdn_cdn_202303_head_50k,32,10001,metacdn_cdn_202303_head_50k|cap=32|t=10001,6aaf6a2f1db0745d,,10273,272,no,2,yes,no
metacdn,metacdn_cdn_202303_head_50k,32,10001,metacdn_cdn_202303_head_50k|cap=32|t=10001,6aaf6a2f1db0745d,,10273,272,no,4,yes,no
metacdn,metacdn_cdn_202303_head_50k,32,10001,metacdn_cdn_202303_head_50k|cap=32|t=10001,6aaf6a2f1db0745d,,10273,272,no,8,yes,no
metacdn,metacdn_cdn_202303_head_50k,32,10001,metacdn_cdn_202303_head_50k|cap=32|t=10001,6aaf6a2f1db0745d,,10273,272,no,16,yes,no
metacdn,metacdn_cdn_202303_head_50k,32,10001,metacdn_cdn_202303_head_50k|cap=32|t=10001,4efe5c82e92449e2,,,inf,yes,1,yes,no
metacdn,metacdn_cdn_202303_head_50k,32,10001,metacdn_cdn_202303_head_50k|cap=32|t=10001,4efe5c82e92449e2,,,inf,yes,2,yes,no
metacdn,metacdn_cdn_202303_head_50k,32,10001,metacdn_cdn_202303_head_50k|cap=32|t=10001,4efe5c82e92449e2,,,inf,yes,4,yes,no
metacdn,metacdn_cdn_202303_head_50k,32,10001,metacdn_cdn_202303_head_50k|cap=32|t=10001,4efe5c82e92449e2,,,inf,yes,8,yes,no
metacdn,metacdn_cdn_202303_head_50k,32,10001,metacdn_cdn_202303_head_50k|cap=32|t=10001,4efe5c82e92449e2,,,inf,yes,16,yes,no
metacdn,metacdn_cdn_202303_head_50k,32,10001,metacdn_cdn_202303_head_50k|cap=32|t=10001,4ec9f8ea589e1208,,,inf,yes,1,yes,no
metacdn,metacdn_cdn_202303_head_50k,32,10001,metacdn_cdn_202303_head_50k|cap=32|t=10001,4ec9f8ea589e1208,,,inf,yes,2,yes,no
metacdn,metacdn_cdn_202303_head_50k,32,10001,metacdn_cdn_202303_head_50k|cap=32|t=10001,4ec9f8ea589e1208,,,inf,yes,4,yes,no
metacdn,metacdn_cdn_202303_head_50k,32,10001,metacdn_cdn_202303_head_50k|cap=32|t=10001,4ec9f8ea589e1208,,,inf,yes,8,yes,no
metacdn,metacdn_cdn_202303_head_50k,32,10001,metacdn_cdn_202303_head_50k|cap=32|t=10001,4ec9f8ea589e1208,,,inf,yes,16,yes,no
metacdn,metacdn_cdn_202303_head_50k,32,10001,metacdn_cdn_202303_head_50k|cap=32|t=10001,43643c47496b9f9f,,,inf,yes,1,yes,no
metacdn,metacdn_cdn_202303_head_50k,32,10001,metacdn_cdn_202303_head_50k|cap=32|t=10001,43643c47496b9f9f,,,inf,yes,2,yes,no
metacdn,metacdn_cdn_202303_head_50k,32,10001,metacdn_cdn_202303_head_50k|cap=32|t=10001,43643c47496b9f9f,,,inf,yes,4,yes,no
metacdn,metacdn_cdn_202303_head_50k,32,10001,metacdn_cdn_202303_head_50k|cap=32|t=10001,43643c47496b9f9f,,,inf,yes,8,yes,no
metacdn,metacdn_cdn_202303_head_50k,32,10001,metacdn_cdn_202303_head_50k|cap=32|t=10001,43643c47496b9f9f,,,inf,yes,16,yes,no
metacdn,metacdn_cdn_202303_head_50k,32,10001,metacdn_cdn_202303_head_50k|cap=32|t=10001,fcf891ac13b35b98,,,inf,yes,1,yes,no
metacdn,metacdn_cdn_202303_head_50k,32,10001,metacdn_cdn_202303_head_50k|cap=32|t=10001,fcf891ac13b35b98,,,inf,yes,2,yes,no
metacdn,metacdn_cdn_202303_head_50k,32,10001,metacdn_cdn_202303_head_50k|cap=32|t=10001,fcf891ac13b35b98,,,inf,yes,4,yes,no
metacdn,metacdn_cdn_202303_head_50k,32,10001,metacdn_cdn_202303_head_50k|cap=32|t=10001,fcf891ac13b35b98,,,inf,yes,8,yes,no
metacdn,metacdn_cdn_202303_head_50k,32,10001,metacdn_cdn_202303_head_50k|cap=32|t=10001,fcf891ac13b35b98,,,inf,yes,16,yes,no
metacdn,metacdn_cdn_202303_head_50k,32,10001,metacdn_cdn_202303_head_50k|cap=32|t=10001,54bf6e2086fd91b6,,10057,56,no,1,yes,no
metacdn,metacdn_cdn_202303_head_50k,32,10001,metacdn_cdn_202303_head_50k|cap=32|t=10001,54bf6e2086fd91b6,,10057,56,no,2,yes,no
metacdn,metacdn_cdn_202303_head_50k,32,10001,metacdn_cdn_202303_head_50k|cap=32|t=10001,54bf6e2086fd91b6,,10057,56,no,4,yes,no
metacdn,metacdn_cdn_202303_head_50k,32,10001,metacdn_cdn_202303_head_50k|cap=32|t=10001,54bf6e2086fd91b6,,10057,56,no,8,yes,no
metacdn,metacdn_cdn_202303_head_50k,32,10001,metacdn_cdn_202303_head_50k|cap=32|t=10001,54bf6e2086fd91b6,,10057,56,no,16,yes,no
metacdn,metacdn_cdn_202303_head_50k,32,10001,metacdn_cdn_202303_head_50k|cap=32|t=10001,d8c338671ba60396,,,inf,yes,1,yes,no
metacdn,metacdn_cdn_202303_head_50k,32,10001,metacdn_cdn_202303_head_50k|cap=32|t=10001,d8c338671ba60396,,,inf,yes,2,yes,no
metacdn,metacdn_cdn_202303_head_50k,32,10001,metacdn_cdn_202303_head_50k|cap=32|t=10001,d8c338671ba60396,,,inf,yes,4,yes,no
metacdn,metacdn_cdn_202303_head_50k,32,10001,metacdn_cdn_202303_head_50k|cap=32|t=10001,d8c338671ba60396,,,inf,yes,8,yes,no
metacdn,metacdn_cdn_202303_head_50k,32,10001,metacdn_cdn_202303_head_50k|cap=32|t=10001,d8c338671ba60396,,,inf,yes,16,yes,no
metacdn,metacdn_cdn_202303_head_50k,32,10001,metacdn_cdn_202303_head_50k|cap=32|t=10001,6fc0f0f082d771c4,,,inf,yes,1,yes,no
metacdn,metacdn_cdn_202303_head_50k,32,10001,metacdn_cdn_202303_head_50k|cap=32|t=10001,6fc0f0f082d771c4,,,inf,yes,2,yes,no
metacdn,metacdn_cdn_202303_head_50k,32,10001,metacdn_cdn_202303_head_50k|cap=32|t=10001,6fc0f0f082d771c4,,,inf,yes,4,yes,no
metacdn,metacdn_cdn_202303_head_50k,32,10001,metacdn_cdn_202303_head_50k|cap=32|t=10001,6fc0f0f082d771c4,,,inf,yes,8,yes,no
metacdn,metacdn_cdn_202303_head_50k,32,10001,metacdn_cdn_202303_head_50k|cap=32|t=10001,6fc0f0f082d771c4,,,inf,yes,16,yes,no
metacdn,metacdn_cdn_202303_head_50k,32,10001,metacdn_cdn_202303_head_50k|cap=32|t=10001,0f13bb2665918cfc,,,inf,yes,1,yes,no
metacdn,metacdn_cdn_202303_head_50k,32,10001,metacdn_cdn_202303_head_50k|cap=32|t=10001,0f13bb2665918cfc,,,inf,yes,2,yes,no
metacdn,metacdn_cdn_202303_head_50k,32,10001,metacdn_cdn_202303_head_50k|cap=32|t=10001,0f13bb2665918cfc,,,inf,yes,4,yes,no
metacdn,metacdn_cdn_202303_head_50k,32,10001,metacdn_cdn_202303_head_50k|cap=32|t=10001,0f13bb2665918cfc,,,inf,yes,8,yes,no
metacdn,metacdn_cdn_202303_head_50k,32,10001,metacdn_cdn_202303_head_50k|cap=32|t=10001,0f13bb2665918cfc,,,inf,yes,16,yes,no
metacdn,metacdn_cdn_202303_head_50k,32,10001,metacdn_cdn_202303_head_50k|cap=32|t=10001,3d8c2b2ba1ca1816,,,inf,yes,1,yes,no
metacdn,metacdn_cdn_202303_head_50k,32,10001,metacdn_cdn_202303_head_50k|cap=32|t=10001,3d8c2b2ba1ca1816,,,inf,yes,2,yes,no
metacdn,metacdn_cdn_202303_head_50k,32,10001,metacdn_cdn_202303_head_50k|cap=32|t=10001,3d8c2b2ba1ca1816,,,inf,yes,4,yes,no
metacdn,metacdn_cdn_202303_head_50k,32,10001,metacdn_cdn_202303_head_50k|cap=32|t=10001,3d8c2b2ba1ca1816,,,inf,yes,8,yes,no
metacdn,metacdn_cdn_202303_head_50k,32,10001,metacdn_cdn_202303_head_50k|cap=32|t=10001,3d8c2b2ba1ca1816,,,inf,yes,16,yes,no
metacdn,metacdn_cdn_202303_head_50k,32,10001,metacdn_cdn_202303_head_50k|cap=32|t=10001,177a6d71e64f35b0,,12359,2358,no,1,yes,no
metacdn,metacdn_cdn_202303_head_50k,32,10001,metacdn_cdn_202303_head_50k|cap=32|t=10001,177a6d71e64f35b0,,12359,2358,no,2,yes,no
metacdn,metacdn_cdn_202303_head_50k,32,10001,metacdn_cdn_202303_head_50k|cap=32|t=10001,177a6d71e64f35b0,,12359,2358,no,4,yes,no
metacdn,metacdn_cdn_202303_head_50k,32,10001,metacdn_cdn_202303_head_50k|cap=32|t=10001,177a6d71e64f35b0,,12359,2358,no,8,yes,no
metacdn,metacdn_cdn_202303_head_50k,32,10001,metacdn_cdn_202303_head_50k|cap=32|t=10001,177a6d71e64f35b0,,12359,2358,no,16,yes,no
metacdn,metacdn_cdn_202303_head_50k,32,10001,metacdn_cdn_202303_head_50k|cap=32|t=10001,99bc84479a02dcbc,,,inf,yes,1,yes,no
metacdn,metacdn_cdn_202303_head_50k,32,10001,metacdn_cdn_202303_head_50k|cap=32|t=10001,99bc84479a02dcbc,,,inf,yes,2,yes,no
metacdn,metacdn_cdn_202303_head_50k,32,10001,metacdn_cdn_202303_head_50k|cap=32|t=10001,99bc84479a02dcbc,,,inf,yes,4,yes,no
metacdn,metacdn_cdn_202303_head_50k,32,10001,metacdn_cdn_202303_head_50k|cap=32|t=10001,99bc84479a02dcbc,,,inf,yes,8,yes,no
metacdn,metacdn_cdn_202303_head_50k,32,10001,metacdn_cdn_202303_head_50k|cap=32|t=10001,99bc84479a02dcbc,,,inf,yes,16,yes,no
metacdn,metacdn_cdn_202303_head_50k,32,10001,metacdn_cdn_202303_head_50k|cap=32|t=10001,cbffc69ee8160c23,,,inf,yes,1,yes,no
metacdn,metacdn_cdn_202303_head_50k,32,10001,metacdn_cdn_202303_head_50k|cap=32|t=10001,cbffc69ee8160c23,,,inf,yes,2,yes,no
metacdn,metacdn_cdn_202303_head_50k,32,10001,metacdn_cdn_202303_head_50k|cap=32|t=10001,cbffc69ee8160c23,,,inf,yes,4,yes,no
metacdn,metacdn_cdn_202303_head_50k,32,10001,metacdn_cdn_202303_head_50k|cap=32|t=10001,cbffc69ee8160c23,,,inf,yes,8,yes,no
metacdn,metacdn_cdn_202303_head_50k,32,10001,metacdn_cdn_202303_head_50k|cap=32|t=10001,cbffc69ee8160c23,,,inf,yes,16,yes,no
metacdn,metacdn_cdn_202303_head_50k,32,10001,metacdn_cdn_202303_head_50k|cap=32|t=10001,132d561619e7518e,,,inf,yes,1,yes,no
metacdn,metacdn_cdn_202303_head_50k,32,10001,metacdn_cdn_202303_head_50k|cap=32|t=10001,132d561619e7518e,,,inf,yes,2,yes,no
metacdn,metacdn_cdn_202303_head_50k,32,10001,metacdn_cdn_202303_head_50k|cap=32|t=10001,132d561619e7518e,,,inf,yes,4,yes,no
metacdn,metacdn_cdn_202303_head_50k,32,10001,metacdn_cdn_202303_head_50k|cap=32|t=10001,132d561619e7518e,,,inf,yes,8,yes,no
metacdn,metacdn_cdn_202303_head_50k,32,10001,metacdn_cdn_202303_head_50k|cap=32|t=10001,132d561619e7518e,,,inf,yes,16,yes,no
metacdn,metacdn_cdn_202303_head_50k,32,10001,metacdn_cdn_202303_head_50k|cap=32|t=10001,c9b42f570cc3a740,,11803,1802,no,1,yes,no
metacdn,metacdn_cdn_202303_head_50k,32,10001,metacdn_cdn_202303_head_50k|cap=32|t=10001,c9b42f570cc3a740,,11803,1802,no,2,yes,no
metacdn,metacdn_cdn_202303_head_50k,32,10001,metacdn_cdn_202303_head_50k|cap=32|t=10001,c9b42f570cc3a740,,11803,1802,no,4,yes,no
metacdn,metacdn_cdn_202303_head_50k,32,10001,metacdn_cdn_202303_head_50k|cap=32|t=10001,c9b42f570cc3a740,,11803,1802,no,8,yes,no
metacdn,metacdn_cdn_202303_head_50k,32,10001,metacdn_cdn_202303_head_50k|cap=32|t=10001,c9b42f570cc3a740,,11803,1802,no,16,yes,no
metacdn,metacdn_cdn_202303_head_50k,32,10001,metacdn_cdn_202303_head_50k|cap=32|t=10001,a783cf55873a6d96,,,inf,yes,1,yes,no
metacdn,metacdn_cdn_202303_head_50k,32,10001,metacdn_cdn_202303_head_50k|cap=32|t=10001,a783cf55873a6d96,,,inf,yes,2,yes,no
metacdn,metacdn_cdn_202303_head_50k,32,10001,metacdn_cdn_202303_head_50k|cap=32|t=10001,a783cf55873a6d96,,,inf,yes,4,yes,no
metacdn,metacdn_cdn_202303_head_50k,32,10001,metacdn_cdn_202303_head_50k|cap=32|t=10001,a783cf55873a6d96,,,inf,yes,8,yes,no
metacdn,metacdn_cdn_202303_head_50k,32,10001,metacdn_cdn_202303_head_50k|cap=32|t=10001,a783cf55873a6d96,,,inf,yes,16,yes,no
metacdn,metacdn_cdn_202303_head_50k,32,10001,metacdn_cdn_202303_head_50k|cap=32|t=10001,54d2ca0627cecb0b,,,inf,yes,1,yes,no
metacdn,metacdn_cdn_202303_head_50k,32,10001,metacdn_cdn_202303_head_50k|cap=32|t=10001,54d2ca0627cecb0b,,,inf,yes,2,yes,no
metacdn,metacdn_cdn_202303_head_50k,32,10001,metacdn_cdn_202303_head_50k|cap=32|t=10001,54d2ca0627cecb0b,,,inf,yes,4,yes,no
metacdn,metacdn_cdn_202303_head_50k,32,10001,metacdn_cdn_202303_head_50k|cap=32|t=10001,54d2ca0627cecb0b,,,inf,yes,8,yes,no
metacdn,metacdn_cdn_202303_head_50k,32,10001,metacdn_cdn_202303_head_50k|cap=32|t=10001,54d2ca0627cecb0b,,,inf,yes,16,yes,no
metacdn,metacdn_cdn_202303_head_50k,32,10001,metacdn_cdn_202303_head_50k|cap=32|t=10001,451d04aa8806f8d9,,10073,72,no,1,yes,no
metacdn,metacdn_cdn_202303_head_50k,32,10001,metacdn_cdn_202303_head_50k|cap=32|t=10001,451d04aa8806f8d9,,10073,72,no,2,yes,no
metacdn,metacdn_cdn_202303_head_50k,32,10001,metacdn_cdn_202303_head_50k|cap=32|t=10001,451d04aa8806f8d9,,10073,72,no,4,yes,no
metacdn,metacdn_cdn_202303_head_50k,32,10001,metacdn_cdn_202303_head_50k|cap=32|t=10001,451d04aa8806f8d9,,10073,72,no,8,yes,no
metacdn,metacdn_cdn_202303_head_50k,32,10001,metacdn_cdn_202303_head_50k|cap=32|t=10001,451d04aa8806f8d9,,10073,72,no,16,yes,no
metacdn,metacdn_cdn_202303_head_50k,32,10001,metacdn_cdn_202303_head_50k|cap=32|t=10001,86642ad151fde47f,,14310,4309,no,1,yes,no
metacdn,metacdn_cdn_202303_head_50k,32,10001,metacdn_cdn_202303_head_50k|cap=32|t=10001,86642ad151fde47f,,14310,4309,no,2,yes,no
metacdn,metacdn_cdn_202303_head_50k,32,10001,metacdn_cdn_202303_head_50k|cap=32|t=10001,86642ad151fde47f,,14310,4309,no,4,yes,no
metacdn,metacdn_cdn_202303_head_50k,32,10001,metacdn_cdn_202303_head_50k|cap=32|t=10001,86642ad151fde47f,,14310,4309,no,8,yes,no
metacdn,metacdn_cdn_202303_head_50k,32,10001,metacdn_cdn_202303_head_50k|cap=32|t=10001,86642ad151fde47f,,14310,4309,no,16,yes,no
metacdn,metacdn_cdn_202303_head_50k,32,10001,metacdn_cdn_202303_head_50k|cap=32|t=10001,22bfa815362dd84c,,,inf,yes,1,yes,no
metacdn,metacdn_cdn_202303_head_50k,32,10001,metacdn_cdn_202303_head_50k|cap=32|t=10001,22bfa815362dd84c,,,inf,yes,2,yes,no
metacdn,metacdn_cdn_202303_head_50k,32,10001,metacdn_cdn_202303_head_50k|cap=32|t=10001,22bfa815362dd84c,,,inf,yes,4,yes,no
metacdn,metacdn_cdn_202303_head_50k,32,10001,metacdn_cdn_202303_head_50k|cap=32|t=10001,22bfa815362dd84c,,,inf,yes,8,yes,no
metacdn,metacdn_cdn_202303_head_50k,32,10001,metacdn_cdn_202303_head_50k|cap=32|t=10001,22bfa815362dd84c,,,inf,yes,16,yes,no
metacdn,metacdn_cdn_202303_head_50k,32,10001,metacdn_cdn_202303_head_50k|cap=32|t=10001,5ad51220cf2fe907,,,inf,yes,1,yes,no
metacdn,metacdn_cdn_202303_head_50k,32,10001,metacdn_cdn_202303_head_50k|cap=32|t=10001,5ad51220cf2fe907,,,inf,yes,2,yes,no
metacdn,metacdn_cdn_202303_head_50k,32,10001,metacdn_cdn_202303_head_50k|cap=32|t=10001,5ad51220cf2fe907,,,inf,yes,4,yes,no
metacdn,metacdn_cdn_202303_head_50k,32,10001,metacdn_cdn_202303_head_50k|cap=32|t=10001,5ad51220cf2fe907,,,inf,yes,8,yes,no
metacdn,metacdn_cdn_202303_head_50k,32,10001,metacdn_cdn_202303_head_50k|cap=32|t=10001,5ad51220cf2fe907,,,inf,yes,16,yes,no
metacdn,metacdn_cdn_202303_head_50k,32,10001,metacdn_cdn_202303_head_50k|cap=32|t=10001,06718d337803da6e,,23026,13025,no,1,yes,no
metacdn,metacdn_cdn_202303_head_50k,32,10001,metacdn_cdn_202303_head_50k|cap=32|t=10001,06718d337803da6e,,23026,13025,no,2,yes,no
metacdn,metacdn_cdn_202303_head_50k,32,10001,metacdn_cdn_202303_head_50k|cap=32|t=10001,06718d337803da6e,,23026,13025,no,4,yes,no
metacdn,metacdn_cdn_202303_head_50k,32,10001,metacdn_cdn_202303_head_50k|cap=32|t=10001,06718d337803da6e,,23026,13025,no,8,yes,no
metacdn,metacdn_cdn_202303_head_50k,32,10001,metacdn_cdn_202303_head_50k|cap=32|t=10001,06718d337803da6e,,23026,13025,no,16,yes,no
metacdn,metacdn_cdn_202303_head_50k,32,10001,metacdn_cdn_202303_head_50k|cap=32|t=10001,7dd88be7745967fb,,10003,2,no,1,yes,no
metacdn,metacdn_cdn_202303_head_50k,32,10001,metacdn_cdn_202303_head_50k|cap=32|t=10001,7dd88be7745967fb,,10003,2,no,2,no,yes
metacdn,metacdn_cdn_202303_head_50k,32,10001,metacdn_cdn_202303_head_50k|cap=32|t=10001,7dd88be7745967fb,,10003,2,no,4,no,yes
metacdn,metacdn_cdn_202303_head_50k,32,10001,metacdn_cdn_202303_head_50k|cap=32|t=10001,7dd88be7745967fb,,10003,2,no,8,no,yes
metacdn,metacdn_cdn_202303_head_50k,32,10001,metacdn_cdn_202303_head_50k|cap=32|t=10001,7dd88be7745967fb,,10003,2,no,16,no,yes
metacdn,metacdn_cdn_202303_head_50k,32,10001,metacdn_cdn_202303_head_50k|cap=32|t=10001,fce02cb81f613d46,,,inf,yes,1,yes,no
metacdn,metacdn_cdn_202303_head_50k,32,10001,metacdn_cdn_202303_head_50k|cap=32|t=10001,fce02cb81f613d46,,,inf,yes,2,yes,no
metacdn,metacdn_cdn_202303_head_50k,32,10001,metacdn_cdn_202303_head_50k|cap=32|t=10001,fce02cb81f613d46,,,inf,yes,4,yes,no
metacdn,metacdn_cdn_202303_head_50k,32,10001,metacdn_cdn_202303_head_50k|cap=32|t=10001,fce02cb81f613d46,,,inf,yes,8,yes,no
metacdn,metacdn_cdn_202303_head_50k,32,10001,metacdn_cdn_202303_head_50k|cap=32|t=10001,fce02cb81f613d46,,,inf,yes,16,yes,no
metacdn,metacdn_cdn_202303_head_50k,32,10001,metacdn_cdn_202303_head_50k|cap=32|t=10001,5e5200f79ab24fcb,,10007,6,no,1,yes,no
metacdn,metacdn_cdn_202303_head_50k,32,10001,metacdn_cdn_202303_head_50k|cap=32|t=10001,5e5200f79ab24fcb,,10007,6,no,2,yes,no
metacdn,metacdn_cdn_202303_head_50k,32,10001,metacdn_cdn_202303_head_50k|cap=32|t=10001,5e5200f79ab24fcb,,10007,6,no,4,yes,no
metacdn,metacdn_cdn_202303_head_50k,32,10001,metacdn_cdn_202303_head_50k|cap=32|t=10001,5e5200f79ab24fcb,,10007,6,no,8,no,yes
metacdn,metacdn_cdn_202303_head_50k,32,10001,metacdn_cdn_202303_head_50k|cap=32|t=10001,5e5200f79ab24fcb,,10007,6,no,16,no,yes
metacdn,metacdn_cdn_202303_head_50k,32,10002,metacdn_cdn_202303_head_50k|cap=32|t=10002,11633efd1ebe58df,,11109,1107,no,1,yes,no
metacdn,metacdn_cdn_202303_head_50k,32,10002,metacdn_cdn_202303_head_50k|cap=32|t=10002,11633efd1ebe58df,,11109,1107,no,2,yes,no
metacdn,metacdn_cdn_202303_head_50k,32,10002,metacdn_cdn_202303_head_50k|cap=32|t=10002,11633efd1ebe58df,,11109,1107,no,4,yes,no
metacdn,metacdn_cdn_202303_head_50k,32,10002,metacdn_cdn_202303_head_50k|cap=32|t=10002,11633efd1ebe58df,,11109,1107,no,8,yes,no
metacdn,metacdn_cdn_202303_head_50k,32,10002,metacdn_cdn_202303_head_50k|cap=32|t=10002,11633efd1ebe58df,,11109,1107,no,16,yes,no
metacdn,metacdn_cdn_202303_head_50k,32,10002,metacdn_cdn_202303_head_50k|cap=32|t=10002,5ea43c9076c9ef7a,,10156,154,no,1,yes,no
metacdn,metacdn_cdn_202303_head_50k,32,10002,metacdn_cdn_202303_head_50k|cap=32|t=10002,5ea43c9076c9ef7a,,10156,154,no,2,yes,no
metacdn,metacdn_cdn_202303_head_50k,32,10002,metacdn_cdn_202303_head_50k|cap=32|t=10002,5ea43c9076c9ef7a,,10156,154,no,4,yes,no
metacdn,metacdn_cdn_202303_head_50k,32,10002,metacdn_cdn_202303_head_50k|cap=32|t=10002,5ea43c9076c9ef7a,,10156,154,no,8,yes,no
metacdn,metacdn_cdn_202303_head_50k,32,10002,metacdn_cdn_202303_head_50k|cap=32|t=10002,5ea43c9076c9ef7a,,10156,154,no,16,yes,no
metacdn,metacdn_cdn_202303_head_50k,32,10002,metacdn_cdn_202303_head_50k|cap=32|t=10002,6aaf6a2f1db0745d,,10273,271,no,1,yes,no
metacdn,metacdn_cdn_202303_head_50k,32,10002,metacdn_cdn_202303_head_50k|cap=32|t=10002,6aaf6a2f1db0745d,,10273,271,no,2,yes,no
metacdn,metacdn_cdn_202303_head_50k,32,10002,metacdn_cdn_202303_head_50k|cap=32|t=10002,6aaf6a2f1db0745d,,10273,271,no,4,yes,no
metacdn,metacdn_cdn_202303_head_50k,32,10002,metacdn_cdn_202303_head_50k|cap=32|t=10002,6aaf6a2f1db0745d,,10273,271,no,8,yes,no
metacdn,metacdn_cdn_202303_head_50k,32,10002,metacdn_cdn_202303_head_50k|cap=32|t=10002,6aaf6a2f1db0745d,,10273,271,no,16,yes,no
metacdn,metacdn_cdn_202303_head_50k,32,10002,metacdn_cdn_202303_head_50k|cap=32|t=10002,54bf6e2086fd91b6,,10057,55,no,1,yes,no
metacdn,metacdn_cdn_202303_head_50k,32,10002,metacdn_cdn_202303_head_50k|cap=32|t=10002,54bf6e2086fd91b6,,10057,55,no,2,yes,no
metacdn,metacdn_cdn_202303_head_50k,32,10002,metacdn_cdn_202303_head_50k|cap=32|t=10002,54bf6e2086fd91b6,,10057,55,no,4,yes,no
metacdn,metacdn_cdn_202303_head_50k,32,10002,metacdn_cdn_202303_head_50k|cap=32|t=10002,54bf6e2086fd91b6,,10057,55,no,8,yes,no
metacdn,metacdn_cdn_202303_head_50k,32,10002,metacdn_cdn_202303_head_50k|cap=32|t=10002,54bf6e2086fd91b6,,10057,55,no,16,yes,no
metacdn,metacdn_cdn_202303_head_50k,32,10002,metacdn_cdn_202303_head_50k|cap=32|t=10002,177a6d71e64f35b0,,12359,2357,no,1,yes,no
metacdn,metacdn_cdn_202303_head_50k,32,10002,metacdn_cdn_202303_head_50k|cap=32|t=10002,177a6d71e64f35b0,,12359,2357,no,2,yes,no
metacdn,metacdn_cdn_202303_head_50k,32,10002,metacdn_cdn_202303_head_50k|cap=32|t=10002,177a6d71e64f35b0,,12359,2357,no,4,yes,no
metacdn,metacdn_cdn_202303_head_50k,32,10002,metacdn_cdn_202303_head_50k|cap=32|t=10002,177a6d71e64f35b0,,12359,2357,no,8,yes,no
metacdn,metacdn_cdn_202303_head_50k,32,10002,metacdn_cdn_202303_head_50k|cap=32|t=10002,177a6d71e64f35b0,,12359,2357,no,16,yes,no
metacdn,metacdn_cdn_202303_head_50k,32,10002,metacdn_cdn_202303_head_50k|cap=32|t=10002,c9b42f570cc3a740,,11803,1801,no,1,yes,no
metacdn,metacdn_cdn_202303_head_50k,32,10002,metacdn_cdn_202303_head_50k|cap=32|t=10002,c9b42f570cc3a740,,11803,1801,no,2,yes,no
metacdn,metacdn_cdn_202303_head_50k,32,10002,metacdn_cdn_202303_head_50k|cap=32|t=10002,c9b42f570cc3a740,,11803,1801,no,4,yes,no
metacdn,metacdn_cdn_202303_head_50k,32,10002,metacdn_cdn_202303_head_50k|cap=32|t=10002,c9b42f570cc3a740,,11803,1801,no,8,yes,no
metacdn,metacdn_cdn_202303_head_50k,32,10002,metacdn_cdn_202303_head_50k|cap=32|t=10002,c9b42f570cc3a740,,11803,1801,no,16,yes,no
metacdn,metacdn_cdn_202303_head_50k,32,10002,metacdn_cdn_202303_head_50k|cap=32|t=10002,451d04aa8806f8d9,,10073,71,no,1,yes,no
metacdn,metacdn_cdn_202303_head_50k,32,10002,metacdn_cdn_202303_head_50k|cap=32|t=10002,451d04aa8806f8d9,,10073,71,no,2,yes,no
metacdn,metacdn_cdn_202303_head_50k,32,10002,metacdn_cdn_202303_head_50k|cap=32|t=10002,451d04aa8806f8d9,,10073,71,no,4,yes,no
metacdn,metacdn_cdn_202303_head_50k,32,10002,metacdn_cdn_202303_head_50k|cap=32|t=10002,451d04aa8806f8d9,,10073,71,no,8,yes,no
metacdn,metacdn_cdn_202303_head_50k,32,10002,metacdn_cdn_202303_head_50k|cap=32|t=10002,451d04aa8806f8d9,,10073,71,no,16,yes,no
metacdn,metacdn_cdn_202303_head_50k,32,10002,metacdn_cdn_202303_head_50k|cap=32|t=10002,86642ad151fde47f,,14310,4308,no,1,yes,no
metacdn,metacdn_cdn_202303_head_50k,32,10002,metacdn_cdn_202303_head_50k|cap=32|t=10002,86642ad151fde47f,,14310,4308,no,2,yes,no
metacdn,metacdn_cdn_202303_head_50k,32,10002,metacdn_cdn_202303_head_50k|cap=32|t=10002,86642ad151fde47f,,14310,4308,no,4,yes,no
metacdn,metacdn_cdn_202303_head_50k,32,10002,metacdn_cdn_202303_head_50k|cap=32|t=10002,86642ad151fde47f,,14310,4308,no,8,yes,no
metacdn,metacdn_cdn_202303_head_50k,32,10002,metacdn_cdn_202303_head_50k|cap=32|t=10002,86642ad151fde47f,,14310,4308,no,16,yes,no
metacdn,metacdn_cdn_202303_head_50k,32,10002,metacdn_cdn_202303_head_50k|cap=32|t=10002,06718d337803da6e,,23026,13024,no,1,yes,no
metacdn,metacdn_cdn_202303_head_50k,32,10002,metacdn_cdn_202303_head_50k|cap=32|t=10002,06718d337803da6e,,23026,13024,no,2,yes,no
metacdn,metacdn_cdn_202303_head_50k,32,10002,metacdn_cdn_202303_head_50k|cap=32|t=10002,06718d337803da6e,,23026,13024,no,4,yes,no
metacdn,metacdn_cdn_202303_head_50k,32,10002,metacdn_cdn_202303_head_50k|cap=32|t=10002,06718d337803da6e,,23026,13024,no,8,yes,no
metacdn,metacdn_cdn_202303_head_50k,32,10002,metacdn_cdn_202303_head_50k|cap=32|t=10002,06718d337803da6e,,23026,13024,no,16,yes,no
metacdn,metacdn_cdn_202303_head_50k,64,10001,metacdn_cdn_202303_head_50k|cap=64|t=10001,64fa57c969c722d3,,,inf,yes,1,yes,no
metacdn,metacdn_cdn_202303_head_50k,64,10001,metacdn_cdn_202303_head_50k|cap=64|t=10001,64fa57c969c722d3,,,inf,yes,2,yes,no
metacdn,metacdn_cdn_202303_head_50k,64,10001,metacdn_cdn_202303_head_50k|cap=64|t=10001,64fa57c969c722d3,,,inf,yes,4,yes,no
metacdn,metacdn_cdn_202303_head_50k,64,10001,metacdn_cdn_202303_head_50k|cap=64|t=10001,64fa57c969c722d3,,,inf,yes,8,yes,no
metacdn,metacdn_cdn_202303_head_50k,64,10001,metacdn_cdn_202303_head_50k|cap=64|t=10001,64fa57c969c722d3,,,inf,yes,16,yes,no
metacdn,metacdn_cdn_202303_head_50k,64,10001,metacdn_cdn_202303_head_50k|cap=64|t=10001,b3532a787eb6657e,,,inf,yes,1,yes,no
metacdn,metacdn_cdn_202303_head_50k,64,10001,metacdn_cdn_202303_head_50k|cap=64|t=10001,b3532a787eb6657e,,,inf,yes,2,yes,no
metacdn,metacdn_cdn_202303_head_50k,64,10001,metacdn_cdn_202303_head_50k|cap=64|t=10001,b3532a787eb6657e,,,inf,yes,4,yes,no
metacdn,metacdn_cdn_202303_head_50k,64,10001,metacdn_cdn_202303_head_50k|cap=64|t=10001,b3532a787eb6657e,,,inf,yes,8,yes,no
metacdn,metacdn_cdn_202303_head_50k,64,10001,metacdn_cdn_202303_head_50k|cap=64|t=10001,b3532a787eb6657e,,,inf,yes,16,yes,no
metacdn,metacdn_cdn_202303_head_50k,64,10001,metacdn_cdn_202303_head_50k|cap=64|t=10001,aa65486cb6269d48,,,inf,yes,1,yes,no
metacdn,metacdn_cdn_202303_head_50k,64,10001,metacdn_cdn_202303_head_50k|cap=64|t=10001,aa65486cb6269d48,,,inf,yes,2,yes,no
metacdn,metacdn_cdn_202303_head_50k,64,10001,metacdn_cdn_202303_head_50k|cap=64|t=10001,aa65486cb6269d48,,,inf,yes,4,yes,no
metacdn,metacdn_cdn_202303_head_50k,64,10001,metacdn_cdn_202303_head_50k|cap=64|t=10001,aa65486cb6269d48,,,inf,yes,8,yes,no
metacdn,metacdn_cdn_202303_head_50k,64,10001,metacdn_cdn_202303_head_50k|cap=64|t=10001,aa65486cb6269d48,,,inf,yes,16,yes,no
metacdn,metacdn_cdn_202303_head_50k,64,10001,metacdn_cdn_202303_head_50k|cap=64|t=10001,bfbecaf96434f3ff,,,inf,yes,1,yes,no
metacdn,metacdn_cdn_202303_head_50k,64,10001,metacdn_cdn_202303_head_50k|cap=64|t=10001,bfbecaf96434f3ff,,,inf,yes,2,yes,no
metacdn,metacdn_cdn_202303_head_50k,64,10001,metacdn_cdn_202303_head_50k|cap=64|t=10001,bfbecaf96434f3ff,,,inf,yes,4,yes,no
metacdn,metacdn_cdn_202303_head_50k,64,10001,metacdn_cdn_202303_head_50k|cap=64|t=10001,bfbecaf96434f3ff,,,inf,yes,8,yes,no
metacdn,metacdn_cdn_202303_head_50k,64,10001,metacdn_cdn_202303_head_50k|cap=64|t=10001,bfbecaf96434f3ff,,,inf,yes,16,yes,no
metacdn,metacdn_cdn_202303_head_50k,64,10001,metacdn_cdn_202303_head_50k|cap=64|t=10001,38c6966f09385d37,,10377,376,no,1,yes,no
metacdn,metacdn_cdn_202303_head_50k,64,10001,metacdn_cdn_202303_head_50k|cap=64|t=10001,38c6966f09385d37,,10377,376,no,2,yes,no
metacdn,metacdn_cdn_202303_head_50k,64,10001,metacdn_cdn_202303_head_50k|cap=64|t=10001,38c6966f09385d37,,10377,376,no,4,yes,no
metacdn,metacdn_cdn_202303_head_50k,64,10001,metacdn_cdn_202303_head_50k|cap=64|t=10001,38c6966f09385d37,,10377,376,no,8,yes,no
metacdn,metacdn_cdn_202303_head_50k,64,10001,metacdn_cdn_202303_head_50k|cap=64|t=10001,38c6966f09385d37,,10377,376,no,16,yes,no
metacdn,metacdn_cdn_202303_head_50k,64,10001,metacdn_cdn_202303_head_50k|cap=64|t=10001,24176e8ed263377a,,,inf,yes,1,yes,no
metacdn,metacdn_cdn_202303_head_50k,64,10001,metacdn_cdn_202303_head_50k|cap=64|t=10001,24176e8ed263377a,,,inf,yes,2,yes,no
metacdn,metacdn_cdn_202303_head_50k,64,10001,metacdn_cdn_202303_head_50k|cap=64|t=10001,24176e8ed263377a,,,inf,yes,4,yes,no
metacdn,metacdn_cdn_202303_head_50k,64,10001,metacdn_cdn_202303_head_50k|cap=64|t=10001,24176e8ed263377a,,,inf,yes,8,yes,no
metacdn,metacdn_cdn_202303_head_50k,64,10001,metacdn_cdn_202303_head_50k|cap=64|t=10001,24176e8ed263377a,,,inf,yes,16,yes,no
metacdn,metacdn_cdn_202303_head_50k,64,10001,metacdn_cdn_202303_head_50k|cap=64|t=10001,ea4b9ee02aa6abe0,,,inf,yes,1,yes,no
metacdn,metacdn_cdn_202303_head_50k,64,10001,metacdn_cdn_202303_head_50k|cap=64|t=10001,ea4b9ee02aa6abe0,,,inf,yes,2,yes,no
metacdn,metacdn_cdn_202303_head_50k,64,10001,metacdn_cdn_202303_head_50k|cap=64|t=10001,ea4b9ee02aa6abe0,,,inf,yes,4,yes,no
metacdn,metacdn_cdn_202303_head_50k,64,10001,metacdn_cdn_202303_head_50k|cap=64|t=10001,ea4b9ee02aa6abe0,,,inf,yes,8,yes,no
metacdn,metacdn_cdn_202303_head_50k,64,10001,metacdn_cdn_202303_head_50k|cap=64|t=10001,ea4b9ee02aa6abe0,,,inf,yes,16,yes,no
metacdn,metacdn_cdn_202303_head_50k,64,10001,metacdn_cdn_202303_head_50k|cap=64|t=10001,4d93f8501a354714,,,inf,yes,1,yes,no
metacdn,metacdn_cdn_202303_head_50k,64,10001,metacdn_cdn_202303_head_50k|cap=64|t=10001,4d93f8501a354714,,,inf,yes,2,yes,no
metacdn,metacdn_cdn_202303_head_50k,64,10001,metacdn_cdn_202303_head_50k|cap=64|t=10001,4d93f8501a354714,,,inf,yes,4,yes,no
metacdn,metacdn_cdn_202303_head_50k,64,10001,metacdn_cdn_202303_head_50k|cap=64|t=10001,4d93f8501a354714,,,inf,yes,8,yes,no
metacdn,metacdn_cdn_202303_head_50k,64,10001,metacdn_cdn_202303_head_50k|cap=64|t=10001,4d93f8501a354714,,,inf,yes,16,yes,no
metacdn,metacdn_cdn_202303_head_50k,64,10001,metacdn_cdn_202303_head_50k|cap=64|t=10001,a3408b63730a8504,,,inf,yes,1,yes,no
metacdn,metacdn_cdn_202303_head_50k,64,10001,metacdn_cdn_202303_head_50k|cap=64|t=10001,a3408b63730a8504,,,inf,yes,2,yes,no
metacdn,metacdn_cdn_202303_head_50k,64,10001,metacdn_cdn_202303_head_50k|cap=64|t=10001,a3408b63730a8504,,,inf,yes,4,yes,no
metacdn,metacdn_cdn_202303_head_50k,64,10001,metacdn_cdn_202303_head_50k|cap=64|t=10001,a3408b63730a8504,,,inf,yes,8,yes,no
metacdn,metacdn_cdn_202303_head_50k,64,10001,metacdn_cdn_202303_head_50k|cap=64|t=10001,a3408b63730a8504,,,inf,yes,16,yes,no
metacdn,metacdn_cdn_202303_head_50k,64,10001,metacdn_cdn_202303_head_50k|cap=64|t=10001,157d2d79919de68f,,,inf,yes,1,yes,no
metacdn,metacdn_cdn_202303_head_50k,64,10001,metacdn_cdn_202303_head_50k|cap=64|t=10001,157d2d79919de68f,,,inf,yes,2,yes,no
metacdn,metacdn_cdn_202303_head_50k,64,10001,metacdn_cdn_202303_head_50k|cap=64|t=10001,157d2d79919de68f,,,inf,yes,4,yes,no
metacdn,metacdn_cdn_202303_head_50k,64,10001,metacdn_cdn_202303_head_50k|cap=64|t=10001,157d2d79919de68f,,,inf,yes,8,yes,no
metacdn,metacdn_cdn_202303_head_50k,64,10001,metacdn_cdn_202303_head_50k|cap=64|t=10001,157d2d79919de68f,,,inf,yes,16,yes,no
metacdn,metacdn_cdn_202303_head_50k,64,10001,metacdn_cdn_202303_head_50k|cap=64|t=10001,0fc8352f3521055c,,,inf,yes,1,yes,no
metacdn,metacdn_cdn_202303_head_50k,64,10001,metacdn_cdn_202303_head_50k|cap=64|t=10001,0fc8352f3521055c,,,inf,yes,2,yes,no
metacdn,metacdn_cdn_202303_head_50k,64,10001,metacdn_cdn_202303_head_50k|cap=64|t=10001,0fc8352f3521055c,,,inf,yes,4,yes,no
metacdn,metacdn_cdn_202303_head_50k,64,10001,metacdn_cdn_202303_head_50k|cap=64|t=10001,0fc8352f3521055c,,,inf,yes,8,yes,no
metacdn,metacdn_cdn_202303_head_50k,64,10001,metacdn_cdn_202303_head_50k|cap=64|t=10001,0fc8352f3521055c,,,inf,yes,16,yes,no
metacdn,metacdn_cdn_202303_head_50k,64,10001,metacdn_cdn_202303_head_50k|cap=64|t=10001,4969d30c5e5f58a0,,,inf,yes,1,yes,no
metacdn,metacdn_cdn_202303_head_50k,64,10001,metacdn_cdn_202303_head_50k|cap=64|t=10001,4969d30c5e5f58a0,,,inf,yes,2,yes,no
metacdn,metacdn_cdn_202303_head_50k,64,10001,metacdn_cdn_202303_head_50k|cap=64|t=10001,4969d30c5e5f58a0,,,inf,yes,4,yes,no
metacdn,metacdn_cdn_202303_head_50k,64,10001,metacdn_cdn_202303_head_50k|cap=64|t=10001,4969d30c5e5f58a0,,,inf,yes,8,yes,no
metacdn,metacdn_cdn_202303_head_50k,64,10001,metacdn_cdn_202303_head_50k|cap=64|t=10001,4969d30c5e5f58a0,,,inf,yes,16,yes,no
metacdn,metacdn_cdn_202303_head_50k,64,10001,metacdn_cdn_202303_head_50k|cap=64|t=10001,d01263d2375bd5af,,33934,23933,no,1,yes,no
metacdn,metacdn_cdn_202303_head_50k,64,10001,metacdn_cdn_202303_head_50k|cap=64|t=10001,d01263d2375bd5af,,33934,23933,no,2,yes,no
metacdn,metacdn_cdn_202303_head_50k,64,10001,metacdn_cdn_202303_head_50k|cap=64|t=10001,d01263d2375bd5af,,33934,23933,no,4,yes,no
metacdn,metacdn_cdn_202303_head_50k,64,10001,metacdn_cdn_202303_head_50k|cap=64|t=10001,d01263d2375bd5af,,33934,23933,no,8,yes,no
metacdn,metacdn_cdn_202303_head_50k,64,10001,metacdn_cdn_202303_head_50k|cap=64|t=10001,d01263d2375bd5af,,33934,23933,no,16,yes,no
metacdn,metacdn_cdn_202303_head_50k,64,10001,metacdn_cdn_202303_head_50k|cap=64|t=10001,6736107603df0971,,,inf,yes,1,yes,no
metacdn,metacdn_cdn_202303_head_50k,64,10001,metacdn_cdn_202303_head_50k|cap=64|t=10001,6736107603df0971,,,inf,yes,2,yes,no
metacdn,metacdn_cdn_202303_head_50k,64,10001,metacdn_cdn_202303_head_50k|cap=64|t=10001,6736107603df0971,,,inf,yes,4,yes,no
metacdn,metacdn_cdn_202303_head_50k,64,10001,metacdn_cdn_202303_head_50k|cap=64|t=10001,6736107603df0971,,,inf,yes,8,yes,no
metacdn,metacdn_cdn_202303_head_50k,64,10001,metacdn_cdn_202303_head_50k|cap=64|t=10001,6736107603df0971,,,inf,yes,16,yes,no
metacdn,metacdn_cdn_202303_head_50k,64,10001,metacdn_cdn_202303_head_50k|cap=64|t=10001,01739b987e5c3b43,,,inf,yes,1,yes,no
metacdn,metacdn_cdn_202303_head_50k,64,10001,metacdn_cdn_202303_head_50k|cap=64|t=10001,01739b987e5c3b43,,,inf,yes,2,yes,no
metacdn,metacdn_cdn_202303_head_50k,64,10001,metacdn_cdn_202303_head_50k|cap=64|t=10001,01739b987e5c3b43,,,inf,yes,4,yes,no
metacdn,metacdn_cdn_202303_head_50k,64,10001,metacdn_cdn_202303_head_50k|cap=64|t=10001,01739b987e5c3b43,,,inf,yes,8,yes,no
metacdn,metacdn_cdn_202303_head_50k,64,10001,metacdn_cdn_202303_head_50k|cap=64|t=10001,01739b987e5c3b43,,,inf,yes,16,yes,no
metacdn,metacdn_cdn_202303_head_50k,64,10001,metacdn_cdn_202303_head_50k|cap=64|t=10001,8adfbcf14dd391ff,,,inf,yes,1,yes,no
metacdn,metacdn_cdn_202303_head_50k,64,10001,metacdn_cdn_202303_head_50k|cap=64|t=10001,8adfbcf14dd391ff,,,inf,yes,2,yes,no
metacdn,metacdn_cdn_202303_head_50k,64,10001,metacdn_cdn_202303_head_50k|cap=64|t=10001,8adfbcf14dd391ff,,,inf,yes,4,yes,no
metacdn,metacdn_cdn_202303_head_50k,64,10001,metacdn_cdn_202303_head_50k|cap=64|t=10001,8adfbcf14dd391ff,,,inf,yes,8,yes,no
metacdn,metacdn_cdn_202303_head_50k,64,10001,metacdn_cdn_202303_head_50k|cap=64|t=10001,8adfbcf14dd391ff,,,inf,yes,16,yes,no
metacdn,metacdn_cdn_202303_head_50k,64,10001,metacdn_cdn_202303_head_50k|cap=64|t=10001,7d5e3d25da782f12,,,inf,yes,1,yes,no
metacdn,metacdn_cdn_202303_head_50k,64,10001,metacdn_cdn_202303_head_50k|cap=64|t=10001,7d5e3d25da782f12,,,inf,yes,2,yes,no
metacdn,metacdn_cdn_202303_head_50k,64,10001,metacdn_cdn_202303_head_50k|cap=64|t=10001,7d5e3d25da782f12,,,inf,yes,4,yes,no
metacdn,metacdn_cdn_202303_head_50k,64,10001,metacdn_cdn_202303_head_50k|cap=64|t=10001,7d5e3d25da782f12,,,inf,yes,8,yes,no
metacdn,metacdn_cdn_202303_head_50k,64,10001,metacdn_cdn_202303_head_50k|cap=64|t=10001,7d5e3d25da782f12,,,inf,yes,16,yes,no
metacdn,metacdn_cdn_202303_head_50k,64,10001,metacdn_cdn_202303_head_50k|cap=64|t=10001,2ac0f5ef8aaad953,,42902,32901,no,1,yes,no
metacdn,metacdn_cdn_202303_head_50k,64,10001,metacdn_cdn_202303_head_50k|cap=64|t=10001,2ac0f5ef8aaad953,,42902,32901,no,2,yes,no
metacdn,metacdn_cdn_202303_head_50k,64,10001,metacdn_cdn_202303_head_50k|cap=64|t=10001,2ac0f5ef8aaad953,,42902,32901,no,4,yes,no
metacdn,metacdn_cdn_202303_head_50k,64,10001,metacdn_cdn_202303_head_50k|cap=64|t=10001,2ac0f5ef8aaad953,,42902,32901,no,8,yes,no
metacdn,metacdn_cdn_202303_head_50k,64,10001,metacdn_cdn_202303_head_50k|cap=64|t=10001,2ac0f5ef8aaad953,,42902,32901,no,16,yes,no
metacdn,metacdn_cdn_202303_head_50k,64,10001,metacdn_cdn_202303_head_50k|cap=64|t=10001,3b9961c9d864c832,,,inf,yes,1,yes,no
metacdn,metacdn_cdn_202303_head_50k,64,10001,metacdn_cdn_202303_head_50k|cap=64|t=10001,3b9961c9d864c832,,,inf,yes,2,yes,no
metacdn,metacdn_cdn_202303_head_50k,64,10001,metacdn_cdn_202303_head_50k|cap=64|t=10001,3b9961c9d864c832,,,inf,yes,4,yes,no
metacdn,metacdn_cdn_202303_head_50k,64,10001,metacdn_cdn_202303_head_50k|cap=64|t=10001,3b9961c9d864c832,,,inf,yes,8,yes,no
metacdn,metacdn_cdn_202303_head_50k,64,10001,metacdn_cdn_202303_head_50k|cap=64|t=10001,3b9961c9d864c832,,,inf,yes,16,yes,no
metacdn,metacdn_cdn_202303_head_50k,64,10001,metacdn_cdn_202303_head_50k|cap=64|t=10001,dcd11633c288433c,,,inf,yes,1,yes,no
metacdn,metacdn_cdn_202303_head_50k,64,10001,metacdn_cdn_202303_head_50k|cap=64|t=10001,dcd11633c288433c,,,inf,yes,2,yes,no
metacdn,metacdn_cdn_202303_head_50k,64,10001,metacdn_cdn_202303_head_50k|cap=64|t=10001,dcd11633c288433c,,,inf,yes,4,yes,no
metacdn,metacdn_cdn_202303_head_50k,64,10001,metacdn_cdn_202303_head_50k|cap=64|t=10001,dcd11633c288433c,,,inf,yes,8,yes,no
metacdn,metacdn_cdn_202303_head_50k,64,10001,metacdn_cdn_202303_head_50k|cap=64|t=10001,dcd11633c288433c,,,inf,yes,16,yes,no
metacdn,metacdn_cdn_202303_head_50k,64,10001,metacdn_cdn_202303_head_50k|cap=64|t=10001,0d16440f3f07b1ea,,,inf,yes,1,yes,no
metacdn,metacdn_cdn_202303_head_50k,64,10001,metacdn_cdn_202303_head_50k|cap=64|t=10001,0d16440f3f07b1ea,,,inf,yes,2,yes,no
metacdn,metacdn_cdn_202303_head_50k,64,10001,metacdn_cdn_202303_head_50k|cap=64|t=10001,0d16440f3f07b1ea,,,inf,yes,4,yes,no
metacdn,metacdn_cdn_202303_head_50k,64,10001,metacdn_cdn_202303_head_50k|cap=64|t=10001,0d16440f3f07b1ea,,,inf,yes,8,yes,no
metacdn,metacdn_cdn_202303_head_50k,64,10001,metacdn_cdn_202303_head_50k|cap=64|t=10001,0d16440f3f07b1ea,,,inf,yes,16,yes,no
metacdn,metacdn_cdn_202303_head_50k,64,10001,metacdn_cdn_202303_head_50k|cap=64|t=10001,4873eef43e61c673,,,inf,yes,1,yes,no
metacdn,metacdn_cdn_202303_head_50k,64,10001,metacdn_cdn_202303_head_50k|cap=64|t=10001,4873eef43e61c673,,,inf,yes,2,yes,no
metacdn,metacdn_cdn_202303_head_50k,64,10001,metacdn_cdn_202303_head_50k|cap=64|t=10001,4873eef43e61c673,,,inf,yes,4,yes,no
metacdn,metacdn_cdn_202303_head_50k,64,10001,metacdn_cdn_202303_head_50k|cap=64|t=10001,4873eef43e61c673,,,inf,yes,8,yes,no
metacdn,metacdn_cdn_202303_head_50k,64,10001,metacdn_cdn_202303_head_50k|cap=64|t=10001,4873eef43e61c673,,,inf,yes,16,yes,no
metacdn,metacdn_cdn_202303_head_50k,64,10001,metacdn_cdn_202303_head_50k|cap=64|t=10001,bd77cb2bdf64c7b2,,,inf,yes,1,yes,no
metacdn,metacdn_cdn_202303_head_50k,64,10001,metacdn_cdn_202303_head_50k|cap=64|t=10001,bd77cb2bdf64c7b2,,,inf,yes,2,yes,no
metacdn,metacdn_cdn_202303_head_50k,64,10001,metacdn_cdn_202303_head_50k|cap=64|t=10001,bd77cb2bdf64c7b2,,,inf,yes,4,yes,no
metacdn,metacdn_cdn_202303_head_50k,64,10001,metacdn_cdn_202303_head_50k|cap=64|t=10001,bd77cb2bdf64c7b2,,,inf,yes,8,yes,no
metacdn,metacdn_cdn_202303_head_50k,64,10001,metacdn_cdn_202303_head_50k|cap=64|t=10001,bd77cb2bdf64c7b2,,,inf,yes,16,yes,no
metacdn,metacdn_cdn_202303_head_50k,64,10001,metacdn_cdn_202303_head_50k|cap=64|t=10001,bfd9f2dc93e66d46,,10034,33,no,1,yes,no
metacdn,metacdn_cdn_202303_head_50k,64,10001,metacdn_cdn_202303_head_50k|cap=64|t=10001,bfd9f2dc93e66d46,,10034,33,no,2,yes,no
metacdn,metacdn_cdn_202303_head_50k,64,10001,metacdn_cdn_202303_head_50k|cap=64|t=10001,bfd9f2dc93e66d46,,10034,33,no,4,yes,no
metacdn,metacdn_cdn_202303_head_50k,64,10001,metacdn_cdn_202303_head_50k|cap=64|t=10001,bfd9f2dc93e66d46,,10034,33,no,8,yes,no
metacdn,metacdn_cdn_202303_head_50k,64,10001,metacdn_cdn_202303_head_50k|cap=64|t=10001,bfd9f2dc93e66d46,,10034,33,no,16,yes,no
metacdn,metacdn_cdn_202303_head_50k,64,10001,metacdn_cdn_202303_head_50k|cap=64|t=10001,e842b6f855ffa276,,10032,31,no,1,yes,no
metacdn,metacdn_cdn_202303_head_50k,64,10001,metacdn_cdn_202303_head_50k|cap=64|t=10001,e842b6f855ffa276,,10032,31,no,2,yes,no
metacdn,metacdn_cdn_202303_head_50k,64,10001,metacdn_cdn_202303_head_50k|cap=64|t=10001,e842b6f855ffa276,,10032,31,no,4,yes,no
metacdn,metacdn_cdn_202303_head_50k,64,10001,metacdn_cdn_202303_head_50k|cap=64|t=10001,e842b6f855ffa276,,10032,31,no,8,yes,no
metacdn,metacdn_cdn_202303_head_50k,64,10001,metacdn_cdn_202303_head_50k|cap=64|t=10001,e842b6f855ffa276,,10032,31,no,16,yes,no
metacdn,metacdn_cdn_202303_head_50k,64,10001,metacdn_cdn_202303_head_50k|cap=64|t=10001,6dcfd1e2c58ed395,,31084,21083,no,1,yes,no
metacdn,metacdn_cdn_202303_head_50k,64,10001,metacdn_cdn_202303_head_50k|cap=64|t=10001,6dcfd1e2c58ed395,,31084,21083,no,2,yes,no
metacdn,metacdn_cdn_202303_head_50k,64,10001,metacdn_cdn_202303_head_50k|cap=64|t=10001,6dcfd1e2c58ed395,,31084,21083,no,4,yes,no
metacdn,metacdn_cdn_202303_head_50k,64,10001,metacdn_cdn_202303_head_50k|cap=64|t=10001,6dcfd1e2c58ed395,,31084,21083,no,8,yes,no
metacdn,metacdn_cdn_202303_head_50k,64,10001,metacdn_cdn_202303_head_50k|cap=64|t=10001,6dcfd1e2c58ed395,,31084,21083,no,16,yes,no
metacdn,metacdn_cdn_202303_head_50k,64,10001,metacdn_cdn_202303_head_50k|cap=64|t=10001,11633efd1ebe58df,,11109,1108,no,1,yes,no
metacdn,metacdn_cdn_202303_head_50k,64,10001,metacdn_cdn_202303_head_50k|cap=64|t=10001,11633efd1ebe58df,,11109,1108,no,2,yes,no
metacdn,metacdn_cdn_202303_head_50k,64,10001,metacdn_cdn_202303_head_50k|cap=64|t=10001,11633efd1ebe58df,,11109,1108,no,4,yes,no
metacdn,metacdn_cdn_202303_head_50k,64,10001,metacdn_cdn_202303_head_50k|cap=64|t=10001,11633efd1ebe58df,,11109,1108,no,8,yes,no
metacdn,metacdn_cdn_202303_head_50k,64,10001,metacdn_cdn_202303_head_50k|cap=64|t=10001,11633efd1ebe58df,,11109,1108,no,16,yes,no
metacdn,metacdn_cdn_202303_head_50k,64,10001,metacdn_cdn_202303_head_50k|cap=64|t=10001,5ea43c9076c9ef7a,,10156,155,no,1,yes,no
metacdn,metacdn_cdn_202303_head_50k,64,10001,metacdn_cdn_202303_head_50k|cap=64|t=10001,5ea43c9076c9ef7a,,10156,155,no,2,yes,no
metacdn,metacdn_cdn_202303_head_50k,64,10001,metacdn_cdn_202303_head_50k|cap=64|t=10001,5ea43c9076c9ef7a,,10156,155,no,4,yes,no
metacdn,metacdn_cdn_202303_head_50k,64,10001,metacdn_cdn_202303_head_50k|cap=64|t=10001,5ea43c9076c9ef7a,,10156,155,no,8,yes,no
metacdn,metacdn_cdn_202303_head_50k,64,10001,metacdn_cdn_202303_head_50k|cap=64|t=10001,5ea43c9076c9ef7a,,10156,155,no,16,yes,no
metacdn,metacdn_cdn_202303_head_50k,64,10001,metacdn_cdn_202303_head_50k|cap=64|t=10001,6aaf6a2f1db0745d,,10273,272,no,1,yes,no
metacdn,metacdn_cdn_202303_head_50k,64,10001,metacdn_cdn_202303_head_50k|cap=64|t=10001,6aaf6a2f1db0745d,,10273,272,no,2,yes,no
metacdn,metacdn_cdn_202303_head_50k,64,10001,metacdn_cdn_202303_head_50k|cap=64|t=10001,6aaf6a2f1db0745d,,10273,272,no,4,yes,no
metacdn,metacdn_cdn_202303_head_50k,64,10001,metacdn_cdn_202303_head_50k|cap=64|t=10001,6aaf6a2f1db0745d,,10273,272,no,8,yes,no
metacdn,metacdn_cdn_202303_head_50k,64,10001,metacdn_cdn_202303_head_50k|cap=64|t=10001,6aaf6a2f1db0745d,,10273,272,no,16,yes,no
metacdn,metacdn_cdn_202303_head_50k,64,10001,metacdn_cdn_202303_head_50k|cap=64|t=10001,54bf6e2086fd91b6,,10057,56,no,1,yes,no
metacdn,metacdn_cdn_202303_head_50k,64,10001,metacdn_cdn_202303_head_50k|cap=64|t=10001,54bf6e2086fd91b6,,10057,56,no,2,yes,no
metacdn,metacdn_cdn_202303_head_50k,64,10001,metacdn_cdn_202303_head_50k|cap=64|t=10001,54bf6e2086fd91b6,,10057,56,no,4,yes,no
metacdn,metacdn_cdn_202303_head_50k,64,10001,metacdn_cdn_202303_head_50k|cap=64|t=10001,54bf6e2086fd91b6,,10057,56,no,8,yes,no
metacdn,metacdn_cdn_202303_head_50k,64,10001,metacdn_cdn_202303_head_50k|cap=64|t=10001,54bf6e2086fd91b6,,10057,56,no,16,yes,no
metacdn,metacdn_cdn_202303_head_50k,64,10001,metacdn_cdn_202303_head_50k|cap=64|t=10001,177a6d71e64f35b0,,12359,2358,no,1,yes,no
metacdn,metacdn_cdn_202303_head_50k,64,10001,metacdn_cdn_202303_head_50k|cap=64|t=10001,177a6d71e64f35b0,,12359,2358,no,2,yes,no
metacdn,metacdn_cdn_202303_head_50k,64,10001,metacdn_cdn_202303_head_50k|cap=64|t=10001,177a6d71e64f35b0,,12359,2358,no,4,yes,no
metacdn,metacdn_cdn_202303_head_50k,64,10001,metacdn_cdn_202303_head_50k|cap=64|t=10001,177a6d71e64f35b0,,12359,2358,no,8,yes,no
metacdn,metacdn_cdn_202303_head_50k,64,10001,metacdn_cdn_202303_head_50k|cap=64|t=10001,177a6d71e64f35b0,,12359,2358,no,16,yes,no
metacdn,metacdn_cdn_202303_head_50k,64,10001,metacdn_cdn_202303_head_50k|cap=64|t=10001,c9b42f570cc3a740,,11803,1802,no,1,yes,no
metacdn,metacdn_cdn_202303_head_50k,64,10001,metacdn_cdn_202303_head_50k|cap=64|t=10001,c9b42f570cc3a740,,11803,1802,no,2,yes,no
metacdn,metacdn_cdn_202303_head_50k,64,10001,metacdn_cdn_202303_head_50k|cap=64|t=10001,c9b42f570cc3a740,,11803,1802,no,4,yes,no
metacdn,metacdn_cdn_202303_head_50k,64,10001,metacdn_cdn_202303_head_50k|cap=64|t=10001,c9b42f570cc3a740,,11803,1802,no,8,yes,no
metacdn,metacdn_cdn_202303_head_50k,64,10001,metacdn_cdn_202303_head_50k|cap=64|t=10001,c9b42f570cc3a740,,11803,1802,no,16,yes,no
metacdn,metacdn_cdn_202303_head_50k,64,10001,metacdn_cdn_202303_head_50k|cap=64|t=10001,451d04aa8806f8d9,,10073,72,no,1,yes,no
metacdn,metacdn_cdn_202303_head_50k,64,10001,metacdn_cdn_202303_head_50k|cap=64|t=10001,451d04aa8806f8d9,,10073,72,no,2,yes,no
metacdn,metacdn_cdn_202303_head_50k,64,10001,metacdn_cdn_202303_head_50k|cap=64|t=10001,451d04aa8806f8d9,,10073,72,no,4,yes,no
metacdn,metacdn_cdn_202303_head_50k,64,10001,metacdn_cdn_202303_head_50k|cap=64|t=10001,451d04aa8806f8d9,,10073,72,no,8,yes,no
metacdn,metacdn_cdn_202303_head_50k,64,10001,metacdn_cdn_202303_head_50k|cap=64|t=10001,451d04aa8806f8d9,,10073,72,no,16,yes,no
metacdn,metacdn_cdn_202303_head_50k,64,10001,metacdn_cdn_202303_head_50k|cap=64|t=10001,86642ad151fde47f,,14310,4309,no,1,yes,no
metacdn,metacdn_cdn_202303_head_50k,64,10001,metacdn_cdn_202303_head_50k|cap=64|t=10001,86642ad151fde47f,,14310,4309,no,2,yes,no
metacdn,metacdn_cdn_202303_head_50k,64,10001,metacdn_cdn_202303_head_50k|cap=64|t=10001,86642ad151fde47f,,14310,4309,no,4,yes,no
metacdn,metacdn_cdn_202303_head_50k,64,10001,metacdn_cdn_202303_head_50k|cap=64|t=10001,86642ad151fde47f,,14310,4309,no,8,yes,no
metacdn,metacdn_cdn_202303_head_50k,64,10001,metacdn_cdn_202303_head_50k|cap=64|t=10001,86642ad151fde47f,,14310,4309,no,16,yes,no
metacdn,metacdn_cdn_202303_head_50k,64,10001,metacdn_cdn_202303_head_50k|cap=64|t=10001,06718d337803da6e,,23026,13025,no,1,yes,no
metacdn,metacdn_cdn_202303_head_50k,64,10001,metacdn_cdn_202303_head_50k|cap=64|t=10001,06718d337803da6e,,23026,13025,no,2,yes,no
metacdn,metacdn_cdn_202303_head_50k,64,10001,metacdn_cdn_202303_head_50k|cap=64|t=10001,06718d337803da6e,,23026,13025,no,4,yes,no
metacdn,metacdn_cdn_202303_head_50k,64,10001,metacdn_cdn_202303_head_50k|cap=64|t=10001,06718d337803da6e,,23026,13025,no,8,yes,no
metacdn,metacdn_cdn_202303_head_50k,64,10001,metacdn_cdn_202303_head_50k|cap=64|t=10001,06718d337803da6e,,23026,13025,no,16,yes,no
metacdn,metacdn_cdn_202303_head_50k,64,10001,metacdn_cdn_202303_head_50k|cap=64|t=10001,7dd88be7745967fb,,10003,2,no,1,yes,no
metacdn,metacdn_cdn_202303_head_50k,64,10001,metacdn_cdn_202303_head_50k|cap=64|t=10001,7dd88be7745967fb,,10003,2,no,2,no,yes
metacdn,metacdn_cdn_202303_head_50k,64,10001,metacdn_cdn_202303_head_50k|cap=64|t=10001,7dd88be7745967fb,,10003,2,no,4,no,yes
metacdn,metacdn_cdn_202303_head_50k,64,10001,metacdn_cdn_202303_head_50k|cap=64|t=10001,7dd88be7745967fb,,10003,2,no,8,no,yes
metacdn,metacdn_cdn_202303_head_50k,64,10001,metacdn_cdn_202303_head_50k|cap=64|t=10001,7dd88be7745967fb,,10003,2,no,16,no,yes
metacdn,metacdn_cdn_202303_head_50k,64,10001,metacdn_cdn_202303_head_50k|cap=64|t=10001,5e5200f79ab24fcb,,10007,6,no,1,yes,no
metacdn,metacdn_cdn_202303_head_50k,64,10001,metacdn_cdn_202303_head_50k|cap=64|t=10001,5e5200f79ab24fcb,,10007,6,no,2,yes,no
metacdn,metacdn_cdn_202303_head_50k,64,10001,metacdn_cdn_202303_head_50k|cap=64|t=10001,5e5200f79ab24fcb,,10007,6,no,4,yes,no
metacdn,metacdn_cdn_202303_head_50k,64,10001,metacdn_cdn_202303_head_50k|cap=64|t=10001,5e5200f79ab24fcb,,10007,6,no,8,no,yes
metacdn,metacdn_cdn_202303_head_50k,64,10001,metacdn_cdn_202303_head_50k|cap=64|t=10001,5e5200f79ab24fcb,,10007,6,no,16,no,yes
metacdn,metacdn_cdn_202303_head_50k,64,10002,metacdn_cdn_202303_head_50k|cap=64|t=10002,38c6966f09385d37,,10377,375,no,1,yes,no
metacdn,metacdn_cdn_202303_head_50k,64,10002,metacdn_cdn_202303_head_50k|cap=64|t=10002,38c6966f09385d37,,10377,375,no,2,yes,no
metacdn,metacdn_cdn_202303_head_50k,64,10002,metacdn_cdn_202303_head_50k|cap=64|t=10002,38c6966f09385d37,,10377,375,no,4,yes,no
metacdn,metacdn_cdn_202303_head_50k,64,10002,metacdn_cdn_202303_head_50k|cap=64|t=10002,38c6966f09385d37,,10377,375,no,8,yes,no
metacdn,metacdn_cdn_202303_head_50k,64,10002,metacdn_cdn_202303_head_50k|cap=64|t=10002,38c6966f09385d37,,10377,375,no,16,yes,no
metacdn,metacdn_cdn_202303_head_50k,64,10002,metacdn_cdn_202303_head_50k|cap=64|t=10002,d01263d2375bd5af,,33934,23932,no,1,yes,no
metacdn,metacdn_cdn_202303_head_50k,64,10002,metacdn_cdn_202303_head_50k|cap=64|t=10002,d01263d2375bd5af,,33934,23932,no,2,yes,no
metacdn,metacdn_cdn_202303_head_50k,64,10002,metacdn_cdn_202303_head_50k|cap=64|t=10002,d01263d2375bd5af,,33934,23932,no,4,yes,no
metacdn,metacdn_cdn_202303_head_50k,64,10002,metacdn_cdn_202303_head_50k|cap=64|t=10002,d01263d2375bd5af,,33934,23932,no,8,yes,no
metacdn,metacdn_cdn_202303_head_50k,64,10002,metacdn_cdn_202303_head_50k|cap=64|t=10002,d01263d2375bd5af,,33934,23932,no,16,yes,no
metacdn,metacdn_cdn_202303_head_50k,64,10002,metacdn_cdn_202303_head_50k|cap=64|t=10002,2ac0f5ef8aaad953,,42902,32900,no,1,yes,no
metacdn,metacdn_cdn_202303_head_50k,64,10002,metacdn_cdn_202303_head_50k|cap=64|t=10002,2ac0f5ef8aaad953,,42902,32900,no,2,yes,no
metacdn,metacdn_cdn_202303_head_50k,64,10002,metacdn_cdn_202303_head_50k|cap=64|t=10002,2ac0f5ef8aaad953,,42902,32900,no,4,yes,no
metacdn,metacdn_cdn_202303_head_50k,64,10002,metacdn_cdn_202303_head_50k|cap=64|t=10002,2ac0f5ef8aaad953,,42902,32900,no,8,yes,no
metacdn,metacdn_cdn_202303_head_50k,64,10002,metacdn_cdn_202303_head_50k|cap=64|t=10002,2ac0f5ef8aaad953,,42902,32900,no,16,yes,no
metacdn,metacdn_cdn_202303_head_50k,128,10001,metacdn_cdn_202303_head_50k|cap=128|t=10001,595dcff36b4b1365,,,inf,yes,1,yes,no
metacdn,metacdn_cdn_202303_head_50k,128,10001,metacdn_cdn_202303_head_50k|cap=128|t=10001,595dcff36b4b1365,,,inf,yes,2,yes,no
metacdn,metacdn_cdn_202303_head_50k,128,10001,metacdn_cdn_202303_head_50k|cap=128|t=10001,595dcff36b4b1365,,,inf,yes,4,yes,no
metacdn,metacdn_cdn_202303_head_50k,128,10001,metacdn_cdn_202303_head_50k|cap=128|t=10001,595dcff36b4b1365,,,inf,yes,8,yes,no
metacdn,metacdn_cdn_202303_head_50k,128,10001,metacdn_cdn_202303_head_50k|cap=128|t=10001,595dcff36b4b1365,,,inf,yes,16,yes,no
metacdn,metacdn_cdn_202303_head_50k,128,10001,metacdn_cdn_202303_head_50k|cap=128|t=10001,3b45afa59762fe16,,,inf,yes,1,yes,no
metacdn,metacdn_cdn_202303_head_50k,128,10001,metacdn_cdn_202303_head_50k|cap=128|t=10001,3b45afa59762fe16,,,inf,yes,2,yes,no
metacdn,metacdn_cdn_202303_head_50k,128,10001,metacdn_cdn_202303_head_50k|cap=128|t=10001,3b45afa59762fe16,,,inf,yes,4,yes,no
metacdn,metacdn_cdn_202303_head_50k,128,10001,metacdn_cdn_202303_head_50k|cap=128|t=10001,3b45afa59762fe16,,,inf,yes,8,yes,no
metacdn,metacdn_cdn_202303_head_50k,128,10001,metacdn_cdn_202303_head_50k|cap=128|t=10001,3b45afa59762fe16,,,inf,yes,16,yes,no
metacdn,metacdn_cdn_202303_head_50k,128,10001,metacdn_cdn_202303_head_50k|cap=128|t=10001,75c48b17d8845c6a,,,inf,yes,1,yes,no
metacdn,metacdn_cdn_202303_head_50k,128,10001,metacdn_cdn_202303_head_50k|cap=128|t=10001,75c48b17d8845c6a,,,inf,yes,2,yes,no
metacdn,metacdn_cdn_202303_head_50k,128,10001,metacdn_cdn_202303_head_50k|cap=128|t=10001,75c48b17d8845c6a,,,inf,yes,4,yes,no
metacdn,metacdn_cdn_202303_head_50k,128,10001,metacdn_cdn_202303_head_50k|cap=128|t=10001,75c48b17d8845c6a,,,inf,yes,8,yes,no
metacdn,metacdn_cdn_202303_head_50k,128,10001,metacdn_cdn_202303_head_50k|cap=128|t=10001,75c48b17d8845c6a,,,inf,yes,16,yes,no
metacdn,metacdn_cdn_202303_head_50k,128,10001,metacdn_cdn_202303_head_50k|cap=128|t=10001,a0030373985543cc,,,inf,yes,1,yes,no
metacdn,metacdn_cdn_202303_head_50k,128,10001,metacdn_cdn_202303_head_50k|cap=128|t=10001,a0030373985543cc,,,inf,yes,2,yes,no
metacdn,metacdn_cdn_202303_head_50k,128,10001,metacdn_cdn_202303_head_50k|cap=128|t=10001,a0030373985543cc,,,inf,yes,4,yes,no
metacdn,metacdn_cdn_202303_head_50k,128,10001,metacdn_cdn_202303_head_50k|cap=128|t=10001,a0030373985543cc,,,inf,yes,8,yes,no
metacdn,metacdn_cdn_202303_head_50k,128,10001,metacdn_cdn_202303_head_50k|cap=128|t=10001,a0030373985543cc,,,inf,yes,16,yes,no
metacdn,metacdn_cdn_202303_head_50k,128,10001,metacdn_cdn_202303_head_50k|cap=128|t=10001,76ff8b6a625389e8,,,inf,yes,1,yes,no
metacdn,metacdn_cdn_202303_head_50k,128,10001,metacdn_cdn_202303_head_50k|cap=128|t=10001,76ff8b6a625389e8,,,inf,yes,2,yes,no
metacdn,metacdn_cdn_202303_head_50k,128,10001,metacdn_cdn_202303_head_50k|cap=128|t=10001,76ff8b6a625389e8,,,inf,yes,4,yes,no
metacdn,metacdn_cdn_202303_head_50k,128,10001,metacdn_cdn_202303_head_50k|cap=128|t=10001,76ff8b6a625389e8,,,inf,yes,8,yes,no
metacdn,metacdn_cdn_202303_head_50k,128,10001,metacdn_cdn_202303_head_50k|cap=128|t=10001,76ff8b6a625389e8,,,inf,yes,16,yes,no
metacdn,metacdn_cdn_202303_head_50k,128,10001,metacdn_cdn_202303_head_50k|cap=128|t=10001,36caac3640b9929e,,,inf,yes,1,yes,no
metacdn,metacdn_cdn_202303_head_50k,128,10001,metacdn_cdn_202303_head_50k|cap=128|t=10001,36caac3640b9929e,,,inf,yes,2,yes,no
metacdn,metacdn_cdn_202303_head_50k,128,10001,metacdn_cdn_202303_head_50k|cap=128|t=10001,36caac3640b9929e,,,inf,yes,4,yes,no
metacdn,metacdn_cdn_202303_head_50k,128,10001,metacdn_cdn_202303_head_50k|cap=128|t=10001,36caac3640b9929e,,,inf,yes,8,yes,no
metacdn,metacdn_cdn_202303_head_50k,128,10001,metacdn_cdn_202303_head_50k|cap=128|t=10001,36caac3640b9929e,,,inf,yes,16,yes,no
metacdn,metacdn_cdn_202303_head_50k,128,10001,metacdn_cdn_202303_head_50k|cap=128|t=10001,ac9db0d82bdb9ed5,,,inf,yes,1,yes,no
metacdn,metacdn_cdn_202303_head_50k,128,10001,metacdn_cdn_202303_head_50k|cap=128|t=10001,ac9db0d82bdb9ed5,,,inf,yes,2,yes,no
metacdn,metacdn_cdn_202303_head_50k,128,10001,metacdn_cdn_202303_head_50k|cap=128|t=10001,ac9db0d82bdb9ed5,,,inf,yes,4,yes,no
metacdn,metacdn_cdn_202303_head_50k,128,10001,metacdn_cdn_202303_head_50k|cap=128|t=10001,ac9db0d82bdb9ed5,,,inf,yes,8,yes,no
metacdn,metacdn_cdn_202303_head_50k,128,10001,metacdn_cdn_202303_head_50k|cap=128|t=10001,ac9db0d82bdb9ed5,,,inf,yes,16,yes,no
metacdn,metacdn_cdn_202303_head_50k,128,10001,metacdn_cdn_202303_head_50k|cap=128|t=10001,c9c03998dab3ec3d,,,inf,yes,1,yes,no
metacdn,metacdn_cdn_202303_head_50k,128,10001,metacdn_cdn_202303_head_50k|cap=128|t=10001,c9c03998dab3ec3d,,,inf,yes,2,yes,no
metacdn,metacdn_cdn_202303_head_50k,128,10001,metacdn_cdn_202303_head_50k|cap=128|t=10001,c9c03998dab3ec3d,,,inf,yes,4,yes,no
metacdn,metacdn_cdn_202303_head_50k,128,10001,metacdn_cdn_202303_head_50k|cap=128|t=10001,c9c03998dab3ec3d,,,inf,yes,8,yes,no
metacdn,metacdn_cdn_202303_head_50k,128,10001,metacdn_cdn_202303_head_50k|cap=128|t=10001,c9c03998dab3ec3d,,,inf,yes,16,yes,no
metacdn,metacdn_cdn_202303_head_50k,128,10001,metacdn_cdn_202303_head_50k|cap=128|t=10001,640680150b4ff7ba,,44153,34152,no,1,yes,no
metacdn,metacdn_cdn_202303_head_50k,128,10001,metacdn_cdn_202303_head_50k|cap=128|t=10001,640680150b4ff7ba,,44153,34152,no,2,yes,no
metacdn,metacdn_cdn_202303_head_50k,128,10001,metacdn_cdn_202303_head_50k|cap=128|t=10001,640680150b4ff7ba,,44153,34152,no,4,yes,no
metacdn,metacdn_cdn_202303_head_50k,128,10001,metacdn_cdn_202303_head_50k|cap=128|t=10001,640680150b4ff7ba,,44153,34152,no,8,yes,no
metacdn,metacdn_cdn_202303_head_50k,128,10001,metacdn_cdn_202303_head_50k|cap=128|t=10001,640680150b4ff7ba,,44153,34152,no,16,yes,no
metacdn,metacdn_cdn_202303_head_50k,128,10001,metacdn_cdn_202303_head_50k|cap=128|t=10001,404c9baedd98921a,,,inf,yes,1,yes,no
metacdn,metacdn_cdn_202303_head_50k,128,10001,metacdn_cdn_202303_head_50k|cap=128|t=10001,404c9baedd98921a,,,inf,yes,2,yes,no
metacdn,metacdn_cdn_202303_head_50k,128,10001,metacdn_cdn_202303_head_50k|cap=128|t=10001,404c9baedd98921a,,,inf,yes,4,yes,no
metacdn,metacdn_cdn_202303_head_50k,128,10001,metacdn_cdn_202303_head_50k|cap=128|t=10001,404c9baedd98921a,,,inf,yes,8,yes,no
metacdn,metacdn_cdn_202303_head_50k,128,10001,metacdn_cdn_202303_head_50k|cap=128|t=10001,404c9baedd98921a,,,inf,yes,16,yes,no
metacdn,metacdn_cdn_202303_head_50k,128,10001,metacdn_cdn_202303_head_50k|cap=128|t=10001,49927fc626100dcc,,,inf,yes,1,yes,no
metacdn,metacdn_cdn_202303_head_50k,128,10001,metacdn_cdn_202303_head_50k|cap=128|t=10001,49927fc626100dcc,,,inf,yes,2,yes,no
metacdn,metacdn_cdn_202303_head_50k,128,10001,metacdn_cdn_202303_head_50k|cap=128|t=10001,49927fc626100dcc,,,inf,yes,4,yes,no
metacdn,metacdn_cdn_202303_head_50k,128,10001,metacdn_cdn_202303_head_50k|cap=128|t=10001,49927fc626100dcc,,,inf,yes,8,yes,no
metacdn,metacdn_cdn_202303_head_50k,128,10001,metacdn_cdn_202303_head_50k|cap=128|t=10001,49927fc626100dcc,,,inf,yes,16,yes,no
metacdn,metacdn_cdn_202303_head_50k,128,10001,metacdn_cdn_202303_head_50k|cap=128|t=10001,aa82d7748a269358,,10543,542,no,1,yes,no
metacdn,metacdn_cdn_202303_head_50k,128,10001,metacdn_cdn_202303_head_50k|cap=128|t=10001,aa82d7748a269358,,10543,542,no,2,yes,no
metacdn,metacdn_cdn_202303_head_50k,128,10001,metacdn_cdn_202303_head_50k|cap=128|t=10001,aa82d7748a269358,,10543,542,no,4,yes,no
metacdn,metacdn_cdn_202303_head_50k,128,10001,metacdn_cdn_202303_head_50k|cap=128|t=10001,aa82d7748a269358,,10543,542,no,8,yes,no
metacdn,metacdn_cdn_202303_head_50k,128,10001,metacdn_cdn_202303_head_50k|cap=128|t=10001,aa82d7748a269358,,10543,542,no,16,yes,no
metacdn,metacdn_cdn_202303_head_50k,128,10001,metacdn_cdn_202303_head_50k|cap=128|t=10001,c4ce5a8f40356bcd,,10074,73,no,1,yes,no
metacdn,metacdn_cdn_202303_head_50k,128,10001,metacdn_cdn_202303_head_50k|cap=128|t=10001,c4ce5a8f40356bcd,,10074,73,no,2,yes,no
metacdn,metacdn_cdn_202303_head_50k,128,10001,metacdn_cdn_202303_head_50k|cap=128|t=10001,c4ce5a8f40356bcd,,10074,73,no,4,yes,no
metacdn,metacdn_cdn_202303_head_50k,128,10001,metacdn_cdn_202303_head_50k|cap=128|t=10001,c4ce5a8f40356bcd,,10074,73,no,8,yes,no
metacdn,metacdn_cdn_202303_head_50k,128,10001,metacdn_cdn_202303_head_50k|cap=128|t=10001,c4ce5a8f40356bcd,,10074,73,no,16,yes,no
metacdn,metacdn_cdn_202303_head_50k,128,10001,metacdn_cdn_202303_head_50k|cap=128|t=10001,03256d5f6f952dea,,,inf,yes,1,yes,no
metacdn,metacdn_cdn_202303_head_50k,128,10001,metacdn_cdn_202303_head_50k|cap=128|t=10001,03256d5f6f952dea,,,inf,yes,2,yes,no
metacdn,metacdn_cdn_202303_head_50k,128,10001,metacdn_cdn_202303_head_50k|cap=128|t=10001,03256d5f6f952dea,,,inf,yes,4,yes,no
metacdn,metacdn_cdn_202303_head_50k,128,10001,metacdn_cdn_202303_head_50k|cap=128|t=10001,03256d5f6f952dea,,,inf,yes,8,yes,no
metacdn,metacdn_cdn_202303_head_50k,128,10001,metacdn_cdn_202303_head_50k|cap=128|t=10001,03256d5f6f952dea,,,inf,yes,16,yes,no
metacdn,metacdn_cdn_202303_head_50k,128,10001,metacdn_cdn_202303_head_50k|cap=128|t=10001,89bb835cc0925133,,,inf,yes,1,yes,no
metacdn,metacdn_cdn_202303_head_50k,128,10001,metacdn_cdn_202303_head_50k|cap=128|t=10001,89bb835cc0925133,,,inf,yes,2,yes,no
metacdn,metacdn_cdn_202303_head_50k,128,10001,metacdn_cdn_202303_head_50k|cap=128|t=10001,89bb835cc0925133,,,inf,yes,4,yes,no
metacdn,metacdn_cdn_202303_head_50k,128,10001,metacdn_cdn_202303_head_50k|cap=128|t=10001,89bb835cc0925133,,,inf,yes,8,yes,no
metacdn,metacdn_cdn_202303_head_50k,128,10001,metacdn_cdn_202303_head_50k|cap=128|t=10001,89bb835cc0925133,,,inf,yes,16,yes,no
metacdn,metacdn_cdn_202303_head_50k,128,10001,metacdn_cdn_202303_head_50k|cap=128|t=10001,e52be4a81746b76d,,,inf,yes,1,yes,no
metacdn,metacdn_cdn_202303_head_50k,128,10001,metacdn_cdn_202303_head_50k|cap=128|t=10001,e52be4a81746b76d,,,inf,yes,2,yes,no
metacdn,metacdn_cdn_202303_head_50k,128,10001,metacdn_cdn_202303_head_50k|cap=128|t=10001,e52be4a81746b76d,,,inf,yes,4,yes,no
metacdn,metacdn_cdn_202303_head_50k,128,10001,metacdn_cdn_202303_head_50k|cap=128|t=10001,e52be4a81746b76d,,,inf,yes,8,yes,no
metacdn,metacdn_cdn_202303_head_50k,128,10001,metacdn_cdn_202303_head_50k|cap=128|t=10001,e52be4a81746b76d,,,inf,yes,16,yes,no
metacdn,metacdn_cdn_202303_head_50k,128,10001,metacdn_cdn_202303_head_50k|cap=128|t=10001,9a85b923933b51e7,,36660,26659,no,1,yes,no
metacdn,metacdn_cdn_202303_head_50k,128,10001,metacdn_cdn_202303_head_50k|cap=128|t=10001,9a85b923933b51e7,,36660,26659,no,2,yes,no
metacdn,metacdn_cdn_202303_head_50k,128,10001,metacdn_cdn_202303_head_50k|cap=128|t=10001,9a85b923933b51e7,,36660,26659,no,4,yes,no
metacdn,metacdn_cdn_202303_head_50k,128,10001,metacdn_cdn_202303_head_50k|cap=128|t=10001,9a85b923933b51e7,,36660,26659,no,8,yes,no
metacdn,metacdn_cdn_202303_head_50k,128,10001,metacdn_cdn_202303_head_50k|cap=128|t=10001,9a85b923933b51e7,,36660,26659,no,16,yes,no
metacdn,metacdn_cdn_202303_head_50k,128,10001,metacdn_cdn_202303_head_50k|cap=128|t=10001,f1cad8f9fdbe4d7c,,,inf,yes,1,yes,no
metacdn,metacdn_cdn_202303_head_50k,128,10001,metacdn_cdn_202303_head_50k|cap=128|t=10001,f1cad8f9fdbe4d7c,,,inf,yes,2,yes,no
metacdn,metacdn_cdn_202303_head_50k,128,10001,metacdn_cdn_202303_head_50k|cap=128|t=10001,f1cad8f9fdbe4d7c,,,inf,yes,4,yes,no
metacdn,metacdn_cdn_202303_head_50k,128,10001,metacdn_cdn_202303_head_50k|cap=128|t=10001,f1cad8f9fdbe4d7c,,,inf,yes,8,yes,no
metacdn,metacdn_cdn_202303_head_50k,128,10001,metacdn_cdn_202303_head_50k|cap=128|t=10001,f1cad8f9fdbe4d7c,,,inf,yes,16,yes,no
metacdn,metacdn_cdn_202303_head_50k,128,10001,metacdn_cdn_202303_head_50k|cap=128|t=10001,0891d9e2d40d5104,,,inf,yes,1,yes,no
metacdn,metacdn_cdn_202303_head_50k,128,10001,metacdn_cdn_202303_head_50k|cap=128|t=10001,0891d9e2d40d5104,,,inf,yes,2,yes,no
metacdn,metacdn_cdn_202303_head_50k,128,10001,metacdn_cdn_202303_head_50k|cap=128|t=10001,0891d9e2d40d5104,,,inf,yes,4,yes,no
metacdn,metacdn_cdn_202303_head_50k,128,10001,metacdn_cdn_202303_head_50k|cap=128|t=10001,0891d9e2d40d5104,,,inf,yes,8,yes,no
metacdn,metacdn_cdn_202303_head_50k,128,10001,metacdn_cdn_202303_head_50k|cap=128|t=10001,0891d9e2d40d5104,,,inf,yes,16,yes,no
metacdn,metacdn_cdn_202303_head_50k,128,10001,metacdn_cdn_202303_head_50k|cap=128|t=10001,2699c39f81a3e4c1,,,inf,yes,1,yes,no
metacdn,metacdn_cdn_202303_head_50k,128,10001,metacdn_cdn_202303_head_50k|cap=128|t=10001,2699c39f81a3e4c1,,,inf,yes,2,yes,no
metacdn,metacdn_cdn_202303_head_50k,128,10001,metacdn_cdn_202303_head_50k|cap=128|t=10001,2699c39f81a3e4c1,,,inf,yes,4,yes,no
metacdn,metacdn_cdn_202303_head_50k,128,10001,metacdn_cdn_202303_head_50k|cap=128|t=10001,2699c39f81a3e4c1,,,inf,yes,8,yes,no
metacdn,metacdn_cdn_202303_head_50k,128,10001,metacdn_cdn_202303_head_50k|cap=128|t=10001,2699c39f81a3e4c1,,,inf,yes,16,yes,no
metacdn,metacdn_cdn_202303_head_50k,128,10001,metacdn_cdn_202303_head_50k|cap=128|t=10001,987157bb292ef45a,,,inf,yes,1,yes,no
metacdn,metacdn_cdn_202303_head_50k,128,10001,metacdn_cdn_202303_head_50k|cap=128|t=10001,987157bb292ef45a,,,inf,yes,2,yes,no
metacdn,metacdn_cdn_202303_head_50k,128,10001,metacdn_cdn_202303_head_50k|cap=128|t=10001,987157bb292ef45a,,,inf,yes,4,yes,no
metacdn,metacdn_cdn_202303_head_50k,128,10001,metacdn_cdn_202303_head_50k|cap=128|t=10001,987157bb292ef45a,,,inf,yes,8,yes,no
metacdn,metacdn_cdn_202303_head_50k,128,10001,metacdn_cdn_202303_head_50k|cap=128|t=10001,987157bb292ef45a,,,inf,yes,16,yes,no
metacdn,metacdn_cdn_202303_head_50k,128,10001,metacdn_cdn_202303_head_50k|cap=128|t=10001,eb7485753e073ad8,,,inf,yes,1,yes,no
metacdn,metacdn_cdn_202303_head_50k,128,10001,metacdn_cdn_202303_head_50k|cap=128|t=10001,eb7485753e073ad8,,,inf,yes,2,yes,no
metacdn,metacdn_cdn_202303_head_50k,128,10001,metacdn_cdn_202303_head_50k|cap=128|t=10001,eb7485753e073ad8,,,inf,yes,4,yes,no
metacdn,metacdn_cdn_202303_head_50k,128,10001,metacdn_cdn_202303_head_50k|cap=128|t=10001,eb7485753e073ad8,,,inf,yes,8,yes,no
metacdn,metacdn_cdn_202303_head_50k,128,10001,metacdn_cdn_202303_head_50k|cap=128|t=10001,eb7485753e073ad8,,,inf,yes,16,yes,no
metacdn,metacdn_cdn_202303_head_50k,128,10001,metacdn_cdn_202303_head_50k|cap=128|t=10001,fa6cc0e81c926bea,,,inf,yes,1,yes,no
metacdn,metacdn_cdn_202303_head_50k,128,10001,metacdn_cdn_202303_head_50k|cap=128|t=10001,fa6cc0e81c926bea,,,inf,yes,2,yes,no
metacdn,metacdn_cdn_202303_head_50k,128,10001,metacdn_cdn_202303_head_50k|cap=128|t=10001,fa6cc0e81c926bea,,,inf,yes,4,yes,no
metacdn,metacdn_cdn_202303_head_50k,128,10001,metacdn_cdn_202303_head_50k|cap=128|t=10001,fa6cc0e81c926bea,,,inf,yes,8,yes,no
metacdn,metacdn_cdn_202303_head_50k,128,10001,metacdn_cdn_202303_head_50k|cap=128|t=10001,fa6cc0e81c926bea,,,inf,yes,16,yes,no
metacdn,metacdn_cdn_202303_head_50k,128,10001,metacdn_cdn_202303_head_50k|cap=128|t=10001,c87c4cc8dbf67aca,,,inf,yes,1,yes,no
metacdn,metacdn_cdn_202303_head_50k,128,10001,metacdn_cdn_202303_head_50k|cap=128|t=10001,c87c4cc8dbf67aca,,,inf,yes,2,yes,no
metacdn,metacdn_cdn_202303_head_50k,128,10001,metacdn_cdn_202303_head_50k|cap=128|t=10001,c87c4cc8dbf67aca,,,inf,yes,4,yes,no
metacdn,metacdn_cdn_202303_head_50k,128,10001,metacdn_cdn_202303_head_50k|cap=128|t=10001,c87c4cc8dbf67aca,,,inf,yes,8,yes,no
metacdn,metacdn_cdn_202303_head_50k,128,10001,metacdn_cdn_202303_head_50k|cap=128|t=10001,c87c4cc8dbf67aca,,,inf,yes,16,yes,no
metacdn,metacdn_cdn_202303_head_50k,128,10001,metacdn_cdn_202303_head_50k|cap=128|t=10001,f31b36d537161ba7,,10345,344,no,1,yes,no
metacdn,metacdn_cdn_202303_head_50k,128,10001,metacdn_cdn_202303_head_50k|cap=128|t=10001,f31b36d537161ba7,,10345,344,no,2,yes,no
metacdn,metacdn_cdn_202303_head_50k,128,10001,metacdn_cdn_202303_head_50k|cap=128|t=10001,f31b36d537161ba7,,10345,344,no,4,yes,no
metacdn,metacdn_cdn_202303_head_50k,128,10001,metacdn_cdn_202303_head_50k|cap=128|t=10001,f31b36d537161ba7,,10345,344,no,8,yes,no
metacdn,metacdn_cdn_202303_head_50k,128,10001,metacdn_cdn_202303_head_50k|cap=128|t=10001,f31b36d537161ba7,,10345,344,no,16,yes,no
metacdn,metacdn_cdn_202303_head_50k,128,10001,metacdn_cdn_202303_head_50k|cap=128|t=10001,ecbe18b0a2ba4c94,,13689,3688,no,1,yes,no
metacdn,metacdn_cdn_202303_head_50k,128,10001,metacdn_cdn_202303_head_50k|cap=128|t=10001,ecbe18b0a2ba4c94,,13689,3688,no,2,yes,no
metacdn,metacdn_cdn_202303_head_50k,128,10001,metacdn_cdn_202303_head_50k|cap=128|t=10001,ecbe18b0a2ba4c94,,13689,3688,no,4,yes,no
metacdn,metacdn_cdn_202303_head_50k,128,10001,metacdn_cdn_202303_head_50k|cap=128|t=10001,ecbe18b0a2ba4c94,,13689,3688,no,8,yes,no
metacdn,metacdn_cdn_202303_head_50k,128,10001,metacdn_cdn_202303_head_50k|cap=128|t=10001,ecbe18b0a2ba4c94,,13689,3688,no,16,yes,no
metacdn,metacdn_cdn_202303_head_50k,128,10001,metacdn_cdn_202303_head_50k|cap=128|t=10001,849048666bcbd139,,12886,2885,no,1,yes,no
metacdn,metacdn_cdn_202303_head_50k,128,10001,metacdn_cdn_202303_head_50k|cap=128|t=10001,849048666bcbd139,,12886,2885,no,2,yes,no
metacdn,metacdn_cdn_202303_head_50k,128,10001,metacdn_cdn_202303_head_50k|cap=128|t=10001,849048666bcbd139,,12886,2885,no,4,yes,no
metacdn,metacdn_cdn_202303_head_50k,128,10001,metacdn_cdn_202303_head_50k|cap=128|t=10001,849048666bcbd139,,12886,2885,no,8,yes,no
metacdn,metacdn_cdn_202303_head_50k,128,10001,metacdn_cdn_202303_head_50k|cap=128|t=10001,849048666bcbd139,,12886,2885,no,16,yes,no
metacdn,metacdn_cdn_202303_head_50k,128,10001,metacdn_cdn_202303_head_50k|cap=128|t=10001,2ab5c359e2a0902f,,10312,311,no,1,yes,no
metacdn,metacdn_cdn_202303_head_50k,128,10001,metacdn_cdn_202303_head_50k|cap=128|t=10001,2ab5c359e2a0902f,,10312,311,no,2,yes,no
metacdn,metacdn_cdn_202303_head_50k,128,10001,metacdn_cdn_202303_head_50k|cap=128|t=10001,2ab5c359e2a0902f,,10312,311,no,4,yes,no
metacdn,metacdn_cdn_202303_head_50k,128,10001,metacdn_cdn_202303_head_50k|cap=128|t=10001,2ab5c359e2a0902f,,10312,311,no,8,yes,no
metacdn,metacdn_cdn_202303_head_50k,128,10001,metacdn_cdn_202303_head_50k|cap=128|t=10001,2ab5c359e2a0902f,,10312,311,no,16,yes,no
metacdn,metacdn_cdn_202303_head_50k,128,10001,metacdn_cdn_202303_head_50k|cap=128|t=10001,004c0a687f51021a,,39019,29018,no,1,yes,no
metacdn,metacdn_cdn_202303_head_50k,128,10001,metacdn_cdn_202303_head_50k|cap=128|t=10001,004c0a687f51021a,,39019,29018,no,2,yes,no
metacdn,metacdn_cdn_202303_head_50k,128,10001,metacdn_cdn_202303_head_50k|cap=128|t=10001,004c0a687f51021a,,39019,29018,no,4,yes,no
metacdn,metacdn_cdn_202303_head_50k,128,10001,metacdn_cdn_202303_head_50k|cap=128|t=10001,004c0a687f51021a,,39019,29018,no,8,yes,no
metacdn,metacdn_cdn_202303_head_50k,128,10001,metacdn_cdn_202303_head_50k|cap=128|t=10001,004c0a687f51021a,,39019,29018,no,16,yes,no
metacdn,metacdn_cdn_202303_head_50k,128,10001,metacdn_cdn_202303_head_50k|cap=128|t=10001,3da4c0a42c39e584,,17443,7442,no,1,yes,no
metacdn,metacdn_cdn_202303_head_50k,128,10001,metacdn_cdn_202303_head_50k|cap=128|t=10001,3da4c0a42c39e584,,17443,7442,no,2,yes,no
metacdn,metacdn_cdn_202303_head_50k,128,10001,metacdn_cdn_202303_head_50k|cap=128|t=10001,3da4c0a42c39e584,,17443,7442,no,4,yes,no
metacdn,metacdn_cdn_202303_head_50k,128,10001,metacdn_cdn_202303_head_50k|cap=128|t=10001,3da4c0a42c39e584,,17443,7442,no,8,yes,no
metacdn,metacdn_cdn_202303_head_50k,128,10001,metacdn_cdn_202303_head_50k|cap=128|t=10001,3da4c0a42c39e584,,17443,7442,no,16,yes,no
metacdn,metacdn_cdn_202303_head_50k,128,10001,metacdn_cdn_202303_head_50k|cap=128|t=10001,38c6966f09385d37,,10377,376,no,1,yes,no
metacdn,metacdn_cdn_202303_head_50k,128,10001,metacdn_cdn_202303_head_50k|cap=128|t=10001,38c6966f09385d37,,10377,376,no,2,yes,no
metacdn,metacdn_cdn_202303_head_50k,128,10001,metacdn_cdn_202303_head_50k|cap=128|t=10001,38c6966f09385d37,,10377,376,no,4,yes,no
metacdn,metacdn_cdn_202303_head_50k,128,10001,metacdn_cdn_202303_head_50k|cap=128|t=10001,38c6966f09385d37,,10377,376,no,8,yes,no
metacdn,metacdn_cdn_202303_head_50k,128,10001,metacdn_cdn_202303_head_50k|cap=128|t=10001,38c6966f09385d37,,10377,376,no,16,yes,no
metacdn,metacdn_cdn_202303_head_50k,128,10001,metacdn_cdn_202303_head_50k|cap=128|t=10001,d01263d2375bd5af,,33934,23933,no,1,yes,no
metacdn,metacdn_cdn_202303_head_50k,128,10001,metacdn_cdn_202303_head_50k|cap=128|t=10001,d01263d2375bd5af,,33934,23933,no,2,yes,no
metacdn,metacdn_cdn_202303_head_50k,128,10001,metacdn_cdn_202303_head_50k|cap=128|t=10001,d01263d2375bd5af,,33934,23933,no,4,yes,no
metacdn,metacdn_cdn_202303_head_50k,128,10001,metacdn_cdn_202303_head_50k|cap=128|t=10001,d01263d2375bd5af,,33934,23933,no,8,yes,no
metacdn,metacdn_cdn_202303_head_50k,128,10001,metacdn_cdn_202303_head_50k|cap=128|t=10001,d01263d2375bd5af,,33934,23933,no,16,yes,no
metacdn,metacdn_cdn_202303_head_50k,128,10001,metacdn_cdn_202303_head_50k|cap=128|t=10001,2ac0f5ef8aaad953,,42902,32901,no,1,yes,no
metacdn,metacdn_cdn_202303_head_50k,128,10001,metacdn_cdn_202303_head_50k|cap=128|t=10001,2ac0f5ef8aaad953,,42902,32901,no,2,yes,no
metacdn,metacdn_cdn_202303_head_50k,128,10001,metacdn_cdn_202303_head_50k|cap=128|t=10001,2ac0f5ef8aaad953,,42902,32901,no,4,yes,no
metacdn,metacdn_cdn_202303_head_50k,128,10001,metacdn_cdn_202303_head_50k|cap=128|t=10001,2ac0f5ef8aaad953,,42902,32901,no,8,yes,no
metacdn,metacdn_cdn_202303_head_50k,128,10001,metacdn_cdn_202303_head_50k|cap=128|t=10001,2ac0f5ef8aaad953,,42902,32901,no,16,yes,no
metacdn,metacdn_cdn_202303_head_50k,128,10001,metacdn_cdn_202303_head_50k|cap=128|t=10001,bfd9f2dc93e66d46,,10034,33,no,1,yes,no
metacdn,metacdn_cdn_202303_head_50k,128,10001,metacdn_cdn_202303_head_50k|cap=128|t=10001,bfd9f2dc93e66d46,,10034,33,no,2,yes,no
metacdn,metacdn_cdn_202303_head_50k,128,10001,metacdn_cdn_202303_head_50k|cap=128|t=10001,bfd9f2dc93e66d46,,10034,33,no,4,yes,no
metacdn,metacdn_cdn_202303_head_50k,128,10001,metacdn_cdn_202303_head_50k|cap=128|t=10001,bfd9f2dc93e66d46,,10034,33,no,8,yes,no
metacdn,metacdn_cdn_202303_head_50k,128,10001,metacdn_cdn_202303_head_50k|cap=128|t=10001,bfd9f2dc93e66d46,,10034,33,no,16,yes,no
metacdn,metacdn_cdn_202303_head_50k,128,10001,metacdn_cdn_202303_head_50k|cap=128|t=10001,e842b6f855ffa276,,10032,31,no,1,yes,no
metacdn,metacdn_cdn_202303_head_50k,128,10001,metacdn_cdn_202303_head_50k|cap=128|t=10001,e842b6f855ffa276,,10032,31,no,2,yes,no
metacdn,metacdn_cdn_202303_head_50k,128,10001,metacdn_cdn_202303_head_50k|cap=128|t=10001,e842b6f855ffa276,,10032,31,no,4,yes,no
metacdn,metacdn_cdn_202303_head_50k,128,10001,metacdn_cdn_202303_head_50k|cap=128|t=10001,e842b6f855ffa276,,10032,31,no,8,yes,no
metacdn,metacdn_cdn_202303_head_50k,128,10001,metacdn_cdn_202303_head_50k|cap=128|t=10001,e842b6f855ffa276,,10032,31,no,16,yes,no
metacdn,metacdn_cdn_202303_head_50k,128,10001,metacdn_cdn_202303_head_50k|cap=128|t=10001,6dcfd1e2c58ed395,,31084,21083,no,1,yes,no
metacdn,metacdn_cdn_202303_head_50k,128,10001,metacdn_cdn_202303_head_50k|cap=128|t=10001,6dcfd1e2c58ed395,,31084,21083,no,2,yes,no
metacdn,metacdn_cdn_202303_head_50k,128,10001,metacdn_cdn_202303_head_50k|cap=128|t=10001,6dcfd1e2c58ed395,,31084,21083,no,4,yes,no
metacdn,metacdn_cdn_202303_head_50k,128,10001,metacdn_cdn_202303_head_50k|cap=128|t=10001,6dcfd1e2c58ed395,,31084,21083,no,8,yes,no
metacdn,metacdn_cdn_202303_head_50k,128,10001,metacdn_cdn_202303_head_50k|cap=128|t=10001,6dcfd1e2c58ed395,,31084,21083,no,16,yes,no
metacdn,metacdn_cdn_202303_head_50k,128,10001,metacdn_cdn_202303_head_50k|cap=128|t=10001,11633efd1ebe58df,,11109,1108,no,1,yes,no
metacdn,metacdn_cdn_202303_head_50k,128,10001,metacdn_cdn_202303_head_50k|cap=128|t=10001,11633efd1ebe58df,,11109,1108,no,2,yes,no
metacdn,metacdn_cdn_202303_head_50k,128,10001,metacdn_cdn_202303_head_50k|cap=128|t=10001,11633efd1ebe58df,,11109,1108,no,4,yes,no
metacdn,metacdn_cdn_202303_head_50k,128,10001,metacdn_cdn_202303_head_50k|cap=128|t=10001,11633efd1ebe58df,,11109,1108,no,8,yes,no
metacdn,metacdn_cdn_202303_head_50k,128,10001,metacdn_cdn_202303_head_50k|cap=128|t=10001,11633efd1ebe58df,,11109,1108,no,16,yes,no
metacdn,metacdn_cdn_202303_head_50k,128,10001,metacdn_cdn_202303_head_50k|cap=128|t=10001,5ea43c9076c9ef7a,,10156,155,no,1,yes,no
metacdn,metacdn_cdn_202303_head_50k,128,10001,metacdn_cdn_202303_head_50k|cap=128|t=10001,5ea43c9076c9ef7a,,10156,155,no,2,yes,no
metacdn,metacdn_cdn_202303_head_50k,128,10001,metacdn_cdn_202303_head_50k|cap=128|t=10001,5ea43c9076c9ef7a,,10156,155,no,4,yes,no
metacdn,metacdn_cdn_202303_head_50k,128,10001,metacdn_cdn_202303_head_50k|cap=128|t=10001,5ea43c9076c9ef7a,,10156,155,no,8,yes,no
metacdn,metacdn_cdn_202303_head_50k,128,10001,metacdn_cdn_202303_head_50k|cap=128|t=10001,5ea43c9076c9ef7a,,10156,155,no,16,yes,no
metacdn,metacdn_cdn_202303_head_50k,128,10001,metacdn_cdn_202303_head_50k|cap=128|t=10001,6aaf6a2f1db0745d,,10273,272,no,1,yes,no
metacdn,metacdn_cdn_202303_head_50k,128,10001,metacdn_cdn_202303_head_50k|cap=128|t=10001,6aaf6a2f1db0745d,,10273,272,no,2,yes,no
metacdn,metacdn_cdn_202303_head_50k,128,10001,metacdn_cdn_202303_head_50k|cap=128|t=10001,6aaf6a2f1db0745d,,10273,272,no,4,yes,no
metacdn,metacdn_cdn_202303_head_50k,128,10001,metacdn_cdn_202303_head_50k|cap=128|t=10001,6aaf6a2f1db0745d,,10273,272,no,8,yes,no
metacdn,metacdn_cdn_202303_head_50k,128,10001,metacdn_cdn_202303_head_50k|cap=128|t=10001,6aaf6a2f1db0745d,,10273,272,no,16,yes,no
metacdn,metacdn_cdn_202303_head_50k,128,10001,metacdn_cdn_202303_head_50k|cap=128|t=10001,54bf6e2086fd91b6,,10057,56,no,1,yes,no
metacdn,metacdn_cdn_202303_head_50k,128,10001,metacdn_cdn_202303_head_50k|cap=128|t=10001,54bf6e2086fd91b6,,10057,56,no,2,yes,no
metacdn,metacdn_cdn_202303_head_50k,128,10001,metacdn_cdn_202303_head_50k|cap=128|t=10001,54bf6e2086fd91b6,,10057,56,no,4,yes,no
metacdn,metacdn_cdn_202303_head_50k,128,10001,metacdn_cdn_202303_head_50k|cap=128|t=10001,54bf6e2086fd91b6,,10057,56,no,8,yes,no
metacdn,metacdn_cdn_202303_head_50k,128,10001,metacdn_cdn_202303_head_50k|cap=128|t=10001,54bf6e2086fd91b6,,10057,56,no,16,yes,no
metakv,metakv_kvcache_202206_head_50k,32,10000,metakv_kvcache_202206_head_50k|cap=32|t=10000,d396ba43fda43d2b,,18637,8637,no,1,yes,no
metakv,metakv_kvcache_202206_head_50k,32,10000,metakv_kvcache_202206_head_50k|cap=32|t=10000,d396ba43fda43d2b,,18637,8637,no,2,yes,no
metakv,metakv_kvcache_202206_head_50k,32,10000,metakv_kvcache_202206_head_50k|cap=32|t=10000,d396ba43fda43d2b,,18637,8637,no,4,yes,no
metakv,metakv_kvcache_202206_head_50k,32,10000,metakv_kvcache_202206_head_50k|cap=32|t=10000,d396ba43fda43d2b,,18637,8637,no,8,yes,no
metakv,metakv_kvcache_202206_head_50k,32,10000,metakv_kvcache_202206_head_50k|cap=32|t=10000,d396ba43fda43d2b,,18637,8637,no,16,yes,no
metakv,metakv_kvcache_202206_head_50k,32,10000,metakv_kvcache_202206_head_50k|cap=32|t=10000,89daa0786b585d99,,,inf,yes,1,yes,no
metakv,metakv_kvcache_202206_head_50k,32,10000,metakv_kvcache_202206_head_50k|cap=32|t=10000,89daa0786b585d99,,,inf,yes,2,yes,no
metakv,metakv_kvcache_202206_head_50k,32,10000,metakv_kvcache_202206_head_50k|cap=32|t=10000,89daa0786b585d99,,,inf,yes,4,yes,no
metakv,metakv_kvcache_202206_head_50k,32,10000,metakv_kvcache_202206_head_50k|cap=32|t=10000,89daa0786b585d99,,,inf,yes,8,yes,no
metakv,metakv_kvcache_202206_head_50k,32,10000,metakv_kvcache_202206_head_50k|cap=32|t=10000,89daa0786b585d99,,,inf,yes,16,yes,no
metakv,metakv_kvcache_202206_head_50k,32,10000,metakv_kvcache_202206_head_50k|cap=32|t=10000,1fa1982a83d2f4c4,,,inf,yes,1,yes,no
metakv,metakv_kvcache_202206_head_50k,32,10000,metakv_kvcache_202206_head_50k|cap=32|t=10000,1fa1982a83d2f4c4,,,inf,yes,2,yes,no
metakv,metakv_kvcache_202206_head_50k,32,10000,metakv_kvcache_202206_head_50k|cap=32|t=10000,1fa1982a83d2f4c4,,,inf,yes,4,yes,no
metakv,metakv_kvcache_202206_head_50k,32,10000,metakv_kvcache_202206_head_50k|cap=32|t=10000,1fa1982a83d2f4c4,,,inf,yes,8,yes,no
metakv,metakv_kvcache_202206_head_50k,32,10000,metakv_kvcache_202206_head_50k|cap=32|t=10000,1fa1982a83d2f4c4,,,inf,yes,16,yes,no
metakv,metakv_kvcache_202206_head_50k,32,10000,metakv_kvcache_202206_head_50k|cap=32|t=10000,64562fb468814d90,,,inf,yes,1,yes,no
metakv,metakv_kvcache_202206_head_50k,32,10000,metakv_kvcache_202206_head_50k|cap=32|t=10000,64562fb468814d90,,,inf,yes,2,yes,no
metakv,metakv_kvcache_202206_head_50k,32,10000,metakv_kvcache_202206_head_50k|cap=32|t=10000,64562fb468814d90,,,inf,yes,4,yes,no
metakv,metakv_kvcache_202206_head_50k,32,10000,metakv_kvcache_202206_head_50k|cap=32|t=10000,64562fb468814d90,,,inf,yes,8,yes,no
metakv,metakv_kvcache_202206_head_50k,32,10000,metakv_kvcache_202206_head_50k|cap=32|t=10000,64562fb468814d90,,,inf,yes,16,yes,no
metakv,metakv_kvcache_202206_head_50k,32,10000,metakv_kvcache_202206_head_50k|cap=32|t=10000,d1fe1cc235db61ae,,15713,5713,no,1,yes,no
metakv,metakv_kvcache_202206_head_50k,32,10000,metakv_kvcache_202206_head_50k|cap=32|t=10000,d1fe1cc235db61ae,,15713,5713,no,2,yes,no
metakv,metakv_kvcache_202206_head_50k,32,10000,metakv_kvcache_202206_head_50k|cap=32|t=10000,d1fe1cc235db61ae,,15713,5713,no,4,yes,no
metakv,metakv_kvcache_202206_head_50k,32,10000,metakv_kvcache_202206_head_50k|cap=32|t=10000,d1fe1cc235db61ae,,15713,5713,no,8,yes,no
metakv,metakv_kvcache_202206_head_50k,32,10000,metakv_kvcache_202206_head_50k|cap=32|t=10000,d1fe1cc235db61ae,,15713,5713,no,16,yes,no
metakv,metakv_kvcache_202206_head_50k,32,10000,metakv_kvcache_202206_head_50k|cap=32|t=10000,19d9776ec5a20193,,11074,1074,no,1,yes,no
metakv,metakv_kvcache_202206_head_50k,32,10000,metakv_kvcache_202206_head_50k|cap=32|t=10000,19d9776ec5a20193,,11074,1074,no,2,yes,no
metakv,metakv_kvcache_202206_head_50k,32,10000,metakv_kvcache_202206_head_50k|cap=32|t=10000,19d9776ec5a20193,,11074,1074,no,4,yes,no
metakv,metakv_kvcache_202206_head_50k,32,10000,metakv_kvcache_202206_head_50k|cap=32|t=10000,19d9776ec5a20193,,11074,1074,no,8,yes,no
metakv,metakv_kvcache_202206_head_50k,32,10000,metakv_kvcache_202206_head_50k|cap=32|t=10000,19d9776ec5a20193,,11074,1074,no,16,yes,no
metakv,metakv_kvcache_202206_head_50k,32,10000,metakv_kvcache_202206_head_50k|cap=32|t=10000,58494936540ff0da,,,inf,yes,1,yes,no
metakv,metakv_kvcache_202206_head_50k,32,10000,metakv_kvcache_202206_head_50k|cap=32|t=10000,58494936540ff0da,,,inf,yes,2,yes,no
metakv,metakv_kvcache_202206_head_50k,32,10000,metakv_kvcache_202206_head_50k|cap=32|t=10000,58494936540ff0da,,,inf,yes,4,yes,no
metakv,metakv_kvcache_202206_head_50k,32,10000,metakv_kvcache_202206_head_50k|cap=32|t=10000,58494936540ff0da,,,inf,yes,8,yes,no
metakv,metakv_kvcache_202206_head_50k,32,10000,metakv_kvcache_202206_head_50k|cap=32|t=10000,58494936540ff0da,,,inf,yes,16,yes,no
metakv,metakv_kvcache_202206_head_50k,32,10000,metakv_kvcache_202206_head_50k|cap=32|t=10000,861bac311a38ef47,,,inf,yes,1,yes,no
metakv,metakv_kvcache_202206_head_50k,32,10000,metakv_kvcache_202206_head_50k|cap=32|t=10000,861bac311a38ef47,,,inf,yes,2,yes,no
metakv,metakv_kvcache_202206_head_50k,32,10000,metakv_kvcache_202206_head_50k|cap=32|t=10000,861bac311a38ef47,,,inf,yes,4,yes,no
metakv,metakv_kvcache_202206_head_50k,32,10000,metakv_kvcache_202206_head_50k|cap=32|t=10000,861bac311a38ef47,,,inf,yes,8,yes,no
metakv,metakv_kvcache_202206_head_50k,32,10000,metakv_kvcache_202206_head_50k|cap=32|t=10000,861bac311a38ef47,,,inf,yes,16,yes,no
metakv,metakv_kvcache_202206_head_50k,32,10000,metakv_kvcache_202206_head_50k|cap=32|t=10000,a17cc3d8b5ceeb61,,,inf,yes,1,yes,no
metakv,metakv_kvcache_202206_head_50k,32,10000,metakv_kvcache_202206_head_50k|cap=32|t=10000,a17cc3d8b5ceeb61,,,inf,yes,2,yes,no
metakv,metakv_kvcache_202206_head_50k,32,10000,metakv_kvcache_202206_head_50k|cap=32|t=10000,a17cc3d8b5ceeb61,,,inf,yes,4,yes,no
metakv,metakv_kvcache_202206_head_50k,32,10000,metakv_kvcache_202206_head_50k|cap=32|t=10000,a17cc3d8b5ceeb61,,,inf,yes,8,yes,no
metakv,metakv_kvcache_202206_head_50k,32,10000,metakv_kvcache_202206_head_50k|cap=32|t=10000,a17cc3d8b5ceeb61,,,inf,yes,16,yes,no
metakv,metakv_kvcache_202206_head_50k,32,10000,metakv_kvcache_202206_head_50k|cap=32|t=10000,2c0c6a0921f5bf7f,,10538,538,no,1,yes,no
metakv,metakv_kvcache_202206_head_50k,32,10000,metakv_kvcache_202206_head_50k|cap=32|t=10000,2c0c6a0921f5bf7f,,10538,538,no,2,yes,no
metakv,metakv_kvcache_202206_head_50k,32,10000,metakv_kvcache_202206_head_50k|cap=32|t=10000,2c0c6a0921f5bf7f,,10538,538,no,4,yes,no
metakv,metakv_kvcache_202206_head_50k,32,10000,metakv_kvcache_202206_head_50k|cap=32|t=10000,2c0c6a0921f5bf7f,,10538,538,no,8,yes,no
metakv,metakv_kvcache_202206_head_50k,32,10000,metakv_kvcache_202206_head_50k|cap=32|t=10000,2c0c6a0921f5bf7f,,10538,538,no,16,yes,no
metakv,metakv_kvcache_202206_head_50k,32,10000,metakv_kvcache_202206_head_50k|cap=32|t=10000,cca6ed3f16c0d609,,12894,2894,no,1,yes,no
metakv,metakv_kvcache_202206_head_50k,32,10000,metakv_kvcache_202206_head_50k|cap=32|t=10000,cca6ed3f16c0d609,,12894,2894,no,2,yes,no
metakv,metakv_kvcache_202206_head_50k,32,10000,metakv_kvcache_202206_head_50k|cap=32|t=10000,cca6ed3f16c0d609,,12894,2894,no,4,yes,no
metakv,metakv_kvcache_202206_head_50k,32,10000,metakv_kvcache_202206_head_50k|cap=32|t=10000,cca6ed3f16c0d609,,12894,2894,no,8,yes,no
metakv,metakv_kvcache_202206_head_50k,32,10000,metakv_kvcache_202206_head_50k|cap=32|t=10000,cca6ed3f16c0d609,,12894,2894,no,16,yes,no
metakv,metakv_kvcache_202206_head_50k,32,10000,metakv_kvcache_202206_head_50k|cap=32|t=10000,4491a7a7d6cc74dd,,,inf,yes,1,yes,no
metakv,metakv_kvcache_202206_head_50k,32,10000,metakv_kvcache_202206_head_50k|cap=32|t=10000,4491a7a7d6cc74dd,,,inf,yes,2,yes,no
metakv,metakv_kvcache_202206_head_50k,32,10000,metakv_kvcache_202206_head_50k|cap=32|t=10000,4491a7a7d6cc74dd,,,inf,yes,4,yes,no
metakv,metakv_kvcache_202206_head_50k,32,10000,metakv_kvcache_202206_head_50k|cap=32|t=10000,4491a7a7d6cc74dd,,,inf,yes,8,yes,no
metakv,metakv_kvcache_202206_head_50k,32,10000,metakv_kvcache_202206_head_50k|cap=32|t=10000,4491a7a7d6cc74dd,,,inf,yes,16,yes,no
metakv,metakv_kvcache_202206_head_50k,32,10000,metakv_kvcache_202206_head_50k|cap=32|t=10000,0535250417225449,,12900,2900,no,1,yes,no
metakv,metakv_kvcache_202206_head_50k,32,10000,metakv_kvcache_202206_head_50k|cap=32|t=10000,0535250417225449,,12900,2900,no,2,yes,no
metakv,metakv_kvcache_202206_head_50k,32,10000,metakv_kvcache_202206_head_50k|cap=32|t=10000,0535250417225449,,12900,2900,no,4,yes,no
metakv,metakv_kvcache_202206_head_50k,32,10000,metakv_kvcache_202206_head_50k|cap=32|t=10000,0535250417225449,,12900,2900,no,8,yes,no
metakv,metakv_kvcache_202206_head_50k,32,10000,metakv_kvcache_202206_head_50k|cap=32|t=10000,0535250417225449,,12900,2900,no,16,yes,no
metakv,metakv_kvcache_202206_head_50k,32,10000,metakv_kvcache_202206_head_50k|cap=32|t=10000,0a3c42111bf31003,,,inf,yes,1,yes,no
metakv,metakv_kvcache_202206_head_50k,32,10000,metakv_kvcache_202206_head_50k|cap=32|t=10000,0a3c42111bf31003,,,inf,yes,2,yes,no
metakv,metakv_kvcache_202206_head_50k,32,10000,metakv_kvcache_202206_head_50k|cap=32|t=10000,0a3c42111bf31003,,,inf,yes,4,yes,no
metakv,metakv_kvcache_202206_head_50k,32,10000,metakv_kvcache_202206_head_50k|cap=32|t=10000,0a3c42111bf31003,,,inf,yes,8,yes,no
metakv,metakv_kvcache_202206_head_50k,32,10000,metakv_kvcache_202206_head_50k|cap=32|t=10000,0a3c42111bf31003,,,inf,yes,16,yes,no
metakv,metakv_kvcache_202206_head_50k,32,10000,metakv_kvcache_202206_head_50k|cap=32|t=10000,8d7aed517849307c,,11103,1103,no,1,yes,no
metakv,metakv_kvcache_202206_head_50k,32,10000,metakv_kvcache_202206_head_50k|cap=32|t=10000,8d7aed517849307c,,11103,1103,no,2,yes,no
metakv,metakv_kvcache_202206_head_50k,32,10000,metakv_kvcache_202206_head_50k|cap=32|t=10000,8d7aed517849307c,,11103,1103,no,4,yes,no
metakv,metakv_kvcache_202206_head_50k,32,10000,metakv_kvcache_202206_head_50k|cap=32|t=10000,8d7aed517849307c,,11103,1103,no,8,yes,no
metakv,metakv_kvcache_202206_head_50k,32,10000,metakv_kvcache_202206_head_50k|cap=32|t=10000,8d7aed517849307c,,11103,1103,no,16,yes,no
metakv,metakv_kvcache_202206_head_50k,32,10000,metakv_kvcache_202206_head_50k|cap=32|t=10000,ae1d7aaa04834965,,,inf,yes,1,yes,no
metakv,metakv_kvcache_202206_head_50k,32,10000,metakv_kvcache_202206_head_50k|cap=32|t=10000,ae1d7aaa04834965,,,inf,yes,2,yes,no
metakv,metakv_kvcache_202206_head_50k,32,10000,metakv_kvcache_202206_head_50k|cap=32|t=10000,ae1d7aaa04834965,,,inf,yes,4,yes,no
metakv,metakv_kvcache_202206_head_50k,32,10000,metakv_kvcache_202206_head_50k|cap=32|t=10000,ae1d7aaa04834965,,,inf,yes,8,yes,no
metakv,metakv_kvcache_202206_head_50k,32,10000,metakv_kvcache_202206_head_50k|cap=32|t=10000,ae1d7aaa04834965,,,inf,yes,16,yes,no
metakv,metakv_kvcache_202206_head_50k,32,10000,metakv_kvcache_202206_head_50k|cap=32|t=10000,8195b2c74a20cf9f,,14994,4994,no,1,yes,no
metakv,metakv_kvcache_202206_head_50k,32,10000,metakv_kvcache_202206_head_50k|cap=32|t=10000,8195b2c74a20cf9f,,14994,4994,no,2,yes,no
metakv,metakv_kvcache_202206_head_50k,32,10000,metakv_kvcache_202206_head_50k|cap=32|t=10000,8195b2c74a20cf9f,,14994,4994,no,4,yes,no
metakv,metakv_kvcache_202206_head_50k,32,10000,metakv_kvcache_202206_head_50k|cap=32|t=10000,8195b2c74a20cf9f,,14994,4994,no,8,yes,no
metakv,metakv_kvcache_202206_head_50k,32,10000,metakv_kvcache_202206_head_50k|cap=32|t=10000,8195b2c74a20cf9f,,14994,4994,no,16,yes,no
metakv,metakv_kvcache_202206_head_50k,32,10000,metakv_kvcache_202206_head_50k|cap=32|t=10000,3b9c25f9926fe945,,26042,16042,no,1,yes,no
metakv,metakv_kvcache_202206_head_50k,32,10000,metakv_kvcache_202206_head_50k|cap=32|t=10000,3b9c25f9926fe945,,26042,16042,no,2,yes,no
metakv,metakv_kvcache_202206_head_50k,32,10000,metakv_kvcache_202206_head_50k|cap=32|t=10000,3b9c25f9926fe945,,26042,16042,no,4,yes,no
metakv,metakv_kvcache_202206_head_50k,32,10000,metakv_kvcache_202206_head_50k|cap=32|t=10000,3b9c25f9926fe945,,26042,16042,no,8,yes,no
metakv,metakv_kvcache_202206_head_50k,32,10000,metakv_kvcache_202206_head_50k|cap=32|t=10000,3b9c25f9926fe945,,26042,16042,no,16,yes,no
metakv,metakv_kvcache_202206_head_50k,32,10000,metakv_kvcache_202206_head_50k|cap=32|t=10000,636a64ce88f85e50,,,inf,yes,1,yes,no
metakv,metakv_kvcache_202206_head_50k,32,10000,metakv_kvcache_202206_head_50k|cap=32|t=10000,636a64ce88f85e50,,,inf,yes,2,yes,no
metakv,metakv_kvcache_202206_head_50k,32,10000,metakv_kvcache_202206_head_50k|cap=32|t=10000,636a64ce88f85e50,,,inf,yes,4,yes,no
metakv,metakv_kvcache_202206_head_50k,32,10000,metakv_kvcache_202206_head_50k|cap=32|t=10000,636a64ce88f85e50,,,inf,yes,8,yes,no
metakv,metakv_kvcache_202206_head_50k,32,10000,metakv_kvcache_202206_head_50k|cap=32|t=10000,636a64ce88f85e50,,,inf,yes,16,yes,no
metakv,metakv_kvcache_202206_head_50k,32,10000,metakv_kvcache_202206_head_50k|cap=32|t=10000,722f8542a12352e8,,36174,26174,no,1,yes,no
metakv,metakv_kvcache_202206_head_50k,32,10000,metakv_kvcache_202206_head_50k|cap=32|t=10000,722f8542a12352e8,,36174,26174,no,2,yes,no
metakv,metakv_kvcache_202206_head_50k,32,10000,metakv_kvcache_202206_head_50k|cap=32|t=10000,722f8542a12352e8,,36174,26174,no,4,yes,no
metakv,metakv_kvcache_202206_head_50k,32,10000,metakv_kvcache_202206_head_50k|cap=32|t=10000,722f8542a12352e8,,36174,26174,no,8,yes,no
metakv,metakv_kvcache_202206_head_50k,32,10000,metakv_kvcache_202206_head_50k|cap=32|t=10000,722f8542a12352e8,,36174,26174,no,16,yes,no
metakv,metakv_kvcache_202206_head_50k,32,10000,metakv_kvcache_202206_head_50k|cap=32|t=10000,4c6da70cfe645eb8,,,inf,yes,1,yes,no
metakv,metakv_kvcache_202206_head_50k,32,10000,metakv_kvcache_202206_head_50k|cap=32|t=10000,4c6da70cfe645eb8,,,inf,yes,2,yes,no
metakv,metakv_kvcache_202206_head_50k,32,10000,metakv_kvcache_202206_head_50k|cap=32|t=10000,4c6da70cfe645eb8,,,inf,yes,4,yes,no
metakv,metakv_kvcache_202206_head_50k,32,10000,metakv_kvcache_202206_head_50k|cap=32|t=10000,4c6da70cfe645eb8,,,inf,yes,8,yes,no
metakv,metakv_kvcache_202206_head_50k,32,10000,metakv_kvcache_202206_head_50k|cap=32|t=10000,4c6da70cfe645eb8,,,inf,yes,16,yes,no
metakv,metakv_kvcache_202206_head_50k,32,10000,metakv_kvcache_202206_head_50k|cap=32|t=10000,ded8c1795623a557,,21078,11078,no,1,yes,no
metakv,metakv_kvcache_202206_head_50k,32,10000,metakv_kvcache_202206_head_50k|cap=32|t=10000,ded8c1795623a557,,21078,11078,no,2,yes,no
metakv,metakv_kvcache_202206_head_50k,32,10000,metakv_kvcache_202206_head_50k|cap=32|t=10000,ded8c1795623a557,,21078,11078,no,4,yes,no
metakv,metakv_kvcache_202206_head_50k,32,10000,metakv_kvcache_202206_head_50k|cap=32|t=10000,ded8c1795623a557,,21078,11078,no,8,yes,no
metakv,metakv_kvcache_202206_head_50k,32,10000,metakv_kvcache_202206_head_50k|cap=32|t=10000,ded8c1795623a557,,21078,11078,no,16,yes,no
metakv,metakv_kvcache_202206_head_50k,32,10000,metakv_kvcache_202206_head_50k|cap=32|t=10000,e8008675f234ab55,,,inf,yes,1,yes,no
metakv,metakv_kvcache_202206_head_50k,32,10000,metakv_kvcache_202206_head_50k|cap=32|t=10000,e8008675f234ab55,,,inf,yes,2,yes,no
metakv,metakv_kvcache_202206_head_50k,32,10000,metakv_kvcache_202206_head_50k|cap=32|t=10000,e8008675f234ab55,,,inf,yes,4,yes,no
metakv,metakv_kvcache_202206_head_50k,32,10000,metakv_kvcache_202206_head_50k|cap=32|t=10000,e8008675f234ab55,,,inf,yes,8,yes,no
metakv,metakv_kvcache_202206_head_50k,32,10000,metakv_kvcache_202206_head_50k|cap=32|t=10000,e8008675f234ab55,,,inf,yes,16,yes,no
metakv,metakv_kvcache_202206_head_50k,32,10000,metakv_kvcache_202206_head_50k|cap=32|t=10000,f289cfe46ee29df9,,,inf,yes,1,yes,no
metakv,metakv_kvcache_202206_head_50k,32,10000,metakv_kvcache_202206_head_50k|cap=32|t=10000,f289cfe46ee29df9,,,inf,yes,2,yes,no
metakv,metakv_kvcache_202206_head_50k,32,10000,metakv_kvcache_202206_head_50k|cap=32|t=10000,f289cfe46ee29df9,,,inf,yes,4,yes,no
metakv,metakv_kvcache_202206_head_50k,32,10000,metakv_kvcache_202206_head_50k|cap=32|t=10000,f289cfe46ee29df9,,,inf,yes,8,yes,no
metakv,metakv_kvcache_202206_head_50k,32,10000,metakv_kvcache_202206_head_50k|cap=32|t=10000,f289cfe46ee29df9,,,inf,yes,16,yes,no
metakv,metakv_kvcache_202206_head_50k,32,10000,metakv_kvcache_202206_head_50k|cap=32|t=10000,23265cab572bafe5,,,inf,yes,1,yes,no
metakv,metakv_kvcache_202206_head_50k,32,10000,metakv_kvcache_202206_head_50k|cap=32|t=10000,23265cab572bafe5,,,inf,yes,2,yes,no
metakv,metakv_kvcache_202206_head_50k,32,10000,metakv_kvcache_202206_head_50k|cap=32|t=10000,23265cab572bafe5,,,inf,yes,4,yes,no
metakv,metakv_kvcache_202206_head_50k,32,10000,metakv_kvcache_202206_head_50k|cap=32|t=10000,23265cab572bafe5,,,inf,yes,8,yes,no
metakv,metakv_kvcache_202206_head_50k,32,10000,metakv_kvcache_202206_head_50k|cap=32|t=10000,23265cab572bafe5,,,inf,yes,16,yes,no
metakv,metakv_kvcache_202206_head_50k,32,10000,metakv_kvcache_202206_head_50k|cap=32|t=10000,dc64bcf6e227c68c,,,inf,yes,1,yes,no
metakv,metakv_kvcache_202206_head_50k,32,10000,metakv_kvcache_202206_head_50k|cap=32|t=10000,dc64bcf6e227c68c,,,inf,yes,2,yes,no
metakv,metakv_kvcache_202206_head_50k,32,10000,metakv_kvcache_202206_head_50k|cap=32|t=10000,dc64bcf6e227c68c,,,inf,yes,4,yes,no
metakv,metakv_kvcache_202206_head_50k,32,10000,metakv_kvcache_202206_head_50k|cap=32|t=10000,dc64bcf6e227c68c,,,inf,yes,8,yes,no
metakv,metakv_kvcache_202206_head_50k,32,10000,metakv_kvcache_202206_head_50k|cap=32|t=10000,dc64bcf6e227c68c,,,inf,yes,16,yes,no
metakv,metakv_kvcache_202206_head_50k,32,10000,metakv_kvcache_202206_head_50k|cap=32|t=10000,0ee8d2744bfe5163,,,inf,yes,1,yes,no
metakv,metakv_kvcache_202206_head_50k,32,10000,metakv_kvcache_202206_head_50k|cap=32|t=10000,0ee8d2744bfe5163,,,inf,yes,2,yes,no
metakv,metakv_kvcache_202206_head_50k,32,10000,metakv_kvcache_202206_head_50k|cap=32|t=10000,0ee8d2744bfe5163,,,inf,yes,4,yes,no
metakv,metakv_kvcache_202206_head_50k,32,10000,metakv_kvcache_202206_head_50k|cap=32|t=10000,0ee8d2744bfe5163,,,inf,yes,8,yes,no
metakv,metakv_kvcache_202206_head_50k,32,10000,metakv_kvcache_202206_head_50k|cap=32|t=10000,0ee8d2744bfe5163,,,inf,yes,16,yes,no
metakv,metakv_kvcache_202206_head_50k,32,10000,metakv_kvcache_202206_head_50k|cap=32|t=10000,0787a8dacc788447,,,inf,yes,1,yes,no
metakv,metakv_kvcache_202206_head_50k,32,10000,metakv_kvcache_202206_head_50k|cap=32|t=10000,0787a8dacc788447,,,inf,yes,2,yes,no
metakv,metakv_kvcache_202206_head_50k,32,10000,metakv_kvcache_202206_head_50k|cap=32|t=10000,0787a8dacc788447,,,inf,yes,4,yes,no
metakv,metakv_kvcache_202206_head_50k,32,10000,metakv_kvcache_202206_head_50k|cap=32|t=10000,0787a8dacc788447,,,inf,yes,8,yes,no
metakv,metakv_kvcache_202206_head_50k,32,10000,metakv_kvcache_202206_head_50k|cap=32|t=10000,0787a8dacc788447,,,inf,yes,16,yes,no
metakv,metakv_kvcache_202206_head_50k,32,10000,metakv_kvcache_202206_head_50k|cap=32|t=10000,6cfdb330ec3727a1,,29680,19680,no,1,yes,no
metakv,metakv_kvcache_202206_head_50k,32,10000,metakv_kvcache_202206_head_50k|cap=32|t=10000,6cfdb330ec3727a1,,29680,19680,no,2,yes,no
metakv,metakv_kvcache_202206_head_50k,32,10000,metakv_kvcache_202206_head_50k|cap=32|t=10000,6cfdb330ec3727a1,,29680,19680,no,4,yes,no
metakv,metakv_kvcache_202206_head_50k,32,10000,metakv_kvcache_202206_head_50k|cap=32|t=10000,6cfdb330ec3727a1,,29680,19680,no,8,yes,no
metakv,metakv_kvcache_202206_head_50k,32,10000,metakv_kvcache_202206_head_50k|cap=32|t=10000,6cfdb330ec3727a1,,29680,19680,no,16,yes,no
metakv,metakv_kvcache_202206_head_50k,32,10000,metakv_kvcache_202206_head_50k|cap=32|t=10000,553207ebf5e8876c,,,inf,yes,1,yes,no
metakv,metakv_kvcache_202206_head_50k,32,10000,metakv_kvcache_202206_head_50k|cap=32|t=10000,553207ebf5e8876c,,,inf,yes,2,yes,no
metakv,metakv_kvcache_202206_head_50k,32,10000,metakv_kvcache_202206_head_50k|cap=32|t=10000,553207ebf5e8876c,,,inf,yes,4,yes,no
metakv,metakv_kvcache_202206_head_50k,32,10000,metakv_kvcache_202206_head_50k|cap=32|t=10000,553207ebf5e8876c,,,inf,yes,8,yes,no
metakv,metakv_kvcache_202206_head_50k,32,10000,metakv_kvcache_202206_head_50k|cap=32|t=10000,553207ebf5e8876c,,,inf,yes,16,yes,no
metakv,metakv_kvcache_202206_head_50k,32,10000,metakv_kvcache_202206_head_50k|cap=32|t=10000,3794d81e9121401b,,30814,20814,no,1,yes,no
metakv,metakv_kvcache_202206_head_50k,32,10000,metakv_kvcache_202206_head_50k|cap=32|t=10000,3794d81e9121401b,,30814,20814,no,2,yes,no
metakv,metakv_kvcache_202206_head_50k,32,10000,metakv_kvcache_202206_head_50k|cap=32|t=10000,3794d81e9121401b,,30814,20814,no,4,yes,no
metakv,metakv_kvcache_202206_head_50k,32,10000,metakv_kvcache_202206_head_50k|cap=32|t=10000,3794d81e9121401b,,30814,20814,no,8,yes,no
metakv,metakv_kvcache_202206_head_50k,32,10000,metakv_kvcache_202206_head_50k|cap=32|t=10000,3794d81e9121401b,,30814,20814,no,16,yes,no
metakv,metakv_kvcache_202206_head_50k,32,10000,metakv_kvcache_202206_head_50k|cap=32|t=10000,7c506d4238f56c0b,,,inf,yes,1,yes,no
metakv,metakv_kvcache_202206_head_50k,32,10000,metakv_kvcache_202206_head_50k|cap=32|t=10000,7c506d4238f56c0b,,,inf,yes,2,yes,no
metakv,metakv_kvcache_202206_head_50k,32,10000,metakv_kvcache_202206_head_50k|cap=32|t=10000,7c506d4238f56c0b,,,inf,yes,4,yes,no
metakv,metakv_kvcache_202206_head_50k,32,10000,metakv_kvcache_202206_head_50k|cap=32|t=10000,7c506d4238f56c0b,,,inf,yes,8,yes,no
metakv,metakv_kvcache_202206_head_50k,32,10000,metakv_kvcache_202206_head_50k|cap=32|t=10000,7c506d4238f56c0b,,,inf,yes,16,yes,no
metakv,metakv_kvcache_202206_head_50k,32,10003,metakv_kvcache_202206_head_50k|cap=32|t=10003,89daa0786b585d99,,,inf,yes,1,yes,no
metakv,metakv_kvcache_202206_head_50k,32,10003,metakv_kvcache_202206_head_50k|cap=32|t=10003,89daa0786b585d99,,,inf,yes,2,yes,no
metakv,metakv_kvcache_202206_head_50k,32,10003,metakv_kvcache_202206_head_50k|cap=32|t=10003,89daa0786b585d99,,,inf,yes,4,yes,no
metakv,metakv_kvcache_202206_head_50k,32,10003,metakv_kvcache_202206_head_50k|cap=32|t=10003,89daa0786b585d99,,,inf,yes,8,yes,no
metakv,metakv_kvcache_202206_head_50k,32,10003,metakv_kvcache_202206_head_50k|cap=32|t=10003,89daa0786b585d99,,,inf,yes,16,yes,no
metakv,metakv_kvcache_202206_head_50k,32,10003,metakv_kvcache_202206_head_50k|cap=32|t=10003,d1fe1cc235db61ae,,15713,5710,no,1,yes,no
metakv,metakv_kvcache_202206_head_50k,32,10003,metakv_kvcache_202206_head_50k|cap=32|t=10003,d1fe1cc235db61ae,,15713,5710,no,2,yes,no
metakv,metakv_kvcache_202206_head_50k,32,10003,metakv_kvcache_202206_head_50k|cap=32|t=10003,d1fe1cc235db61ae,,15713,5710,no,4,yes,no
metakv,metakv_kvcache_202206_head_50k,32,10003,metakv_kvcache_202206_head_50k|cap=32|t=10003,d1fe1cc235db61ae,,15713,5710,no,8,yes,no
metakv,metakv_kvcache_202206_head_50k,32,10003,metakv_kvcache_202206_head_50k|cap=32|t=10003,d1fe1cc235db61ae,,15713,5710,no,16,yes,no
metakv,metakv_kvcache_202206_head_50k,32,10003,metakv_kvcache_202206_head_50k|cap=32|t=10003,19d9776ec5a20193,,11074,1071,no,1,yes,no
metakv,metakv_kvcache_202206_head_50k,32,10003,metakv_kvcache_202206_head_50k|cap=32|t=10003,19d9776ec5a20193,,11074,1071,no,2,yes,no
metakv,metakv_kvcache_202206_head_50k,32,10003,metakv_kvcache_202206_head_50k|cap=32|t=10003,19d9776ec5a20193,,11074,1071,no,4,yes,no
metakv,metakv_kvcache_202206_head_50k,32,10003,metakv_kvcache_202206_head_50k|cap=32|t=10003,19d9776ec5a20193,,11074,1071,no,8,yes,no
metakv,metakv_kvcache_202206_head_50k,32,10003,metakv_kvcache_202206_head_50k|cap=32|t=10003,19d9776ec5a20193,,11074,1071,no,16,yes,no
metakv,metakv_kvcache_202206_head_50k,32,10003,metakv_kvcache_202206_head_50k|cap=32|t=10003,2c0c6a0921f5bf7f,,10538,535,no,1,yes,no
metakv,metakv_kvcache_202206_head_50k,32,10003,metakv_kvcache_202206_head_50k|cap=32|t=10003,2c0c6a0921f5bf7f,,10538,535,no,2,yes,no
metakv,metakv_kvcache_202206_head_50k,32,10003,metakv_kvcache_202206_head_50k|cap=32|t=10003,2c0c6a0921f5bf7f,,10538,535,no,4,yes,no
metakv,metakv_kvcache_202206_head_50k,32,10003,metakv_kvcache_202206_head_50k|cap=32|t=10003,2c0c6a0921f5bf7f,,10538,535,no,8,yes,no
metakv,metakv_kvcache_202206_head_50k,32,10003,metakv_kvcache_202206_head_50k|cap=32|t=10003,2c0c6a0921f5bf7f,,10538,535,no,16,yes,no
metakv,metakv_kvcache_202206_head_50k,32,10003,metakv_kvcache_202206_head_50k|cap=32|t=10003,cca6ed3f16c0d609,,12894,2891,no,1,yes,no
metakv,metakv_kvcache_202206_head_50k,32,10003,metakv_kvcache_202206_head_50k|cap=32|t=10003,cca6ed3f16c0d609,,12894,2891,no,2,yes,no
metakv,metakv_kvcache_202206_head_50k,32,10003,metakv_kvcache_202206_head_50k|cap=32|t=10003,cca6ed3f16c0d609,,12894,2891,no,4,yes,no
metakv,metakv_kvcache_202206_head_50k,32,10003,metakv_kvcache_202206_head_50k|cap=32|t=10003,cca6ed3f16c0d609,,12894,2891,no,8,yes,no
metakv,metakv_kvcache_202206_head_50k,32,10003,metakv_kvcache_202206_head_50k|cap=32|t=10003,cca6ed3f16c0d609,,12894,2891,no,16,yes,no
metakv,metakv_kvcache_202206_head_50k,32,10003,metakv_kvcache_202206_head_50k|cap=32|t=10003,0535250417225449,,12900,2897,no,1,yes,no
metakv,metakv_kvcache_202206_head_50k,32,10003,metakv_kvcache_202206_head_50k|cap=32|t=10003,0535250417225449,,12900,2897,no,2,yes,no
metakv,metakv_kvcache_202206_head_50k,32,10003,metakv_kvcache_202206_head_50k|cap=32|t=10003,0535250417225449,,12900,2897,no,4,yes,no
metakv,metakv_kvcache_202206_head_50k,32,10003,metakv_kvcache_202206_head_50k|cap=32|t=10003,0535250417225449,,12900,2897,no,8,yes,no
metakv,metakv_kvcache_202206_head_50k,32,10003,metakv_kvcache_202206_head_50k|cap=32|t=10003,0535250417225449,,12900,2897,no,16,yes,no
metakv,metakv_kvcache_202206_head_50k,32,10003,metakv_kvcache_202206_head_50k|cap=32|t=10003,8d7aed517849307c,,11103,1100,no,1,yes,no
metakv,metakv_kvcache_202206_head_50k,32,10003,metakv_kvcache_202206_head_50k|cap=32|t=10003,8d7aed517849307c,,11103,1100,no,2,yes,no
metakv,metakv_kvcache_202206_head_50k,32,10003,metakv_kvcache_202206_head_50k|cap=32|t=10003,8d7aed517849307c,,11103,1100,no,4,yes,no
metakv,metakv_kvcache_202206_head_50k,32,10003,metakv_kvcache_202206_head_50k|cap=32|t=10003,8d7aed517849307c,,11103,1100,no,8,yes,no
metakv,metakv_kvcache_202206_head_50k,32,10003,metakv_kvcache_202206_head_50k|cap=32|t=10003,8d7aed517849307c,,11103,1100,no,16,yes,no
metakv,metakv_kvcache_202206_head_50k,32,10003,metakv_kvcache_202206_head_50k|cap=32|t=10003,8195b2c74a20cf9f,,14994,4991,no,1,yes,no
metakv,metakv_kvcache_202206_head_50k,32,10003,metakv_kvcache_202206_head_50k|cap=32|t=10003,8195b2c74a20cf9f,,14994,4991,no,2,yes,no
metakv,metakv_kvcache_202206_head_50k,32,10003,metakv_kvcache_202206_head_50k|cap=32|t=10003,8195b2c74a20cf9f,,14994,4991,no,4,yes,no
metakv,metakv_kvcache_202206_head_50k,32,10003,metakv_kvcache_202206_head_50k|cap=32|t=10003,8195b2c74a20cf9f,,14994,4991,no,8,yes,no
metakv,metakv_kvcache_202206_head_50k,32,10003,metakv_kvcache_202206_head_50k|cap=32|t=10003,8195b2c74a20cf9f,,14994,4991,no,16,yes,no
metakv,metakv_kvcache_202206_head_50k,64,10000,metakv_kvcache_202206_head_50k|cap=64|t=10000,1c5d1111b0e2b429,,,inf,yes,1,yes,no
metakv,metakv_kvcache_202206_head_50k,64,10000,metakv_kvcache_202206_head_50k|cap=64|t=10000,1c5d1111b0e2b429,,,inf,yes,2,yes,no
metakv,metakv_kvcache_202206_head_50k,64,10000,metakv_kvcache_202206_head_50k|cap=64|t=10000,1c5d1111b0e2b429,,,inf,yes,4,yes,no
metakv,metakv_kvcache_202206_head_50k,64,10000,metakv_kvcache_202206_head_50k|cap=64|t=10000,1c5d1111b0e2b429,,,inf,yes,8,yes,no
metakv,metakv_kvcache_202206_head_50k,64,10000,metakv_kvcache_202206_head_50k|cap=64|t=10000,1c5d1111b0e2b429,,,inf,yes,16,yes,no
metakv,metakv_kvcache_202206_head_50k,64,10000,metakv_kvcache_202206_head_50k|cap=64|t=10000,0917c750cffbe930,,23518,13518,no,1,yes,no
metakv,metakv_kvcache_202206_head_50k,64,10000,metakv_kvcache_202206_head_50k|cap=64|t=10000,0917c750cffbe930,,23518,13518,no,2,yes,no
metakv,metakv_kvcache_202206_head_50k,64,10000,metakv_kvcache_202206_head_50k|cap=64|t=10000,0917c750cffbe930,,23518,13518,no,4,yes,no
metakv,metakv_kvcache_202206_head_50k,64,10000,metakv_kvcache_202206_head_50k|cap=64|t=10000,0917c750cffbe930,,23518,13518,no,8,yes,no
metakv,metakv_kvcache_202206_head_50k,64,10000,metakv_kvcache_202206_head_50k|cap=64|t=10000,0917c750cffbe930,,23518,13518,no,16,yes,no
metakv,metakv_kvcache_202206_head_50k,64,10000,metakv_kvcache_202206_head_50k|cap=64|t=10000,8173e462e47e78b2,,12834,2834,no,1,yes,no
metakv,metakv_kvcache_202206_head_50k,64,10000,metakv_kvcache_202206_head_50k|cap=64|t=10000,8173e462e47e78b2,,12834,2834,no,2,yes,no
metakv,metakv_kvcache_202206_head_50k,64,10000,metakv_kvcache_202206_head_50k|cap=64|t=10000,8173e462e47e78b2,,12834,2834,no,4,yes,no
metakv,metakv_kvcache_202206_head_50k,64,10000,metakv_kvcache_202206_head_50k|cap=64|t=10000,8173e462e47e78b2,,12834,2834,no,8,yes,no
metakv,metakv_kvcache_202206_head_50k,64,10000,metakv_kvcache_202206_head_50k|cap=64|t=10000,8173e462e47e78b2,,12834,2834,no,16,yes,no
metakv,metakv_kvcache_202206_head_50k,64,10000,metakv_kvcache_202206_head_50k|cap=64|t=10000,2b83e1355df91afc,,17831,7831,no,1,yes,no
metakv,metakv_kvcache_202206_head_50k,64,10000,metakv_kvcache_202206_head_50k|cap=64|t=10000,2b83e1355df91afc,,17831,7831,no,2,yes,no
metakv,metakv_kvcache_202206_head_50k,64,10000,metakv_kvcache_202206_head_50k|cap=64|t=10000,2b83e1355df91afc,,17831,7831,no,4,yes,no
metakv,metakv_kvcache_202206_head_50k,64,10000,metakv_kvcache_202206_head_50k|cap=64|t=10000,2b83e1355df91afc,,17831,7831,no,8,yes,no
metakv,metakv_kvcache_202206_head_50k,64,10000,metakv_kvcache_202206_head_50k|cap=64|t=10000,2b83e1355df91afc,,17831,7831,no,16,yes,no
metakv,metakv_kvcache_202206_head_50k,64,10000,metakv_kvcache_202206_head_50k|cap=64|t=10000,a204bd245a387ca9,,,inf,yes,1,yes,no
metakv,metakv_kvcache_202206_head_50k,64,10000,metakv_kvcache_202206_head_50k|cap=64|t=10000,a204bd245a387ca9,,,inf,yes,2,yes,no
metakv,metakv_kvcache_202206_head_50k,64,10000,metakv_kvcache_202206_head_50k|cap=64|t=10000,a204bd245a387ca9,,,inf,yes,4,yes,no
metakv,metakv_kvcache_202206_head_50k,64,10000,metakv_kvcache_202206_head_50k|cap=64|t=10000,a204bd245a387ca9,,,inf,yes,8,yes,no
metakv,metakv_kvcache_202206_head_50k,64,10000,metakv_kvcache_202206_head_50k|cap=64|t=10000,a204bd245a387ca9,,,inf,yes,16,yes,no
metakv,metakv_kvcache_202206_head_50k,64,10000,metakv_kvcache_202206_head_50k|cap=64|t=10000,644bf49d3b2666ef,,,inf,yes,1,yes,no
metakv,metakv_kvcache_202206_head_50k,64,10000,metakv_kvcache_202206_head_50k|cap=64|t=10000,644bf49d3b2666ef,,,inf,yes,2,yes,no
metakv,metakv_kvcache_202206_head_50k,64,10000,metakv_kvcache_202206_head_50k|cap=64|t=10000,644bf49d3b2666ef,,,inf,yes,4,yes,no
metakv,metakv_kvcache_202206_head_50k,64,10000,metakv_kvcache_202206_head_50k|cap=64|t=10000,644bf49d3b2666ef,,,inf,yes,8,yes,no
metakv,metakv_kvcache_202206_head_50k,64,10000,metakv_kvcache_202206_head_50k|cap=64|t=10000,644bf49d3b2666ef,,,inf,yes,16,yes,no
metakv,metakv_kvcache_202206_head_50k,64,10000,metakv_kvcache_202206_head_50k|cap=64|t=10000,1bb2d287e4cd1ab9,,14274,4274,no,1,yes,no
metakv,metakv_kvcache_202206_head_50k,64,10000,metakv_kvcache_202206_head_50k|cap=64|t=10000,1bb2d287e4cd1ab9,,14274,4274,no,2,yes,no
metakv,metakv_kvcache_202206_head_50k,64,10000,metakv_kvcache_202206_head_50k|cap=64|t=10000,1bb2d287e4cd1ab9,,14274,4274,no,4,yes,no
metakv,metakv_kvcache_202206_head_50k,64,10000,metakv_kvcache_202206_head_50k|cap=64|t=10000,1bb2d287e4cd1ab9,,14274,4274,no,8,yes,no
metakv,metakv_kvcache_202206_head_50k,64,10000,metakv_kvcache_202206_head_50k|cap=64|t=10000,1bb2d287e4cd1ab9,,14274,4274,no,16,yes,no
metakv,metakv_kvcache_202206_head_50k,64,10000,metakv_kvcache_202206_head_50k|cap=64|t=10000,b6f4c71d49d1418d,,,inf,yes,1,yes,no
metakv,metakv_kvcache_202206_head_50k,64,10000,metakv_kvcache_202206_head_50k|cap=64|t=10000,b6f4c71d49d1418d,,,inf,yes,2,yes,no
metakv,metakv_kvcache_202206_head_50k,64,10000,metakv_kvcache_202206_head_50k|cap=64|t=10000,b6f4c71d49d1418d,,,inf,yes,4,yes,no
metakv,metakv_kvcache_202206_head_50k,64,10000,metakv_kvcache_202206_head_50k|cap=64|t=10000,b6f4c71d49d1418d,,,inf,yes,8,yes,no
metakv,metakv_kvcache_202206_head_50k,64,10000,metakv_kvcache_202206_head_50k|cap=64|t=10000,b6f4c71d49d1418d,,,inf,yes,16,yes,no
metakv,metakv_kvcache_202206_head_50k,64,10000,metakv_kvcache_202206_head_50k|cap=64|t=10000,ea27ec07bd041223,,,inf,yes,1,yes,no
metakv,metakv_kvcache_202206_head_50k,64,10000,metakv_kvcache_202206_head_50k|cap=64|t=10000,ea27ec07bd041223,,,inf,yes,2,yes,no
metakv,metakv_kvcache_202206_head_50k,64,10000,metakv_kvcache_202206_head_50k|cap=64|t=10000,ea27ec07bd041223,,,inf,yes,4,yes,no
metakv,metakv_kvcache_202206_head_50k,64,10000,metakv_kvcache_202206_head_50k|cap=64|t=10000,ea27ec07bd041223,,,inf,yes,8,yes,no
metakv,metakv_kvcache_202206_head_50k,64,10000,metakv_kvcache_202206_head_50k|cap=64|t=10000,ea27ec07bd041223,,,inf,yes,16,yes,no
metakv,metakv_kvcache_202206_head_50k,64,10000,metakv_kvcache_202206_head_50k|cap=64|t=10000,97dcb91619973afb,,,inf,yes,1,yes,no
metakv,metakv_kvcache_202206_head_50k,64,10000,metakv_kvcache_202206_head_50k|cap=64|t=10000,97dcb91619973afb,,,inf,yes,2,yes,no
metakv,metakv_kvcache_202206_head_50k,64,10000,metakv_kvcache_202206_head_50k|cap=64|t=10000,97dcb91619973afb,,,inf,yes,4,yes,no
metakv,metakv_kvcache_202206_head_50k,64,10000,metakv_kvcache_202206_head_50k|cap=64|t=10000,97dcb91619973afb,,,inf,yes,8,yes,no
metakv,metakv_kvcache_202206_head_50k,64,10000,metakv_kvcache_202206_head_50k|cap=64|t=10000,97dcb91619973afb,,,inf,yes,16,yes,no
metakv,metakv_kvcache_202206_head_50k,64,10000,metakv_kvcache_202206_head_50k|cap=64|t=10000,8d96c5835bbb2a66,,,inf,yes,1,yes,no
metakv,metakv_kvcache_202206_head_50k,64,10000,metakv_kvcache_202206_head_50k|cap=64|t=10000,8d96c5835bbb2a66,,,inf,yes,2,yes,no
metakv,metakv_kvcache_202206_head_50k,64,10000,metakv_kvcache_202206_head_50k|cap=64|t=10000,8d96c5835bbb2a66,,,inf,yes,4,yes,no
metakv,metakv_kvcache_202206_head_50k,64,10000,metakv_kvcache_202206_head_50k|cap=64|t=10000,8d96c5835bbb2a66,,,inf,yes,8,yes,no
metakv,metakv_kvcache_202206_head_50k,64,10000,metakv_kvcache_202206_head_50k|cap=64|t=10000,8d96c5835bbb2a66,,,inf,yes,16,yes,no
metakv,metakv_kvcache_202206_head_50k,64,10000,metakv_kvcache_202206_head_50k|cap=64|t=10000,237840a04163d053,,,inf,yes,1,yes,no
metakv,metakv_kvcache_202206_head_50k,64,10000,metakv_kvcache_202206_head_50k|cap=64|t=10000,237840a04163d053,,,inf,yes,2,yes,no
metakv,metakv_kvcache_202206_head_50k,64,10000,metakv_kvcache_202206_head_50k|cap=64|t=10000,237840a04163d053,,,inf,yes,4,yes,no
metakv,metakv_kvcache_202206_head_50k,64,10000,metakv_kvcache_202206_head_50k|cap=64|t=10000,237840a04163d053,,,inf,yes,8,yes,no
metakv,metakv_kvcache_202206_head_50k,64,10000,metakv_kvcache_202206_head_50k|cap=64|t=10000,237840a04163d053,,,inf,yes,16,yes,no
metakv,metakv_kvcache_202206_head_50k,64,10000,metakv_kvcache_202206_head_50k|cap=64|t=10000,65486ffb2e16a919,,45685,35685,no,1,yes,no
metakv,metakv_kvcache_202206_head_50k,64,10000,metakv_kvcache_202206_head_50k|cap=64|t=10000,65486ffb2e16a919,,45685,35685,no,2,yes,no
metakv,metakv_kvcache_202206_head_50k,64,10000,metakv_kvcache_202206_head_50k|cap=64|t=10000,65486ffb2e16a919,,45685,35685,no,4,yes,no
metakv,metakv_kvcache_202206_head_50k,64,10000,metakv_kvcache_202206_head_50k|cap=64|t=10000,65486ffb2e16a919,,45685,35685,no,8,yes,no
metakv,metakv_kvcache_202206_head_50k,64,10000,metakv_kvcache_202206_head_50k|cap=64|t=10000,65486ffb2e16a919,,45685,35685,no,16,yes,no
metakv,metakv_kvcache_202206_head_50k,64,10000,metakv_kvcache_202206_head_50k|cap=64|t=10000,ffadd3c348ac674f,,16444,6444,no,1,yes,no
metakv,metakv_kvcache_202206_head_50k,64,10000,metakv_kvcache_202206_head_50k|cap=64|t=10000,ffadd3c348ac674f,,16444,6444,no,2,yes,no
metakv,metakv_kvcache_202206_head_50k,64,10000,metakv_kvcache_202206_head_50k|cap=64|t=10000,ffadd3c348ac674f,,16444,6444,no,4,yes,no
metakv,metakv_kvcache_202206_head_50k,64,10000,metakv_kvcache_202206_head_50k|cap=64|t=10000,ffadd3c348ac674f,,16444,6444,no,8,yes,no
metakv,metakv_kvcache_202206_head_50k,64,10000,metakv_kvcache_202206_head_50k|cap=64|t=10000,ffadd3c348ac674f,,16444,6444,no,16,yes,no
metakv,metakv_kvcache_202206_head_50k,64,10000,metakv_kvcache_202206_head_50k|cap=64|t=10000,68bba610c81b64ec,,,inf,yes,1,yes,no
metakv,metakv_kvcache_202206_head_50k,64,10000,metakv_kvcache_202206_head_50k|cap=64|t=10000,68bba610c81b64ec,,,inf,yes,2,yes,no
metakv,metakv_kvcache_202206_head_50k,64,10000,metakv_kvcache_202206_head_50k|cap=64|t=10000,68bba610c81b64ec,,,inf,yes,4,yes,no
metakv,metakv_kvcache_202206_head_50k,64,10000,metakv_kvcache_202206_head_50k|cap=64|t=10000,68bba610c81b64ec,,,inf,yes,8,yes,no
metakv,metakv_kvcache_202206_head_50k,64,10000,metakv_kvcache_202206_head_50k|cap=64|t=10000,68bba610c81b64ec,,,inf,yes,16,yes,no
metakv,metakv_kvcache_202206_head_50k,64,10000,metakv_kvcache_202206_head_50k|cap=64|t=10000,36a8e3979452bf27,,,inf,yes,1,yes,no
metakv,metakv_kvcache_202206_head_50k,64,10000,metakv_kvcache_202206_head_50k|cap=64|t=10000,36a8e3979452bf27,,,inf,yes,2,yes,no
metakv,metakv_kvcache_202206_head_50k,64,10000,metakv_kvcache_202206_head_50k|cap=64|t=10000,36a8e3979452bf27,,,inf,yes,4,yes,no
metakv,metakv_kvcache_202206_head_50k,64,10000,metakv_kvcache_202206_head_50k|cap=64|t=10000,36a8e3979452bf27,,,inf,yes,8,yes,no
metakv,metakv_kvcache_202206_head_50k,64,10000,metakv_kvcache_202206_head_50k|cap=64|t=10000,36a8e3979452bf27,,,inf,yes,16,yes,no
metakv,metakv_kvcache_202206_head_50k,64,10000,metakv_kvcache_202206_head_50k|cap=64|t=10000,fd186a8fa6825b38,,,inf,yes,1,yes,no
metakv,metakv_kvcache_202206_head_50k,64,10000,metakv_kvcache_202206_head_50k|cap=64|t=10000,fd186a8fa6825b38,,,inf,yes,2,yes,no
metakv,metakv_kvcache_202206_head_50k,64,10000,metakv_kvcache_202206_head_50k|cap=64|t=10000,fd186a8fa6825b38,,,inf,yes,4,yes,no
metakv,metakv_kvcache_202206_head_50k,64,10000,metakv_kvcache_202206_head_50k|cap=64|t=10000,fd186a8fa6825b38,,,inf,yes,8,yes,no
metakv,metakv_kvcache_202206_head_50k,64,10000,metakv_kvcache_202206_head_50k|cap=64|t=10000,fd186a8fa6825b38,,,inf,yes,16,yes,no
metakv,metakv_kvcache_202206_head_50k,64,10000,metakv_kvcache_202206_head_50k|cap=64|t=10000,4fdde1d50b3872eb,,23537,13537,no,1,yes,no
metakv,metakv_kvcache_202206_head_50k,64,10000,metakv_kvcache_202206_head_50k|cap=64|t=10000,4fdde1d50b3872eb,,23537,13537,no,2,yes,no
metakv,metakv_kvcache_202206_head_50k,64,10000,metakv_kvcache_202206_head_50k|cap=64|t=10000,4fdde1d50b3872eb,,23537,13537,no,4,yes,no
metakv,metakv_kvcache_202206_head_50k,64,10000,metakv_kvcache_202206_head_50k|cap=64|t=10000,4fdde1d50b3872eb,,23537,13537,no,8,yes,no
metakv,metakv_kvcache_202206_head_50k,64,10000,metakv_kvcache_202206_head_50k|cap=64|t=10000,4fdde1d50b3872eb,,23537,13537,no,16,yes,no
metakv,metakv_kvcache_202206_head_50k,64,10000,metakv_kvcache_202206_head_50k|cap=64|t=10000,b6bddb367890f853,,10502,502,no,1,yes,no
metakv,metakv_kvcache_202206_head_50k,64,10000,metakv_kvcache_202206_head_50k|cap=64|t=10000,b6bddb367890f853,,10502,502,no,2,yes,no
metakv,metakv_kvcache_202206_head_50k,64,10000,metakv_kvcache_202206_head_50k|cap=64|t=10000,b6bddb367890f853,,10502,502,no,4,yes,no
metakv,metakv_kvcache_202206_head_50k,64,10000,metakv_kvcache_202206_head_50k|cap=64|t=10000,b6bddb367890f853,,10502,502,no,8,yes,no
metakv,metakv_kvcache_202206_head_50k,64,10000,metakv_kvcache_202206_head_50k|cap=64|t=10000,b6bddb367890f853,,10502,502,no,16,yes,no
metakv,metakv_kvcache_202206_head_50k,64,10000,metakv_kvcache_202206_head_50k|cap=64|t=10000,58d15478643375e8,,49583,39583,no,1,yes,no
metakv,metakv_kvcache_202206_head_50k,64,10000,metakv_kvcache_202206_head_50k|cap=64|t=10000,58d15478643375e8,,49583,39583,no,2,yes,no
metakv,metakv_kvcache_202206_head_50k,64,10000,metakv_kvcache_202206_head_50k|cap=64|t=10000,58d15478643375e8,,49583,39583,no,4,yes,no
metakv,metakv_kvcache_202206_head_50k,64,10000,metakv_kvcache_202206_head_50k|cap=64|t=10000,58d15478643375e8,,49583,39583,no,8,yes,no
metakv,metakv_kvcache_202206_head_50k,64,10000,metakv_kvcache_202206_head_50k|cap=64|t=10000,58d15478643375e8,,49583,39583,no,16,yes,no
metakv,metakv_kvcache_202206_head_50k,64,10000,metakv_kvcache_202206_head_50k|cap=64|t=10000,7c357e6a0dce7575,,11610,1610,no,1,yes,no
metakv,metakv_kvcache_202206_head_50k,64,10000,metakv_kvcache_202206_head_50k|cap=64|t=10000,7c357e6a0dce7575,,11610,1610,no,2,yes,no
metakv,metakv_kvcache_202206_head_50k,64,10000,metakv_kvcache_202206_head_50k|cap=64|t=10000,7c357e6a0dce7575,,11610,1610,no,4,yes,no
metakv,metakv_kvcache_202206_head_50k,64,10000,metakv_kvcache_202206_head_50k|cap=64|t=10000,7c357e6a0dce7575,,11610,1610,no,8,yes,no
metakv,metakv_kvcache_202206_head_50k,64,10000,metakv_kvcache_202206_head_50k|cap=64|t=10000,7c357e6a0dce7575,,11610,1610,no,16,yes,no
metakv,metakv_kvcache_202206_head_50k,64,10000,metakv_kvcache_202206_head_50k|cap=64|t=10000,6ccfdd93e5857c0d,,11040,1040,no,1,yes,no
metakv,metakv_kvcache_202206_head_50k,64,10000,metakv_kvcache_202206_head_50k|cap=64|t=10000,6ccfdd93e5857c0d,,11040,1040,no,2,yes,no
metakv,metakv_kvcache_202206_head_50k,64,10000,metakv_kvcache_202206_head_50k|cap=64|t=10000,6ccfdd93e5857c0d,,11040,1040,no,4,yes,no
metakv,metakv_kvcache_202206_head_50k,64,10000,metakv_kvcache_202206_head_50k|cap=64|t=10000,6ccfdd93e5857c0d,,11040,1040,no,8,yes,no
metakv,metakv_kvcache_202206_head_50k,64,10000,metakv_kvcache_202206_head_50k|cap=64|t=10000,6ccfdd93e5857c0d,,11040,1040,no,16,yes,no
metakv,metakv_kvcache_202206_head_50k,64,10000,metakv_kvcache_202206_head_50k|cap=64|t=10000,41e5faeb7ff42d1d,,,inf,yes,1,yes,no
metakv,metakv_kvcache_202206_head_50k,64,10000,metakv_kvcache_202206_head_50k|cap=64|t=10000,41e5faeb7ff42d1d,,,inf,yes,2,yes,no
metakv,metakv_kvcache_202206_head_50k,64,10000,metakv_kvcache_202206_head_50k|cap=64|t=10000,41e5faeb7ff42d1d,,,inf,yes,4,yes,no
metakv,metakv_kvcache_202206_head_50k,64,10000,metakv_kvcache_202206_head_50k|cap=64|t=10000,41e5faeb7ff42d1d,,,inf,yes,8,yes,no
metakv,metakv_kvcache_202206_head_50k,64,10000,metakv_kvcache_202206_head_50k|cap=64|t=10000,41e5faeb7ff42d1d,,,inf,yes,16,yes,no
metakv,metakv_kvcache_202206_head_50k,64,10000,metakv_kvcache_202206_head_50k|cap=64|t=10000,80347477cc4e7960,,,inf,yes,1,yes,no
metakv,metakv_kvcache_202206_head_50k,64,10000,metakv_kvcache_202206_head_50k|cap=64|t=10000,80347477cc4e7960,,,inf,yes,2,yes,no
metakv,metakv_kvcache_202206_head_50k,64,10000,metakv_kvcache_202206_head_50k|cap=64|t=10000,80347477cc4e7960,,,inf,yes,4,yes,no
metakv,metakv_kvcache_202206_head_50k,64,10000,metakv_kvcache_202206_head_50k|cap=64|t=10000,80347477cc4e7960,,,inf,yes,8,yes,no
metakv,metakv_kvcache_202206_head_50k,64,10000,metakv_kvcache_202206_head_50k|cap=64|t=10000,80347477cc4e7960,,,inf,yes,16,yes,no
metakv,metakv_kvcache_202206_head_50k,64,10000,metakv_kvcache_202206_head_50k|cap=64|t=10000,4cdccfd79e13ed10,,11613,1613,no,1,yes,no
metakv,metakv_kvcache_202206_head_50k,64,10000,metakv_kvcache_202206_head_50k|cap=64|t=10000,4cdccfd79e13ed10,,11613,1613,no,2,yes,no
metakv,metakv_kvcache_202206_head_50k,64,10000,metakv_kvcache_202206_head_50k|cap=64|t=10000,4cdccfd79e13ed10,,11613,1613,no,4,yes,no
metakv,metakv_kvcache_202206_head_50k,64,10000,metakv_kvcache_202206_head_50k|cap=64|t=10000,4cdccfd79e13ed10,,11613,1613,no,8,yes,no
metakv,metakv_kvcache_202206_head_50k,64,10000,metakv_kvcache_202206_head_50k|cap=64|t=10000,4cdccfd79e13ed10,,11613,1613,no,16,yes,no
metakv,metakv_kvcache_202206_head_50k,64,10000,metakv_kvcache_202206_head_50k|cap=64|t=10000,0040c143c335611d,,11039,1039,no,1,yes,no
metakv,metakv_kvcache_202206_head_50k,64,10000,metakv_kvcache_202206_head_50k|cap=64|t=10000,0040c143c335611d,,11039,1039,no,2,yes,no
metakv,metakv_kvcache_202206_head_50k,64,10000,metakv_kvcache_202206_head_50k|cap=64|t=10000,0040c143c335611d,,11039,1039,no,4,yes,no
metakv,metakv_kvcache_202206_head_50k,64,10000,metakv_kvcache_202206_head_50k|cap=64|t=10000,0040c143c335611d,,11039,1039,no,8,yes,no
metakv,metakv_kvcache_202206_head_50k,64,10000,metakv_kvcache_202206_head_50k|cap=64|t=10000,0040c143c335611d,,11039,1039,no,16,yes,no
metakv,metakv_kvcache_202206_head_50k,64,10000,metakv_kvcache_202206_head_50k|cap=64|t=10000,3fd0be6e3929fd1a,,,inf,yes,1,yes,no
metakv,metakv_kvcache_202206_head_50k,64,10000,metakv_kvcache_202206_head_50k|cap=64|t=10000,3fd0be6e3929fd1a,,,inf,yes,2,yes,no
metakv,metakv_kvcache_202206_head_50k,64,10000,metakv_kvcache_202206_head_50k|cap=64|t=10000,3fd0be6e3929fd1a,,,inf,yes,4,yes,no
metakv,metakv_kvcache_202206_head_50k,64,10000,metakv_kvcache_202206_head_50k|cap=64|t=10000,3fd0be6e3929fd1a,,,inf,yes,8,yes,no
metakv,metakv_kvcache_202206_head_50k,64,10000,metakv_kvcache_202206_head_50k|cap=64|t=10000,3fd0be6e3929fd1a,,,inf,yes,16,yes,no
metakv,metakv_kvcache_202206_head_50k,64,10000,metakv_kvcache_202206_head_50k|cap=64|t=10000,38d284fed9d876f6,,10517,517,no,1,yes,no
metakv,metakv_kvcache_202206_head_50k,64,10000,metakv_kvcache_202206_head_50k|cap=64|t=10000,38d284fed9d876f6,,10517,517,no,2,yes,no
metakv,metakv_kvcache_202206_head_50k,64,10000,metakv_kvcache_202206_head_50k|cap=64|t=10000,38d284fed9d876f6,,10517,517,no,4,yes,no
metakv,metakv_kvcache_202206_head_50k,64,10000,metakv_kvcache_202206_head_50k|cap=64|t=10000,38d284fed9d876f6,,10517,517,no,8,yes,no
metakv,metakv_kvcache_202206_head_50k,64,10000,metakv_kvcache_202206_head_50k|cap=64|t=10000,38d284fed9d876f6,,10517,517,no,16,yes,no
metakv,metakv_kvcache_202206_head_50k,64,10000,metakv_kvcache_202206_head_50k|cap=64|t=10000,ea62d34bd63713b2,,,inf,yes,1,yes,no
metakv,metakv_kvcache_202206_head_50k,64,10000,metakv_kvcache_202206_head_50k|cap=64|t=10000,ea62d34bd63713b2,,,inf,yes,2,yes,no
metakv,metakv_kvcache_202206_head_50k,64,10000,metakv_kvcache_202206_head_50k|cap=64|t=10000,ea62d34bd63713b2,,,inf,yes,4,yes,no
metakv,metakv_kvcache_202206_head_50k,64,10000,metakv_kvcache_202206_head_50k|cap=64|t=10000,ea62d34bd63713b2,,,inf,yes,8,yes,no
metakv,metakv_kvcache_202206_head_50k,64,10000,metakv_kvcache_202206_head_50k|cap=64|t=10000,ea62d34bd63713b2,,,inf,yes,16,yes,no
metakv,metakv_kvcache_202206_head_50k,64,10000,metakv_kvcache_202206_head_50k|cap=64|t=10000,898b3828b53a0197,,,inf,yes,1,yes,no
metakv,metakv_kvcache_202206_head_50k,64,10000,metakv_kvcache_202206_head_50k|cap=64|t=10000,898b3828b53a0197,,,inf,yes,2,yes,no
metakv,metakv_kvcache_202206_head_50k,64,10000,metakv_kvcache_202206_head_50k|cap=64|t=10000,898b3828b53a0197,,,inf,yes,4,yes,no
metakv,metakv_kvcache_202206_head_50k,64,10000,metakv_kvcache_202206_head_50k|cap=64|t=10000,898b3828b53a0197,,,inf,yes,8,yes,no
metakv,metakv_kvcache_202206_head_50k,64,10000,metakv_kvcache_202206_head_50k|cap=64|t=10000,898b3828b53a0197,,,inf,yes,16,yes,no
metakv,metakv_kvcache_202206_head_50k,64,10000,metakv_kvcache_202206_head_50k|cap=64|t=10000,202bb5ec960846ba,,13585,3585,no,1,yes,no
metakv,metakv_kvcache_202206_head_50k,64,10000,metakv_kvcache_202206_head_50k|cap=64|t=10000,202bb5ec960846ba,,13585,3585,no,2,yes,no
metakv,metakv_kvcache_202206_head_50k,64,10000,metakv_kvcache_202206_head_50k|cap=64|t=10000,202bb5ec960846ba,,13585,3585,no,4,yes,no
metakv,metakv_kvcache_202206_head_50k,64,10000,metakv_kvcache_202206_head_50k|cap=64|t=10000,202bb5ec960846ba,,13585,3585,no,8,yes,no
metakv,metakv_kvcache_202206_head_50k,64,10000,metakv_kvcache_202206_head_50k|cap=64|t=10000,202bb5ec960846ba,,13585,3585,no,16,yes,no
metakv,metakv_kvcache_202206_head_50k,64,10000,metakv_kvcache_202206_head_50k|cap=64|t=10000,fcf0f807b5a500e1,,10525,525,no,1,yes,no
metakv,metakv_kvcache_202206_head_50k,64,10000,metakv_kvcache_202206_head_50k|cap=64|t=10000,fcf0f807b5a500e1,,10525,525,no,2,yes,no
metakv,metakv_kvcache_202206_head_50k,64,10000,metakv_kvcache_202206_head_50k|cap=64|t=10000,fcf0f807b5a500e1,,10525,525,no,4,yes,no
metakv,metakv_kvcache_202206_head_50k,64,10000,metakv_kvcache_202206_head_50k|cap=64|t=10000,fcf0f807b5a500e1,,10525,525,no,8,yes,no
metakv,metakv_kvcache_202206_head_50k,64,10000,metakv_kvcache_202206_head_50k|cap=64|t=10000,fcf0f807b5a500e1,,10525,525,no,16,yes,no
metakv,metakv_kvcache_202206_head_50k,64,10000,metakv_kvcache_202206_head_50k|cap=64|t=10000,d396ba43fda43d2b,,18637,8637,no,1,yes,no
metakv,metakv_kvcache_202206_head_50k,64,10000,metakv_kvcache_202206_head_50k|cap=64|t=10000,d396ba43fda43d2b,,18637,8637,no,2,yes,no
metakv,metakv_kvcache_202206_head_50k,64,10000,metakv_kvcache_202206_head_50k|cap=64|t=10000,d396ba43fda43d2b,,18637,8637,no,4,yes,no
metakv,metakv_kvcache_202206_head_50k,64,10000,metakv_kvcache_202206_head_50k|cap=64|t=10000,d396ba43fda43d2b,,18637,8637,no,8,yes,no
metakv,metakv_kvcache_202206_head_50k,64,10000,metakv_kvcache_202206_head_50k|cap=64|t=10000,d396ba43fda43d2b,,18637,8637,no,16,yes,no
metakv,metakv_kvcache_202206_head_50k,64,10000,metakv_kvcache_202206_head_50k|cap=64|t=10000,89daa0786b585d99,,,inf,yes,1,yes,no
metakv,metakv_kvcache_202206_head_50k,64,10000,metakv_kvcache_202206_head_50k|cap=64|t=10000,89daa0786b585d99,,,inf,yes,2,yes,no
metakv,metakv_kvcache_202206_head_50k,64,10000,metakv_kvcache_202206_head_50k|cap=64|t=10000,89daa0786b585d99,,,inf,yes,4,yes,no
metakv,metakv_kvcache_202206_head_50k,64,10000,metakv_kvcache_202206_head_50k|cap=64|t=10000,89daa0786b585d99,,,inf,yes,8,yes,no
metakv,metakv_kvcache_202206_head_50k,64,10000,metakv_kvcache_202206_head_50k|cap=64|t=10000,89daa0786b585d99,,,inf,yes,16,yes,no
metakv,metakv_kvcache_202206_head_50k,64,10000,metakv_kvcache_202206_head_50k|cap=64|t=10000,1fa1982a83d2f4c4,,,inf,yes,1,yes,no
metakv,metakv_kvcache_202206_head_50k,64,10000,metakv_kvcache_202206_head_50k|cap=64|t=10000,1fa1982a83d2f4c4,,,inf,yes,2,yes,no
metakv,metakv_kvcache_202206_head_50k,64,10000,metakv_kvcache_202206_head_50k|cap=64|t=10000,1fa1982a83d2f4c4,,,inf,yes,4,yes,no
metakv,metakv_kvcache_202206_head_50k,64,10000,metakv_kvcache_202206_head_50k|cap=64|t=10000,1fa1982a83d2f4c4,,,inf,yes,8,yes,no
metakv,metakv_kvcache_202206_head_50k,64,10000,metakv_kvcache_202206_head_50k|cap=64|t=10000,1fa1982a83d2f4c4,,,inf,yes,16,yes,no
metakv,metakv_kvcache_202206_head_50k,64,10000,metakv_kvcache_202206_head_50k|cap=64|t=10000,64562fb468814d90,,,inf,yes,1,yes,no
metakv,metakv_kvcache_202206_head_50k,64,10000,metakv_kvcache_202206_head_50k|cap=64|t=10000,64562fb468814d90,,,inf,yes,2,yes,no
metakv,metakv_kvcache_202206_head_50k,64,10000,metakv_kvcache_202206_head_50k|cap=64|t=10000,64562fb468814d90,,,inf,yes,4,yes,no
metakv,metakv_kvcache_202206_head_50k,64,10000,metakv_kvcache_202206_head_50k|cap=64|t=10000,64562fb468814d90,,,inf,yes,8,yes,no
metakv,metakv_kvcache_202206_head_50k,64,10000,metakv_kvcache_202206_head_50k|cap=64|t=10000,64562fb468814d90,,,inf,yes,16,yes,no
metakv,metakv_kvcache_202206_head_50k,64,10000,metakv_kvcache_202206_head_50k|cap=64|t=10000,d1fe1cc235db61ae,,15713,5713,no,1,yes,no
metakv,metakv_kvcache_202206_head_50k,64,10000,metakv_kvcache_202206_head_50k|cap=64|t=10000,d1fe1cc235db61ae,,15713,5713,no,2,yes,no
metakv,metakv_kvcache_202206_head_50k,64,10000,metakv_kvcache_202206_head_50k|cap=64|t=10000,d1fe1cc235db61ae,,15713,5713,no,4,yes,no
metakv,metakv_kvcache_202206_head_50k,64,10000,metakv_kvcache_202206_head_50k|cap=64|t=10000,d1fe1cc235db61ae,,15713,5713,no,8,yes,no
metakv,metakv_kvcache_202206_head_50k,64,10000,metakv_kvcache_202206_head_50k|cap=64|t=10000,d1fe1cc235db61ae,,15713,5713,no,16,yes,no
metakv,metakv_kvcache_202206_head_50k,64,10000,metakv_kvcache_202206_head_50k|cap=64|t=10000,19d9776ec5a20193,,11074,1074,no,1,yes,no
metakv,metakv_kvcache_202206_head_50k,64,10000,metakv_kvcache_202206_head_50k|cap=64|t=10000,19d9776ec5a20193,,11074,1074,no,2,yes,no
metakv,metakv_kvcache_202206_head_50k,64,10000,metakv_kvcache_202206_head_50k|cap=64|t=10000,19d9776ec5a20193,,11074,1074,no,4,yes,no
metakv,metakv_kvcache_202206_head_50k,64,10000,metakv_kvcache_202206_head_50k|cap=64|t=10000,19d9776ec5a20193,,11074,1074,no,8,yes,no
metakv,metakv_kvcache_202206_head_50k,64,10000,metakv_kvcache_202206_head_50k|cap=64|t=10000,19d9776ec5a20193,,11074,1074,no,16,yes,no
metakv,metakv_kvcache_202206_head_50k,64,10000,metakv_kvcache_202206_head_50k|cap=64|t=10000,58494936540ff0da,,,inf,yes,1,yes,no
metakv,metakv_kvcache_202206_head_50k,64,10000,metakv_kvcache_202206_head_50k|cap=64|t=10000,58494936540ff0da,,,inf,yes,2,yes,no
metakv,metakv_kvcache_202206_head_50k,64,10000,metakv_kvcache_202206_head_50k|cap=64|t=10000,58494936540ff0da,,,inf,yes,4,yes,no
metakv,metakv_kvcache_202206_head_50k,64,10000,metakv_kvcache_202206_head_50k|cap=64|t=10000,58494936540ff0da,,,inf,yes,8,yes,no
metakv,metakv_kvcache_202206_head_50k,64,10000,metakv_kvcache_202206_head_50k|cap=64|t=10000,58494936540ff0da,,,inf,yes,16,yes,no
metakv,metakv_kvcache_202206_head_50k,64,10000,metakv_kvcache_202206_head_50k|cap=64|t=10000,2c0c6a0921f5bf7f,,10538,538,no,1,yes,no
metakv,metakv_kvcache_202206_head_50k,64,10000,metakv_kvcache_202206_head_50k|cap=64|t=10000,2c0c6a0921f5bf7f,,10538,538,no,2,yes,no
metakv,metakv_kvcache_202206_head_50k,64,10000,metakv_kvcache_202206_head_50k|cap=64|t=10000,2c0c6a0921f5bf7f,,10538,538,no,4,yes,no
metakv,metakv_kvcache_202206_head_50k,64,10000,metakv_kvcache_202206_head_50k|cap=64|t=10000,2c0c6a0921f5bf7f,,10538,538,no,8,yes,no
metakv,metakv_kvcache_202206_head_50k,64,10000,metakv_kvcache_202206_head_50k|cap=64|t=10000,2c0c6a0921f5bf7f,,10538,538,no,16,yes,no
metakv,metakv_kvcache_202206_head_50k,128,10000,metakv_kvcache_202206_head_50k|cap=128|t=10000,fe9571c7c80f8bee,,28512,18512,no,1,yes,no
metakv,metakv_kvcache_202206_head_50k,128,10000,metakv_kvcache_202206_head_50k|cap=128|t=10000,fe9571c7c80f8bee,,28512,18512,no,2,yes,no
metakv,metakv_kvcache_202206_head_50k,128,10000,metakv_kvcache_202206_head_50k|cap=128|t=10000,fe9571c7c80f8bee,,28512,18512,no,4,yes,no
metakv,metakv_kvcache_202206_head_50k,128,10000,metakv_kvcache_202206_head_50k|cap=128|t=10000,fe9571c7c80f8bee,,28512,18512,no,8,yes,no
metakv,metakv_kvcache_202206_head_50k,128,10000,metakv_kvcache_202206_head_50k|cap=128|t=10000,fe9571c7c80f8bee,,28512,18512,no,16,yes,no
metakv,metakv_kvcache_202206_head_50k,128,10000,metakv_kvcache_202206_head_50k|cap=128|t=10000,4e78a5c036cd9692,,26713,16713,no,1,yes,no
metakv,metakv_kvcache_202206_head_50k,128,10000,metakv_kvcache_202206_head_50k|cap=128|t=10000,4e78a5c036cd9692,,26713,16713,no,2,yes,no
metakv,metakv_kvcache_202206_head_50k,128,10000,metakv_kvcache_202206_head_50k|cap=128|t=10000,4e78a5c036cd9692,,26713,16713,no,4,yes,no
metakv,metakv_kvcache_202206_head_50k,128,10000,metakv_kvcache_202206_head_50k|cap=128|t=10000,4e78a5c036cd9692,,26713,16713,no,8,yes,no
metakv,metakv_kvcache_202206_head_50k,128,10000,metakv_kvcache_202206_head_50k|cap=128|t=10000,4e78a5c036cd9692,,26713,16713,no,16,yes,no
metakv,metakv_kvcache_202206_head_50k,128,10000,metakv_kvcache_202206_head_50k|cap=128|t=10000,94a8bdfbf08c56ec,,,inf,yes,1,yes,no
metakv,metakv_kvcache_202206_head_50k,128,10000,metakv_kvcache_202206_head_50k|cap=128|t=10000,94a8bdfbf08c56ec,,,inf,yes,2,yes,no
metakv,metakv_kvcache_202206_head_50k,128,10000,metakv_kvcache_202206_head_50k|cap=128|t=10000,94a8bdfbf08c56ec,,,inf,yes,4,yes,no
metakv,metakv_kvcache_202206_head_50k,128,10000,metakv_kvcache_202206_head_50k|cap=128|t=10000,94a8bdfbf08c56ec,,,inf,yes,8,yes,no
metakv,metakv_kvcache_202206_head_50k,128,10000,metakv_kvcache_202206_head_50k|cap=128|t=10000,94a8bdfbf08c56ec,,,inf,yes,16,yes,no
metakv,metakv_kvcache_202206_head_50k,128,10000,metakv_kvcache_202206_head_50k|cap=128|t=10000,e7a7a52d6e925223,,,inf,yes,1,yes,no
metakv,metakv_kvcache_202206_head_50k,128,10000,metakv_kvcache_202206_head_50k|cap=128|t=10000,e7a7a52d6e925223,,,inf,yes,2,yes,no
metakv,metakv_kvcache_202206_head_50k,128,10000,metakv_kvcache_202206_head_50k|cap=128|t=10000,e7a7a52d6e925223,,,inf,yes,4,yes,no
metakv,metakv_kvcache_202206_head_50k,128,10000,metakv_kvcache_202206_head_50k|cap=128|t=10000,e7a7a52d6e925223,,,inf,yes,8,yes,no
metakv,metakv_kvcache_202206_head_50k,128,10000,metakv_kvcache_202206_head_50k|cap=128|t=10000,e7a7a52d6e925223,,,inf,yes,16,yes,no
metakv,metakv_kvcache_202206_head_50k,128,10000,metakv_kvcache_202206_head_50k|cap=128|t=10000,72c7e0d4c13595ce,,,inf,yes,1,yes,no
metakv,metakv_kvcache_202206_head_50k,128,10000,metakv_kvcache_202206_head_50k|cap=128|t=10000,72c7e0d4c13595ce,,,inf,yes,2,yes,no
metakv,metakv_kvcache_202206_head_50k,128,10000,metakv_kvcache_202206_head_50k|cap=128|t=10000,72c7e0d4c13595ce,,,inf,yes,4,yes,no
metakv,metakv_kvcache_202206_head_50k,128,10000,metakv_kvcache_202206_head_50k|cap=128|t=10000,72c7e0d4c13595ce,,,inf,yes,8,yes,no
metakv,metakv_kvcache_202206_head_50k,128,10000,metakv_kvcache_202206_head_50k|cap=128|t=10000,72c7e0d4c13595ce,,,inf,yes,16,yes,no
metakv,metakv_kvcache_202206_head_50k,128,10000,metakv_kvcache_202206_head_50k|cap=128|t=10000,eeb9b704a4b83262,,,inf,yes,1,yes,no
metakv,metakv_kvcache_202206_head_50k,128,10000,metakv_kvcache_202206_head_50k|cap=128|t=10000,eeb9b704a4b83262,,,inf,yes,2,yes,no
metakv,metakv_kvcache_202206_head_50k,128,10000,metakv_kvcache_202206_head_50k|cap=128|t=10000,eeb9b704a4b83262,,,inf,yes,4,yes,no
metakv,metakv_kvcache_202206_head_50k,128,10000,metakv_kvcache_202206_head_50k|cap=128|t=10000,eeb9b704a4b83262,,,inf,yes,8,yes,no
metakv,metakv_kvcache_202206_head_50k,128,10000,metakv_kvcache_202206_head_50k|cap=128|t=10000,eeb9b704a4b83262,,,inf,yes,16,yes,no
metakv,metakv_kvcache_202206_head_50k,128,10000,metakv_kvcache_202206_head_50k|cap=128|t=10000,d4d7f671e98777a6,,14179,4179,no,1,yes,no
metakv,metakv_kvcache_202206_head_50k,128,10000,metakv_kvcache_202206_head_50k|cap=128|t=10000,d4d7f671e98777a6,,14179,4179,no,2,yes,no
metakv,metakv_kvcache_202206_head_50k,128,10000,metakv_kvcache_202206_head_50k|cap=128|t=10000,d4d7f671e98777a6,,14179,4179,no,4,yes,no
metakv,metakv_kvcache_202206_head_50k,128,10000,metakv_kvcache_202206_head_50k|cap=128|t=10000,d4d7f671e98777a6,,14179,4179,no,8,yes,no
metakv,metakv_kvcache_202206_head_50k,128,10000,metakv_kvcache_202206_head_50k|cap=128|t=10000,d4d7f671e98777a6,,14179,4179,no,16,yes,no
metakv,metakv_kvcache_202206_head_50k,128,10000,metakv_kvcache_202206_head_50k|cap=128|t=10000,60df1cbaf0920e74,,16335,6335,no,1,yes,no
metakv,metakv_kvcache_202206_head_50k,128,10000,metakv_kvcache_202206_head_50k|cap=128|t=10000,60df1cbaf0920e74,,16335,6335,no,2,yes,no
metakv,metakv_kvcache_202206_head_50k,128,10000,metakv_kvcache_202206_head_50k|cap=128|t=10000,60df1cbaf0920e74,,16335,6335,no,4,yes,no
metakv,metakv_kvcache_202206_head_50k,128,10000,metakv_kvcache_202206_head_50k|cap=128|t=10000,60df1cbaf0920e74,,16335,6335,no,8,yes,no
metakv,metakv_kvcache_202206_head_50k,128,10000,metakv_kvcache_202206_head_50k|cap=128|t=10000,60df1cbaf0920e74,,16335,6335,no,16,yes,no
metakv,metakv_kvcache_202206_head_50k,128,10000,metakv_kvcache_202206_head_50k|cap=128|t=10000,267765e414b6600f,,16342,6342,no,1,yes,no
metakv,metakv_kvcache_202206_head_50k,128,10000,metakv_kvcache_202206_head_50k|cap=128|t=10000,267765e414b6600f,,16342,6342,no,2,yes,no
metakv,metakv_kvcache_202206_head_50k,128,10000,metakv_kvcache_202206_head_50k|cap=128|t=10000,267765e414b6600f,,16342,6342,no,4,yes,no
metakv,metakv_kvcache_202206_head_50k,128,10000,metakv_kvcache_202206_head_50k|cap=128|t=10000,267765e414b6600f,,16342,6342,no,8,yes,no
metakv,metakv_kvcache_202206_head_50k,128,10000,metakv_kvcache_202206_head_50k|cap=128|t=10000,267765e414b6600f,,16342,6342,no,16,yes,no
metakv,metakv_kvcache_202206_head_50k,128,10000,metakv_kvcache_202206_head_50k|cap=128|t=10000,9b6cf521dcd796c8,,17029,7029,no,1,yes,no
metakv,metakv_kvcache_202206_head_50k,128,10000,metakv_kvcache_202206_head_50k|cap=128|t=10000,9b6cf521dcd796c8,,17029,7029,no,2,yes,no
metakv,metakv_kvcache_202206_head_50k,128,10000,metakv_kvcache_202206_head_50k|cap=128|t=10000,9b6cf521dcd796c8,,17029,7029,no,4,yes,no
metakv,metakv_kvcache_202206_head_50k,128,10000,metakv_kvcache_202206_head_50k|cap=128|t=10000,9b6cf521dcd796c8,,17029,7029,no,8,yes,no
metakv,metakv_kvcache_202206_head_50k,128,10000,metakv_kvcache_202206_head_50k|cap=128|t=10000,9b6cf521dcd796c8,,17029,7029,no,16,yes,no
metakv,metakv_kvcache_202206_head_50k,128,10000,metakv_kvcache_202206_head_50k|cap=128|t=10000,2bf583c1b202a319,,,inf,yes,1,yes,no
metakv,metakv_kvcache_202206_head_50k,128,10000,metakv_kvcache_202206_head_50k|cap=128|t=10000,2bf583c1b202a319,,,inf,yes,2,yes,no
metakv,metakv_kvcache_202206_head_50k,128,10000,metakv_kvcache_202206_head_50k|cap=128|t=10000,2bf583c1b202a319,,,inf,yes,4,yes,no
metakv,metakv_kvcache_202206_head_50k,128,10000,metakv_kvcache_202206_head_50k|cap=128|t=10000,2bf583c1b202a319,,,inf,yes,8,yes,no
metakv,metakv_kvcache_202206_head_50k,128,10000,metakv_kvcache_202206_head_50k|cap=128|t=10000,2bf583c1b202a319,,,inf,yes,16,yes,no
metakv,metakv_kvcache_202206_head_50k,128,10000,metakv_kvcache_202206_head_50k|cap=128|t=10000,49c925da8b2f7bba,,,inf,yes,1,yes,no
metakv,metakv_kvcache_202206_head_50k,128,10000,metakv_kvcache_202206_head_50k|cap=128|t=10000,49c925da8b2f7bba,,,inf,yes,2,yes,no
metakv,metakv_kvcache_202206_head_50k,128,10000,metakv_kvcache_202206_head_50k|cap=128|t=10000,49c925da8b2f7bba,,,inf,yes,4,yes,no
metakv,metakv_kvcache_202206_head_50k,128,10000,metakv_kvcache_202206_head_50k|cap=128|t=10000,49c925da8b2f7bba,,,inf,yes,8,yes,no
metakv,metakv_kvcache_202206_head_50k,128,10000,metakv_kvcache_202206_head_50k|cap=128|t=10000,49c925da8b2f7bba,,,inf,yes,16,yes,no
metakv,metakv_kvcache_202206_head_50k,128,10000,metakv_kvcache_202206_head_50k|cap=128|t=10000,1bc1633dc0ce08c7,,,inf,yes,1,yes,no
metakv,metakv_kvcache_202206_head_50k,128,10000,metakv_kvcache_202206_head_50k|cap=128|t=10000,1bc1633dc0ce08c7,,,inf,yes,2,yes,no
metakv,metakv_kvcache_202206_head_50k,128,10000,metakv_kvcache_202206_head_50k|cap=128|t=10000,1bc1633dc0ce08c7,,,inf,yes,4,yes,no
metakv,metakv_kvcache_202206_head_50k,128,10000,metakv_kvcache_202206_head_50k|cap=128|t=10000,1bc1633dc0ce08c7,,,inf,yes,8,yes,no
metakv,metakv_kvcache_202206_head_50k,128,10000,metakv_kvcache_202206_head_50k|cap=128|t=10000,1bc1633dc0ce08c7,,,inf,yes,16,yes,no
metakv,metakv_kvcache_202206_head_50k,128,10000,metakv_kvcache_202206_head_50k|cap=128|t=10000,7ad7251df8e39019,,,inf,yes,1,yes,no
metakv,metakv_kvcache_202206_head_50k,128,10000,metakv_kvcache_202206_head_50k|cap=128|t=10000,7ad7251df8e39019,,,inf,yes,2,yes,no
metakv,metakv_kvcache_202206_head_50k,128,10000,metakv_kvcache_202206_head_50k|cap=128|t=10000,7ad7251df8e39019,,,inf,yes,4,yes,no
metakv,metakv_kvcache_202206_head_50k,128,10000,metakv_kvcache_202206_head_50k|cap=128|t=10000,7ad7251df8e39019,,,inf,yes,8,yes,no
metakv,metakv_kvcache_202206_head_50k,128,10000,metakv_kvcache_202206_head_50k|cap=128|t=10000,7ad7251df8e39019,,,inf,yes,16,yes,no
metakv,metakv_kvcache_202206_head_50k,128,10000,metakv_kvcache_202206_head_50k|cap=128|t=10000,8f423ea8a580d404,,11519,1519,no,1,yes,no
metakv,metakv_kvcache_202206_head_50k,128,10000,metakv_kvcache_202206_head_50k|cap=128|t=10000,8f423ea8a580d404,,11519,1519,no,2,yes,no
metakv,metakv_kvcache_202206_head_50k,128,10000,metakv_kvcache_202206_head_50k|cap=128|t=10000,8f423ea8a580d404,,11519,1519,no,4,yes,no
metakv,metakv_kvcache_202206_head_50k,128,10000,metakv_kvcache_202206_head_50k|cap=128|t=10000,8f423ea8a580d404,,11519,1519,no,8,yes,no
metakv,metakv_kvcache_202206_head_50k,128,10000,metakv_kvcache_202206_head_50k|cap=128|t=10000,8f423ea8a580d404,,11519,1519,no,16,yes,no
metakv,metakv_kvcache_202206_head_50k,128,10000,metakv_kvcache_202206_head_50k|cap=128|t=10000,9ef34311b5e7ec65,,10417,417,no,1,yes,no
metakv,metakv_kvcache_202206_head_50k,128,10000,metakv_kvcache_202206_head_50k|cap=128|t=10000,9ef34311b5e7ec65,,10417,417,no,2,yes,no
metakv,metakv_kvcache_202206_head_50k,128,10000,metakv_kvcache_202206_head_50k|cap=128|t=10000,9ef34311b5e7ec65,,10417,417,no,4,yes,no
metakv,metakv_kvcache_202206_head_50k,128,10000,metakv_kvcache_202206_head_50k|cap=128|t=10000,9ef34311b5e7ec65,,10417,417,no,8,yes,no
metakv,metakv_kvcache_202206_head_50k,128,10000,metakv_kvcache_202206_head_50k|cap=128|t=10000,9ef34311b5e7ec65,,10417,417,no,16,yes,no
metakv,metakv_kvcache_202206_head_50k,128,10000,metakv_kvcache_202206_head_50k|cap=128|t=10000,4cb46e2a0e5a1a80,,17041,7041,no,1,yes,no
metakv,metakv_kvcache_202206_head_50k,128,10000,metakv_kvcache_202206_head_50k|cap=128|t=10000,4cb46e2a0e5a1a80,,17041,7041,no,2,yes,no
metakv,metakv_kvcache_202206_head_50k,128,10000,metakv_kvcache_202206_head_50k|cap=128|t=10000,4cb46e2a0e5a1a80,,17041,7041,no,4,yes,no
metakv,metakv_kvcache_202206_head_50k,128,10000,metakv_kvcache_202206_head_50k|cap=128|t=10000,4cb46e2a0e5a1a80,,17041,7041,no,8,yes,no
metakv,metakv_kvcache_202206_head_50k,128,10000,metakv_kvcache_202206_head_50k|cap=128|t=10000,4cb46e2a0e5a1a80,,17041,7041,no,16,yes,no
metakv,metakv_kvcache_202206_head_50k,128,10000,metakv_kvcache_202206_head_50k|cap=128|t=10000,904503b0a767dd57,,,inf,yes,1,yes,no
metakv,metakv_kvcache_202206_head_50k,128,10000,metakv_kvcache_202206_head_50k|cap=128|t=10000,904503b0a767dd57,,,inf,yes,2,yes,no
metakv,metakv_kvcache_202206_head_50k,128,10000,metakv_kvcache_202206_head_50k|cap=128|t=10000,904503b0a767dd57,,,inf,yes,4,yes,no
metakv,metakv_kvcache_202206_head_50k,128,10000,metakv_kvcache_202206_head_50k|cap=128|t=10000,904503b0a767dd57,,,inf,yes,8,yes,no
metakv,metakv_kvcache_202206_head_50k,128,10000,metakv_kvcache_202206_head_50k|cap=128|t=10000,904503b0a767dd57,,,inf,yes,16,yes,no
metakv,metakv_kvcache_202206_head_50k,128,10000,metakv_kvcache_202206_head_50k|cap=128|t=10000,c214da4d99b7f4b0,,33909,23909,no,1,yes,no
metakv,metakv_kvcache_202206_head_50k,128,10000,metakv_kvcache_202206_head_50k|cap=128|t=10000,c214da4d99b7f4b0,,33909,23909,no,2,yes,no
metakv,metakv_kvcache_202206_head_50k,128,10000,metakv_kvcache_202206_head_50k|cap=128|t=10000,c214da4d99b7f4b0,,33909,23909,no,4,yes,no
metakv,metakv_kvcache_202206_head_50k,128,10000,metakv_kvcache_202206_head_50k|cap=128|t=10000,c214da4d99b7f4b0,,33909,23909,no,8,yes,no
metakv,metakv_kvcache_202206_head_50k,128,10000,metakv_kvcache_202206_head_50k|cap=128|t=10000,c214da4d99b7f4b0,,33909,23909,no,16,yes,no
metakv,metakv_kvcache_202206_head_50k,128,10000,metakv_kvcache_202206_head_50k|cap=128|t=10000,4e6ffdda4a84712b,,,inf,yes,1,yes,no
metakv,metakv_kvcache_202206_head_50k,128,10000,metakv_kvcache_202206_head_50k|cap=128|t=10000,4e6ffdda4a84712b,,,inf,yes,2,yes,no
metakv,metakv_kvcache_202206_head_50k,128,10000,metakv_kvcache_202206_head_50k|cap=128|t=10000,4e6ffdda4a84712b,,,inf,yes,4,yes,no
metakv,metakv_kvcache_202206_head_50k,128,10000,metakv_kvcache_202206_head_50k|cap=128|t=10000,4e6ffdda4a84712b,,,inf,yes,8,yes,no
metakv,metakv_kvcache_202206_head_50k,128,10000,metakv_kvcache_202206_head_50k|cap=128|t=10000,4e6ffdda4a84712b,,,inf,yes,16,yes,no
metakv,metakv_kvcache_202206_head_50k,128,10000,metakv_kvcache_202206_head_50k|cap=128|t=10000,8111d5cdae27c263,,17749,7749,no,1,yes,no
metakv,metakv_kvcache_202206_head_50k,128,10000,metakv_kvcache_202206_head_50k|cap=128|t=10000,8111d5cdae27c263,,17749,7749,no,2,yes,no
metakv,metakv_kvcache_202206_head_50k,128,10000,metakv_kvcache_202206_head_50k|cap=128|t=10000,8111d5cdae27c263,,17749,7749,no,4,yes,no
metakv,metakv_kvcache_202206_head_50k,128,10000,metakv_kvcache_202206_head_50k|cap=128|t=10000,8111d5cdae27c263,,17749,7749,no,8,yes,no
metakv,metakv_kvcache_202206_head_50k,128,10000,metakv_kvcache_202206_head_50k|cap=128|t=10000,8111d5cdae27c263,,17749,7749,no,16,yes,no
metakv,metakv_kvcache_202206_head_50k,128,10000,metakv_kvcache_202206_head_50k|cap=128|t=10000,9af7a31e19676c40,,17060,7060,no,1,yes,no
metakv,metakv_kvcache_202206_head_50k,128,10000,metakv_kvcache_202206_head_50k|cap=128|t=10000,9af7a31e19676c40,,17060,7060,no,2,yes,no
metakv,metakv_kvcache_202206_head_50k,128,10000,metakv_kvcache_202206_head_50k|cap=128|t=10000,9af7a31e19676c40,,17060,7060,no,4,yes,no
metakv,metakv_kvcache_202206_head_50k,128,10000,metakv_kvcache_202206_head_50k|cap=128|t=10000,9af7a31e19676c40,,17060,7060,no,8,yes,no
metakv,metakv_kvcache_202206_head_50k,128,10000,metakv_kvcache_202206_head_50k|cap=128|t=10000,9af7a31e19676c40,,17060,7060,no,16,yes,no
metakv,metakv_kvcache_202206_head_50k,128,10000,metakv_kvcache_202206_head_50k|cap=128|t=10000,330127850904712b,,,inf,yes,1,yes,no
metakv,metakv_kvcache_202206_head_50k,128,10000,metakv_kvcache_202206_head_50k|cap=128|t=10000,330127850904712b,,,inf,yes,2,yes,no
metakv,metakv_kvcache_202206_head_50k,128,10000,metakv_kvcache_202206_head_50k|cap=128|t=10000,330127850904712b,,,inf,yes,4,yes,no
metakv,metakv_kvcache_202206_head_50k,128,10000,metakv_kvcache_202206_head_50k|cap=128|t=10000,330127850904712b,,,inf,yes,8,yes,no
metakv,metakv_kvcache_202206_head_50k,128,10000,metakv_kvcache_202206_head_50k|cap=128|t=10000,330127850904712b,,,inf,yes,16,yes,no
metakv,metakv_kvcache_202206_head_50k,128,10000,metakv_kvcache_202206_head_50k|cap=128|t=10000,419f26e58112642b,,10428,428,no,1,yes,no
metakv,metakv_kvcache_202206_head_50k,128,10000,metakv_kvcache_202206_head_50k|cap=128|t=10000,419f26e58112642b,,10428,428,no,2,yes,no
metakv,metakv_kvcache_202206_head_50k,128,10000,metakv_kvcache_202206_head_50k|cap=128|t=10000,419f26e58112642b,,10428,428,no,4,yes,no
metakv,metakv_kvcache_202206_head_50k,128,10000,metakv_kvcache_202206_head_50k|cap=128|t=10000,419f26e58112642b,,10428,428,no,8,yes,no
metakv,metakv_kvcache_202206_head_50k,128,10000,metakv_kvcache_202206_head_50k|cap=128|t=10000,419f26e58112642b,,10428,428,no,16,yes,no
metakv,metakv_kvcache_202206_head_50k,128,10000,metakv_kvcache_202206_head_50k|cap=128|t=10000,ac3a7f53c29efc08,,16369,6369,no,1,yes,no
metakv,metakv_kvcache_202206_head_50k,128,10000,metakv_kvcache_202206_head_50k|cap=128|t=10000,ac3a7f53c29efc08,,16369,6369,no,2,yes,no
metakv,metakv_kvcache_202206_head_50k,128,10000,metakv_kvcache_202206_head_50k|cap=128|t=10000,ac3a7f53c29efc08,,16369,6369,no,4,yes,no
metakv,metakv_kvcache_202206_head_50k,128,10000,metakv_kvcache_202206_head_50k|cap=128|t=10000,ac3a7f53c29efc08,,16369,6369,no,8,yes,no
metakv,metakv_kvcache_202206_head_50k,128,10000,metakv_kvcache_202206_head_50k|cap=128|t=10000,ac3a7f53c29efc08,,16369,6369,no,16,yes,no
metakv,metakv_kvcache_202206_head_50k,128,10000,metakv_kvcache_202206_head_50k|cap=128|t=10000,1a834810d92c592d,,,inf,yes,1,yes,no
metakv,metakv_kvcache_202206_head_50k,128,10000,metakv_kvcache_202206_head_50k|cap=128|t=10000,1a834810d92c592d,,,inf,yes,2,yes,no
metakv,metakv_kvcache_202206_head_50k,128,10000,metakv_kvcache_202206_head_50k|cap=128|t=10000,1a834810d92c592d,,,inf,yes,4,yes,no
metakv,metakv_kvcache_202206_head_50k,128,10000,metakv_kvcache_202206_head_50k|cap=128|t=10000,1a834810d92c592d,,,inf,yes,8,yes,no
metakv,metakv_kvcache_202206_head_50k,128,10000,metakv_kvcache_202206_head_50k|cap=128|t=10000,1a834810d92c592d,,,inf,yes,16,yes,no
metakv,metakv_kvcache_202206_head_50k,128,10000,metakv_kvcache_202206_head_50k|cap=128|t=10000,9f1746c4569ffcb0,,,inf,yes,1,yes,no
metakv,metakv_kvcache_202206_head_50k,128,10000,metakv_kvcache_202206_head_50k|cap=128|t=10000,9f1746c4569ffcb0,,,inf,yes,2,yes,no
metakv,metakv_kvcache_202206_head_50k,128,10000,metakv_kvcache_202206_head_50k|cap=128|t=10000,9f1746c4569ffcb0,,,inf,yes,4,yes,no
metakv,metakv_kvcache_202206_head_50k,128,10000,metakv_kvcache_202206_head_50k|cap=128|t=10000,9f1746c4569ffcb0,,,inf,yes,8,yes,no
metakv,metakv_kvcache_202206_head_50k,128,10000,metakv_kvcache_202206_head_50k|cap=128|t=10000,9f1746c4569ffcb0,,,inf,yes,16,yes,no
metakv,metakv_kvcache_202206_head_50k,128,10000,metakv_kvcache_202206_head_50k|cap=128|t=10000,06b5b49ad9d318dc,,,inf,yes,1,yes,no
metakv,metakv_kvcache_202206_head_50k,128,10000,metakv_kvcache_202206_head_50k|cap=128|t=10000,06b5b49ad9d318dc,,,inf,yes,2,yes,no
metakv,metakv_kvcache_202206_head_50k,128,10000,metakv_kvcache_202206_head_50k|cap=128|t=10000,06b5b49ad9d318dc,,,inf,yes,4,yes,no
metakv,metakv_kvcache_202206_head_50k,128,10000,metakv_kvcache_202206_head_50k|cap=128|t=10000,06b5b49ad9d318dc,,,inf,yes,8,yes,no
metakv,metakv_kvcache_202206_head_50k,128,10000,metakv_kvcache_202206_head_50k|cap=128|t=10000,06b5b49ad9d318dc,,,inf,yes,16,yes,no
metakv,metakv_kvcache_202206_head_50k,128,10000,metakv_kvcache_202206_head_50k|cap=128|t=10000,07fe953f5328ef16,,21858,11858,no,1,yes,no
metakv,metakv_kvcache_202206_head_50k,128,10000,metakv_kvcache_202206_head_50k|cap=128|t=10000,07fe953f5328ef16,,21858,11858,no,2,yes,no
metakv,metakv_kvcache_202206_head_50k,128,10000,metakv_kvcache_202206_head_50k|cap=128|t=10000,07fe953f5328ef16,,21858,11858,no,4,yes,no
metakv,metakv_kvcache_202206_head_50k,128,10000,metakv_kvcache_202206_head_50k|cap=128|t=10000,07fe953f5328ef16,,21858,11858,no,8,yes,no
metakv,metakv_kvcache_202206_head_50k,128,10000,metakv_kvcache_202206_head_50k|cap=128|t=10000,07fe953f5328ef16,,21858,11858,no,16,yes,no
metakv,metakv_kvcache_202206_head_50k,128,10000,metakv_kvcache_202206_head_50k|cap=128|t=10000,bfa43ad6d700576d,,10440,440,no,1,yes,no
metakv,metakv_kvcache_202206_head_50k,128,10000,metakv_kvcache_202206_head_50k|cap=128|t=10000,bfa43ad6d700576d,,10440,440,no,2,yes,no
metakv,metakv_kvcache_202206_head_50k,128,10000,metakv_kvcache_202206_head_50k|cap=128|t=10000,bfa43ad6d700576d,,10440,440,no,4,yes,no
metakv,metakv_kvcache_202206_head_50k,128,10000,metakv_kvcache_202206_head_50k|cap=128|t=10000,bfa43ad6d700576d,,10440,440,no,8,yes,no
metakv,metakv_kvcache_202206_head_50k,128,10000,metakv_kvcache_202206_head_50k|cap=128|t=10000,bfa43ad6d700576d,,10440,440,no,16,yes,no
metakv,metakv_kvcache_202206_head_50k,128,10000,metakv_kvcache_202206_head_50k|cap=128|t=10000,95d726828303e7e4,,,inf,yes,1,yes,no
metakv,metakv_kvcache_202206_head_50k,128,10000,metakv_kvcache_202206_head_50k|cap=128|t=10000,95d726828303e7e4,,,inf,yes,2,yes,no
metakv,metakv_kvcache_202206_head_50k,128,10000,metakv_kvcache_202206_head_50k|cap=128|t=10000,95d726828303e7e4,,,inf,yes,4,yes,no
metakv,metakv_kvcache_202206_head_50k,128,10000,metakv_kvcache_202206_head_50k|cap=128|t=10000,95d726828303e7e4,,,inf,yes,8,yes,no
metakv,metakv_kvcache_202206_head_50k,128,10000,metakv_kvcache_202206_head_50k|cap=128|t=10000,95d726828303e7e4,,,inf,yes,16,yes,no
metakv,metakv_kvcache_202206_head_50k,128,10000,metakv_kvcache_202206_head_50k|cap=128|t=10000,9fffd4750b0dc97f,,,inf,yes,1,yes,no
metakv,metakv_kvcache_202206_head_50k,128,10000,metakv_kvcache_202206_head_50k|cap=128|t=10000,9fffd4750b0dc97f,,,inf,yes,2,yes,no
metakv,metakv_kvcache_202206_head_50k,128,10000,metakv_kvcache_202206_head_50k|cap=128|t=10000,9fffd4750b0dc97f,,,inf,yes,4,yes,no
metakv,metakv_kvcache_202206_head_50k,128,10000,metakv_kvcache_202206_head_50k|cap=128|t=10000,9fffd4750b0dc97f,,,inf,yes,8,yes,no
metakv,metakv_kvcache_202206_head_50k,128,10000,metakv_kvcache_202206_head_50k|cap=128|t=10000,9fffd4750b0dc97f,,,inf,yes,16,yes,no
metakv,metakv_kvcache_202206_head_50k,128,10000,metakv_kvcache_202206_head_50k|cap=128|t=10000,51862479037c0fbe,,,inf,yes,1,yes,no
metakv,metakv_kvcache_202206_head_50k,128,10000,metakv_kvcache_202206_head_50k|cap=128|t=10000,51862479037c0fbe,,,inf,yes,2,yes,no
metakv,metakv_kvcache_202206_head_50k,128,10000,metakv_kvcache_202206_head_50k|cap=128|t=10000,51862479037c0fbe,,,inf,yes,4,yes,no
metakv,metakv_kvcache_202206_head_50k,128,10000,metakv_kvcache_202206_head_50k|cap=128|t=10000,51862479037c0fbe,,,inf,yes,8,yes,no
metakv,metakv_kvcache_202206_head_50k,128,10000,metakv_kvcache_202206_head_50k|cap=128|t=10000,51862479037c0fbe,,,inf,yes,16,yes,no
metakv,metakv_kvcache_202206_head_50k,128,10000,metakv_kvcache_202206_head_50k|cap=128|t=10000,ee73fcbbc2b5f574,,15617,5617,no,1,yes,no
metakv,metakv_kvcache_202206_head_50k,128,10000,metakv_kvcache_202206_head_50k|cap=128|t=10000,ee73fcbbc2b5f574,,15617,5617,no,2,yes,no
metakv,metakv_kvcache_202206_head_50k,128,10000,metakv_kvcache_202206_head_50k|cap=128|t=10000,ee73fcbbc2b5f574,,15617,5617,no,4,yes,no
metakv,metakv_kvcache_202206_head_50k,128,10000,metakv_kvcache_202206_head_50k|cap=128|t=10000,ee73fcbbc2b5f574,,15617,5617,no,8,yes,no
metakv,metakv_kvcache_202206_head_50k,128,10000,metakv_kvcache_202206_head_50k|cap=128|t=10000,ee73fcbbc2b5f574,,15617,5617,no,16,yes,no
metakv,metakv_kvcache_202206_head_50k,128,10000,metakv_kvcache_202206_head_50k|cap=128|t=10000,4899d138a8fbb3aa,,21862,11862,no,1,yes,no
metakv,metakv_kvcache_202206_head_50k,128,10000,metakv_kvcache_202206_head_50k|cap=128|t=10000,4899d138a8fbb3aa,,21862,11862,no,2,yes,no
metakv,metakv_kvcache_202206_head_50k,128,10000,metakv_kvcache_202206_head_50k|cap=128|t=10000,4899d138a8fbb3aa,,21862,11862,no,4,yes,no
metakv,metakv_kvcache_202206_head_50k,128,10000,metakv_kvcache_202206_head_50k|cap=128|t=10000,4899d138a8fbb3aa,,21862,11862,no,8,yes,no
metakv,metakv_kvcache_202206_head_50k,128,10000,metakv_kvcache_202206_head_50k|cap=128|t=10000,4899d138a8fbb3aa,,21862,11862,no,16,yes,no
metakv,metakv_kvcache_202206_head_50k,128,10000,metakv_kvcache_202206_head_50k|cap=128|t=10000,8e3ce40f131fa50a,,24291,14291,no,1,yes,no
metakv,metakv_kvcache_202206_head_50k,128,10000,metakv_kvcache_202206_head_50k|cap=128|t=10000,8e3ce40f131fa50a,,24291,14291,no,2,yes,no
metakv,metakv_kvcache_202206_head_50k,128,10000,metakv_kvcache_202206_head_50k|cap=128|t=10000,8e3ce40f131fa50a,,24291,14291,no,4,yes,no
metakv,metakv_kvcache_202206_head_50k,128,10000,metakv_kvcache_202206_head_50k|cap=128|t=10000,8e3ce40f131fa50a,,24291,14291,no,8,yes,no
metakv,metakv_kvcache_202206_head_50k,128,10000,metakv_kvcache_202206_head_50k|cap=128|t=10000,8e3ce40f131fa50a,,24291,14291,no,16,yes,no
metakv,metakv_kvcache_202206_head_50k,128,10000,metakv_kvcache_202206_head_50k|cap=128|t=10000,d1a4b7915fd0e886,,,inf,yes,1,yes,no
metakv,metakv_kvcache_202206_head_50k,128,10000,metakv_kvcache_202206_head_50k|cap=128|t=10000,d1a4b7915fd0e886,,,inf,yes,2,yes,no
metakv,metakv_kvcache_202206_head_50k,128,10000,metakv_kvcache_202206_head_50k|cap=128|t=10000,d1a4b7915fd0e886,,,inf,yes,4,yes,no
metakv,metakv_kvcache_202206_head_50k,128,10000,metakv_kvcache_202206_head_50k|cap=128|t=10000,d1a4b7915fd0e886,,,inf,yes,8,yes,no
metakv,metakv_kvcache_202206_head_50k,128,10000,metakv_kvcache_202206_head_50k|cap=128|t=10000,d1a4b7915fd0e886,,,inf,yes,16,yes,no
metakv,metakv_kvcache_202206_head_50k,128,10000,metakv_kvcache_202206_head_50k|cap=128|t=10000,8b1e55e271f1b629,,,inf,yes,1,yes,no
metakv,metakv_kvcache_202206_head_50k,128,10000,metakv_kvcache_202206_head_50k|cap=128|t=10000,8b1e55e271f1b629,,,inf,yes,2,yes,no
metakv,metakv_kvcache_202206_head_50k,128,10000,metakv_kvcache_202206_head_50k|cap=128|t=10000,8b1e55e271f1b629,,,inf,yes,4,yes,no
metakv,metakv_kvcache_202206_head_50k,128,10000,metakv_kvcache_202206_head_50k|cap=128|t=10000,8b1e55e271f1b629,,,inf,yes,8,yes,no
metakv,metakv_kvcache_202206_head_50k,128,10000,metakv_kvcache_202206_head_50k|cap=128|t=10000,8b1e55e271f1b629,,,inf,yes,16,yes,no
metakv,metakv_kvcache_202206_head_50k,128,10000,metakv_kvcache_202206_head_50k|cap=128|t=10000,f4504779d51f86ed,,,inf,yes,1,yes,no
metakv,metakv_kvcache_202206_head_50k,128,10000,metakv_kvcache_202206_head_50k|cap=128|t=10000,f4504779d51f86ed,,,inf,yes,2,yes,no
metakv,metakv_kvcache_202206_head_50k,128,10000,metakv_kvcache_202206_head_50k|cap=128|t=10000,f4504779d51f86ed,,,inf,yes,4,yes,no
metakv,metakv_kvcache_202206_head_50k,128,10000,metakv_kvcache_202206_head_50k|cap=128|t=10000,f4504779d51f86ed,,,inf,yes,8,yes,no
metakv,metakv_kvcache_202206_head_50k,128,10000,metakv_kvcache_202206_head_50k|cap=128|t=10000,f4504779d51f86ed,,,inf,yes,16,yes,no
metakv,metakv_kvcache_202206_head_50k,128,10000,metakv_kvcache_202206_head_50k|cap=128|t=10000,a80761af87289aca,,10456,456,no,1,yes,no
metakv,metakv_kvcache_202206_head_50k,128,10000,metakv_kvcache_202206_head_50k|cap=128|t=10000,a80761af87289aca,,10456,456,no,2,yes,no
metakv,metakv_kvcache_202206_head_50k,128,10000,metakv_kvcache_202206_head_50k|cap=128|t=10000,a80761af87289aca,,10456,456,no,4,yes,no
metakv,metakv_kvcache_202206_head_50k,128,10000,metakv_kvcache_202206_head_50k|cap=128|t=10000,a80761af87289aca,,10456,456,no,8,yes,no
metakv,metakv_kvcache_202206_head_50k,128,10000,metakv_kvcache_202206_head_50k|cap=128|t=10000,a80761af87289aca,,10456,456,no,16,yes,no
twemcache,twemcache_cluster26_sample100_50k,32,10001,twemcache_cluster26_sample100_50k|cap=32|t=10001,b28736e4a61217d9,,26379,16378,no,1,yes,no
twemcache,twemcache_cluster26_sample100_50k,32,10001,twemcache_cluster26_sample100_50k|cap=32|t=10001,b28736e4a61217d9,,26379,16378,no,2,yes,no
twemcache,twemcache_cluster26_sample100_50k,32,10001,twemcache_cluster26_sample100_50k|cap=32|t=10001,b28736e4a61217d9,,26379,16378,no,4,yes,no
twemcache,twemcache_cluster26_sample100_50k,32,10001,twemcache_cluster26_sample100_50k|cap=32|t=10001,b28736e4a61217d9,,26379,16378,no,8,yes,no
twemcache,twemcache_cluster26_sample100_50k,32,10001,twemcache_cluster26_sample100_50k|cap=32|t=10001,b28736e4a61217d9,,26379,16378,no,16,yes,no
twemcache,twemcache_cluster26_sample100_50k,32,10001,twemcache_cluster26_sample100_50k|cap=32|t=10001,34e21a522f9e12db,,,inf,yes,1,yes,no
twemcache,twemcache_cluster26_sample100_50k,32,10001,twemcache_cluster26_sample100_50k|cap=32|t=10001,34e21a522f9e12db,,,inf,yes,2,yes,no
twemcache,twemcache_cluster26_sample100_50k,32,10001,twemcache_cluster26_sample100_50k|cap=32|t=10001,34e21a522f9e12db,,,inf,yes,4,yes,no
twemcache,twemcache_cluster26_sample100_50k,32,10001,twemcache_cluster26_sample100_50k|cap=32|t=10001,34e21a522f9e12db,,,inf,yes,8,yes,no
twemcache,twemcache_cluster26_sample100_50k,32,10001,twemcache_cluster26_sample100_50k|cap=32|t=10001,34e21a522f9e12db,,,inf,yes,16,yes,no
twemcache,twemcache_cluster26_sample100_50k,32,10001,twemcache_cluster26_sample100_50k|cap=32|t=10001,4cb927dd60afe0f9,,26168,16167,no,1,yes,no
twemcache,twemcache_cluster26_sample100_50k,32,10001,twemcache_cluster26_sample100_50k|cap=32|t=10001,4cb927dd60afe0f9,,26168,16167,no,2,yes,no
twemcache,twemcache_cluster26_sample100_50k,32,10001,twemcache_cluster26_sample100_50k|cap=32|t=10001,4cb927dd60afe0f9,,26168,16167,no,4,yes,no
twemcache,twemcache_cluster26_sample100_50k,32,10001,twemcache_cluster26_sample100_50k|cap=32|t=10001,4cb927dd60afe0f9,,26168,16167,no,8,yes,no
twemcache,twemcache_cluster26_sample100_50k,32,10001,twemcache_cluster26_sample100_50k|cap=32|t=10001,4cb927dd60afe0f9,,26168,16167,no,16,yes,no
twemcache,twemcache_cluster26_sample100_50k,32,10001,twemcache_cluster26_sample100_50k|cap=32|t=10001,d50520c05c5dabba,,26366,16365,no,1,yes,no
twemcache,twemcache_cluster26_sample100_50k,32,10001,twemcache_cluster26_sample100_50k|cap=32|t=10001,d50520c05c5dabba,,26366,16365,no,2,yes,no
twemcache,twemcache_cluster26_sample100_50k,32,10001,twemcache_cluster26_sample100_50k|cap=32|t=10001,d50520c05c5dabba,,26366,16365,no,4,yes,no
twemcache,twemcache_cluster26_sample100_50k,32,10001,twemcache_cluster26_sample100_50k|cap=32|t=10001,d50520c05c5dabba,,26366,16365,no,8,yes,no
twemcache,twemcache_cluster26_sample100_50k,32,10001,twemcache_cluster26_sample100_50k|cap=32|t=10001,d50520c05c5dabba,,26366,16365,no,16,yes,no
twemcache,twemcache_cluster26_sample100_50k,32,10001,twemcache_cluster26_sample100_50k|cap=32|t=10001,153b65f05bb23cab,,26395,16394,no,1,yes,no
twemcache,twemcache_cluster26_sample100_50k,32,10001,twemcache_cluster26_sample100_50k|cap=32|t=10001,153b65f05bb23cab,,26395,16394,no,2,yes,no
twemcache,twemcache_cluster26_sample100_50k,32,10001,twemcache_cluster26_sample100_50k|cap=32|t=10001,153b65f05bb23cab,,26395,16394,no,4,yes,no
twemcache,twemcache_cluster26_sample100_50k,32,10001,twemcache_cluster26_sample100_50k|cap=32|t=10001,153b65f05bb23cab,,26395,16394,no,8,yes,no
twemcache,twemcache_cluster26_sample100_50k,32,10001,twemcache_cluster26_sample100_50k|cap=32|t=10001,153b65f05bb23cab,,26395,16394,no,16,yes,no
twemcache,twemcache_cluster26_sample100_50k,32,10001,twemcache_cluster26_sample100_50k|cap=32|t=10001,351daeb48c693b49,,13140,3139,no,1,yes,no
twemcache,twemcache_cluster26_sample100_50k,32,10001,twemcache_cluster26_sample100_50k|cap=32|t=10001,351daeb48c693b49,,13140,3139,no,2,yes,no
twemcache,twemcache_cluster26_sample100_50k,32,10001,twemcache_cluster26_sample100_50k|cap=32|t=10001,351daeb48c693b49,,13140,3139,no,4,yes,no
twemcache,twemcache_cluster26_sample100_50k,32,10001,twemcache_cluster26_sample100_50k|cap=32|t=10001,351daeb48c693b49,,13140,3139,no,8,yes,no
twemcache,twemcache_cluster26_sample100_50k,32,10001,twemcache_cluster26_sample100_50k|cap=32|t=10001,351daeb48c693b49,,13140,3139,no,16,yes,no
twemcache,twemcache_cluster26_sample100_50k,32,10001,twemcache_cluster26_sample100_50k|cap=32|t=10001,8672adbfe341113f,,26350,16349,no,1,yes,no
twemcache,twemcache_cluster26_sample100_50k,32,10001,twemcache_cluster26_sample100_50k|cap=32|t=10001,8672adbfe341113f,,26350,16349,no,2,yes,no
twemcache,twemcache_cluster26_sample100_50k,32,10001,twemcache_cluster26_sample100_50k|cap=32|t=10001,8672adbfe341113f,,26350,16349,no,4,yes,no
twemcache,twemcache_cluster26_sample100_50k,32,10001,twemcache_cluster26_sample100_50k|cap=32|t=10001,8672adbfe341113f,,26350,16349,no,8,yes,no
twemcache,twemcache_cluster26_sample100_50k,32,10001,twemcache_cluster26_sample100_50k|cap=32|t=10001,8672adbfe341113f,,26350,16349,no,16,yes,no
twemcache,twemcache_cluster26_sample100_50k,32,10001,twemcache_cluster26_sample100_50k|cap=32|t=10001,b8ba767ae08e83ca,,26396,16395,no,1,yes,no
twemcache,twemcache_cluster26_sample100_50k,32,10001,twemcache_cluster26_sample100_50k|cap=32|t=10001,b8ba767ae08e83ca,,26396,16395,no,2,yes,no
twemcache,twemcache_cluster26_sample100_50k,32,10001,twemcache_cluster26_sample100_50k|cap=32|t=10001,b8ba767ae08e83ca,,26396,16395,no,4,yes,no
twemcache,twemcache_cluster26_sample100_50k,32,10001,twemcache_cluster26_sample100_50k|cap=32|t=10001,b8ba767ae08e83ca,,26396,16395,no,8,yes,no
twemcache,twemcache_cluster26_sample100_50k,32,10001,twemcache_cluster26_sample100_50k|cap=32|t=10001,b8ba767ae08e83ca,,26396,16395,no,16,yes,no
twemcache,twemcache_cluster26_sample100_50k,32,10001,twemcache_cluster26_sample100_50k|cap=32|t=10001,c98855ec1ec489bb,,,inf,yes,1,yes,no
twemcache,twemcache_cluster26_sample100_50k,32,10001,twemcache_cluster26_sample100_50k|cap=32|t=10001,c98855ec1ec489bb,,,inf,yes,2,yes,no
twemcache,twemcache_cluster26_sample100_50k,32,10001,twemcache_cluster26_sample100_50k|cap=32|t=10001,c98855ec1ec489bb,,,inf,yes,4,yes,no
twemcache,twemcache_cluster26_sample100_50k,32,10001,twemcache_cluster26_sample100_50k|cap=32|t=10001,c98855ec1ec489bb,,,inf,yes,8,yes,no
twemcache,twemcache_cluster26_sample100_50k,32,10001,twemcache_cluster26_sample100_50k|cap=32|t=10001,c98855ec1ec489bb,,,inf,yes,16,yes,no
twemcache,twemcache_cluster26_sample100_50k,32,10001,twemcache_cluster26_sample100_50k|cap=32|t=10001,d7607d934af2b489,,10835,834,no,1,yes,no
twemcache,twemcache_cluster26_sample100_50k,32,10001,twemcache_cluster26_sample100_50k|cap=32|t=10001,d7607d934af2b489,,10835,834,no,2,yes,no
twemcache,twemcache_cluster26_sample100_50k,32,10001,twemcache_cluster26_sample100_50k|cap=32|t=10001,d7607d934af2b489,,10835,834,no,4,yes,no
twemcache,twemcache_cluster26_sample100_50k,32,10001,twemcache_cluster26_sample100_50k|cap=32|t=10001,d7607d934af2b489,,10835,834,no,8,yes,no
twemcache,twemcache_cluster26_sample100_50k,32,10001,twemcache_cluster26_sample100_50k|cap=32|t=10001,d7607d934af2b489,,10835,834,no,16,yes,no
twemcache,twemcache_cluster26_sample100_50k,32,10001,twemcache_cluster26_sample100_50k|cap=32|t=10001,37580d89a069d739,,26370,16369,no,1,yes,no
twemcache,twemcache_cluster26_sample100_50k,32,10001,twemcache_cluster26_sample100_50k|cap=32|t=10001,37580d89a069d739,,26370,16369,no,2,yes,no
twemcache,twemcache_cluster26_sample100_50k,32,10001,twemcache_cluster26_sample100_50k|cap=32|t=10001,37580d89a069d739,,26370,16369,no,4,yes,no
twemcache,twemcache_cluster26_sample100_50k,32,10001,twemcache_cluster26_sample100_50k|cap=32|t=10001,37580d89a069d739,,26370,16369,no,8,yes,no
twemcache,twemcache_cluster26_sample100_50k,32,10001,twemcache_cluster26_sample100_50k|cap=32|t=10001,37580d89a069d739,,26370,16369,no,16,yes,no
twemcache,twemcache_cluster26_sample100_50k,32,10001,twemcache_cluster26_sample100_50k|cap=32|t=10001,27f27da38ada8fae,,10457,456,no,1,yes,no
twemcache,twemcache_cluster26_sample100_50k,32,10001,twemcache_cluster26_sample100_50k|cap=32|t=10001,27f27da38ada8fae,,10457,456,no,2,yes,no
twemcache,twemcache_cluster26_sample100_50k,32,10001,twemcache_cluster26_sample100_50k|cap=32|t=10001,27f27da38ada8fae,,10457,456,no,4,yes,no
twemcache,twemcache_cluster26_sample100_50k,32,10001,twemcache_cluster26_sample100_50k|cap=32|t=10001,27f27da38ada8fae,,10457,456,no,8,yes,no
twemcache,twemcache_cluster26_sample100_50k,32,10001,twemcache_cluster26_sample100_50k|cap=32|t=10001,27f27da38ada8fae,,10457,456,no,16,yes,no
twemcache,twemcache_cluster26_sample100_50k,32,10001,twemcache_cluster26_sample100_50k|cap=32|t=10001,6a34bc815054c7d5,,10383,382,no,1,yes,no
twemcache,twemcache_cluster26_sample100_50k,32,10001,twemcache_cluster26_sample100_50k|cap=32|t=10001,6a34bc815054c7d5,,10383,382,no,2,yes,no
twemcache,twemcache_cluster26_sample100_50k,32,10001,twemcache_cluster26_sample100_50k|cap=32|t=10001,6a34bc815054c7d5,,10383,382,no,4,yes,no
twemcache,twemcache_cluster26_sample100_50k,32,10001,twemcache_cluster26_sample100_50k|cap=32|t=10001,6a34bc815054c7d5,,10383,382,no,8,yes,no
twemcache,twemcache_cluster26_sample100_50k,32,10001,twemcache_cluster26_sample100_50k|cap=32|t=10001,6a34bc815054c7d5,,10383,382,no,16,yes,no
twemcache,twemcache_cluster26_sample100_50k,32,10001,twemcache_cluster26_sample100_50k|cap=32|t=10001,458edd6a283f4311,,10382,381,no,1,yes,no
twemcache,twemcache_cluster26_sample100_50k,32,10001,twemcache_cluster26_sample100_50k|cap=32|t=10001,458edd6a283f4311,,10382,381,no,2,yes,no
twemcache,twemcache_cluster26_sample100_50k,32,10001,twemcache_cluster26_sample100_50k|cap=32|t=10001,458edd6a283f4311,,10382,381,no,4,yes,no
twemcache,twemcache_cluster26_sample100_50k,32,10001,twemcache_cluster26_sample100_50k|cap=32|t=10001,458edd6a283f4311,,10382,381,no,8,yes,no
twemcache,twemcache_cluster26_sample100_50k,32,10001,twemcache_cluster26_sample100_50k|cap=32|t=10001,458edd6a283f4311,,10382,381,no,16,yes,no
twemcache,twemcache_cluster26_sample100_50k,32,10001,twemcache_cluster26_sample100_50k|cap=32|t=10001,a377b853a4f6c0b8,,11658,1657,no,1,yes,no
twemcache,twemcache_cluster26_sample100_50k,32,10001,twemcache_cluster26_sample100_50k|cap=32|t=10001,a377b853a4f6c0b8,,11658,1657,no,2,yes,no
twemcache,twemcache_cluster26_sample100_50k,32,10001,twemcache_cluster26_sample100_50k|cap=32|t=10001,a377b853a4f6c0b8,,11658,1657,no,4,yes,no
twemcache,twemcache_cluster26_sample100_50k,32,10001,twemcache_cluster26_sample100_50k|cap=32|t=10001,a377b853a4f6c0b8,,11658,1657,no,8,yes,no
twemcache,twemcache_cluster26_sample100_50k,32,10001,twemcache_cluster26_sample100_50k|cap=32|t=10001,a377b853a4f6c0b8,,11658,1657,no,16,yes,no
twemcache,twemcache_cluster26_sample100_50k,32,10001,twemcache_cluster26_sample100_50k|cap=32|t=10001,46fa8e5e89655570,,11659,1658,no,1,yes,no
twemcache,twemcache_cluster26_sample100_50k,32,10001,twemcache_cluster26_sample100_50k|cap=32|t=10001,46fa8e5e89655570,,11659,1658,no,2,yes,no
twemcache,twemcache_cluster26_sample100_50k,32,10001,twemcache_cluster26_sample100_50k|cap=32|t=10001,46fa8e5e89655570,,11659,1658,no,4,yes,no
twemcache,twemcache_cluster26_sample100_50k,32,10001,twemcache_cluster26_sample100_50k|cap=32|t=10001,46fa8e5e89655570,,11659,1658,no,8,yes,no
twemcache,twemcache_cluster26_sample100_50k,32,10001,twemcache_cluster26_sample100_50k|cap=32|t=10001,46fa8e5e89655570,,11659,1658,no,16,yes,no
twemcache,twemcache_cluster26_sample100_50k,32,10001,twemcache_cluster26_sample100_50k|cap=32|t=10001,ab5f62fea76c30ba,,26442,16441,no,1,yes,no
twemcache,twemcache_cluster26_sample100_50k,32,10001,twemcache_cluster26_sample100_50k|cap=32|t=10001,ab5f62fea76c30ba,,26442,16441,no,2,yes,no
twemcache,twemcache_cluster26_sample100_50k,32,10001,twemcache_cluster26_sample100_50k|cap=32|t=10001,ab5f62fea76c30ba,,26442,16441,no,4,yes,no
twemcache,twemcache_cluster26_sample100_50k,32,10001,twemcache_cluster26_sample100_50k|cap=32|t=10001,ab5f62fea76c30ba,,26442,16441,no,8,yes,no
twemcache,twemcache_cluster26_sample100_50k,32,10001,twemcache_cluster26_sample100_50k|cap=32|t=10001,ab5f62fea76c30ba,,26442,16441,no,16,yes,no
twemcache,twemcache_cluster26_sample100_50k,32,10001,twemcache_cluster26_sample100_50k|cap=32|t=10001,dbe3da2450044109,,26497,16496,no,1,yes,no
twemcache,twemcache_cluster26_sample100_50k,32,10001,twemcache_cluster26_sample100_50k|cap=32|t=10001,dbe3da2450044109,,26497,16496,no,2,yes,no
twemcache,twemcache_cluster26_sample100_50k,32,10001,twemcache_cluster26_sample100_50k|cap=32|t=10001,dbe3da2450044109,,26497,16496,no,4,yes,no
twemcache,twemcache_cluster26_sample100_50k,32,10001,twemcache_cluster26_sample100_50k|cap=32|t=10001,dbe3da2450044109,,26497,16496,no,8,yes,no
twemcache,twemcache_cluster26_sample100_50k,32,10001,twemcache_cluster26_sample100_50k|cap=32|t=10001,dbe3da2450044109,,26497,16496,no,16,yes,no
twemcache,twemcache_cluster26_sample100_50k,32,10001,twemcache_cluster26_sample100_50k|cap=32|t=10001,e04137ed76390cec,,10040,39,no,1,yes,no
twemcache,twemcache_cluster26_sample100_50k,32,10001,twemcache_cluster26_sample100_50k|cap=32|t=10001,e04137ed76390cec,,10040,39,no,2,yes,no
twemcache,twemcache_cluster26_sample100_50k,32,10001,twemcache_cluster26_sample100_50k|cap=32|t=10001,e04137ed76390cec,,10040,39,no,4,yes,no
twemcache,twemcache_cluster26_sample100_50k,32,10001,twemcache_cluster26_sample100_50k|cap=32|t=10001,e04137ed76390cec,,10040,39,no,8,yes,no
twemcache,twemcache_cluster26_sample100_50k,32,10001,twemcache_cluster26_sample100_50k|cap=32|t=10001,e04137ed76390cec,,10040,39,no,16,yes,no
twemcache,twemcache_cluster26_sample100_50k,32,10001,twemcache_cluster26_sample100_50k|cap=32|t=10001,a4d77eeeaf518496,,10368,367,no,1,yes,no
twemcache,twemcache_cluster26_sample100_50k,32,10001,twemcache_cluster26_sample100_50k|cap=32|t=10001,a4d77eeeaf518496,,10368,367,no,2,yes,no
twemcache,twemcache_cluster26_sample100_50k,32,10001,twemcache_cluster26_sample100_50k|cap=32|t=10001,a4d77eeeaf518496,,10368,367,no,4,yes,no
twemcache,twemcache_cluster26_sample100_50k,32,10001,twemcache_cluster26_sample100_50k|cap=32|t=10001,a4d77eeeaf518496,,10368,367,no,8,yes,no
twemcache,twemcache_cluster26_sample100_50k,32,10001,twemcache_cluster26_sample100_50k|cap=32|t=10001,a4d77eeeaf518496,,10368,367,no,16,yes,no
twemcache,twemcache_cluster26_sample100_50k,32,10001,twemcache_cluster26_sample100_50k|cap=32|t=10001,a9af1c8d3f41b0b0,,26409,16408,no,1,yes,no
twemcache,twemcache_cluster26_sample100_50k,32,10001,twemcache_cluster26_sample100_50k|cap=32|t=10001,a9af1c8d3f41b0b0,,26409,16408,no,2,yes,no
twemcache,twemcache_cluster26_sample100_50k,32,10001,twemcache_cluster26_sample100_50k|cap=32|t=10001,a9af1c8d3f41b0b0,,26409,16408,no,4,yes,no
twemcache,twemcache_cluster26_sample100_50k,32,10001,twemcache_cluster26_sample100_50k|cap=32|t=10001,a9af1c8d3f41b0b0,,26409,16408,no,8,yes,no
twemcache,twemcache_cluster26_sample100_50k,32,10001,twemcache_cluster26_sample100_50k|cap=32|t=10001,a9af1c8d3f41b0b0,,26409,16408,no,16,yes,no
twemcache,twemcache_cluster26_sample100_50k,32,10001,twemcache_cluster26_sample100_50k|cap=32|t=10001,5ee20cc1305cd44b,,,inf,yes,1,yes,no
twemcache,twemcache_cluster26_sample100_50k,32,10001,twemcache_cluster26_sample100_50k|cap=32|t=10001,5ee20cc1305cd44b,,,inf,yes,2,yes,no
twemcache,twemcache_cluster26_sample100_50k,32,10001,twemcache_cluster26_sample100_50k|cap=32|t=10001,5ee20cc1305cd44b,,,inf,yes,4,yes,no
twemcache,twemcache_cluster26_sample100_50k,32,10001,twemcache_cluster26_sample100_50k|cap=32|t=10001,5ee20cc1305cd44b,,,inf,yes,8,yes,no
twemcache,twemcache_cluster26_sample100_50k,32,10001,twemcache_cluster26_sample100_50k|cap=32|t=10001,5ee20cc1305cd44b,,,inf,yes,16,yes,no
twemcache,twemcache_cluster26_sample100_50k,32,10001,twemcache_cluster26_sample100_50k|cap=32|t=10001,a1092154f79ff930,,10730,729,no,1,yes,no
twemcache,twemcache_cluster26_sample100_50k,32,10001,twemcache_cluster26_sample100_50k|cap=32|t=10001,a1092154f79ff930,,10730,729,no,2,yes,no
twemcache,twemcache_cluster26_sample100_50k,32,10001,twemcache_cluster26_sample100_50k|cap=32|t=10001,a1092154f79ff930,,10730,729,no,4,yes,no
twemcache,twemcache_cluster26_sample100_50k,32,10001,twemcache_cluster26_sample100_50k|cap=32|t=10001,a1092154f79ff930,,10730,729,no,8,yes,no
twemcache,twemcache_cluster26_sample100_50k,32,10001,twemcache_cluster26_sample100_50k|cap=32|t=10001,a1092154f79ff930,,10730,729,no,16,yes,no
twemcache,twemcache_cluster26_sample100_50k,32,10001,twemcache_cluster26_sample100_50k|cap=32|t=10001,d0982ae70bc81630,,,inf,yes,1,yes,no
twemcache,twemcache_cluster26_sample100_50k,32,10001,twemcache_cluster26_sample100_50k|cap=32|t=10001,d0982ae70bc81630,,,inf,yes,2,yes,no
twemcache,twemcache_cluster26_sample100_50k,32,10001,twemcache_cluster26_sample100_50k|cap=32|t=10001,d0982ae70bc81630,,,inf,yes,4,yes,no
twemcache,twemcache_cluster26_sample100_50k,32,10001,twemcache_cluster26_sample100_50k|cap=32|t=10001,d0982ae70bc81630,,,inf,yes,8,yes,no
twemcache,twemcache_cluster26_sample100_50k,32,10001,twemcache_cluster26_sample100_50k|cap=32|t=10001,d0982ae70bc81630,,,inf,yes,16,yes,no
twemcache,twemcache_cluster26_sample100_50k,32,10003,twemcache_cluster26_sample100_50k|cap=32|t=10003,34e21a522f9e12db,,,inf,yes,1,yes,no
twemcache,twemcache_cluster26_sample100_50k,32,10003,twemcache_cluster26_sample100_50k|cap=32|t=10003,34e21a522f9e12db,,,inf,yes,2,yes,no
twemcache,twemcache_cluster26_sample100_50k,32,10003,twemcache_cluster26_sample100_50k|cap=32|t=10003,34e21a522f9e12db,,,inf,yes,4,yes,no
twemcache,twemcache_cluster26_sample100_50k,32,10003,twemcache_cluster26_sample100_50k|cap=32|t=10003,34e21a522f9e12db,,,inf,yes,8,yes,no
twemcache,twemcache_cluster26_sample100_50k,32,10003,twemcache_cluster26_sample100_50k|cap=32|t=10003,34e21a522f9e12db,,,inf,yes,16,yes,no
twemcache,twemcache_cluster26_sample100_50k,32,10003,twemcache_cluster26_sample100_50k|cap=32|t=10003,c98855ec1ec489bb,,,inf,yes,1,yes,no
twemcache,twemcache_cluster26_sample100_50k,32,10003,twemcache_cluster26_sample100_50k|cap=32|t=10003,c98855ec1ec489bb,,,inf,yes,2,yes,no
twemcache,twemcache_cluster26_sample100_50k,32,10003,twemcache_cluster26_sample100_50k|cap=32|t=10003,c98855ec1ec489bb,,,inf,yes,4,yes,no
twemcache,twemcache_cluster26_sample100_50k,32,10003,twemcache_cluster26_sample100_50k|cap=32|t=10003,c98855ec1ec489bb,,,inf,yes,8,yes,no
twemcache,twemcache_cluster26_sample100_50k,32,10003,twemcache_cluster26_sample100_50k|cap=32|t=10003,c98855ec1ec489bb,,,inf,yes,16,yes,no
twemcache,twemcache_cluster26_sample100_50k,32,10003,twemcache_cluster26_sample100_50k|cap=32|t=10003,5ee20cc1305cd44b,,,inf,yes,1,yes,no
twemcache,twemcache_cluster26_sample100_50k,32,10003,twemcache_cluster26_sample100_50k|cap=32|t=10003,5ee20cc1305cd44b,,,inf,yes,2,yes,no
twemcache,twemcache_cluster26_sample100_50k,32,10003,twemcache_cluster26_sample100_50k|cap=32|t=10003,5ee20cc1305cd44b,,,inf,yes,4,yes,no
twemcache,twemcache_cluster26_sample100_50k,32,10003,twemcache_cluster26_sample100_50k|cap=32|t=10003,5ee20cc1305cd44b,,,inf,yes,8,yes,no
twemcache,twemcache_cluster26_sample100_50k,32,10003,twemcache_cluster26_sample100_50k|cap=32|t=10003,5ee20cc1305cd44b,,,inf,yes,16,yes,no
twemcache,twemcache_cluster26_sample100_50k,32,10003,twemcache_cluster26_sample100_50k|cap=32|t=10003,d0982ae70bc81630,,,inf,yes,1,yes,no
twemcache,twemcache_cluster26_sample100_50k,32,10003,twemcache_cluster26_sample100_50k|cap=32|t=10003,d0982ae70bc81630,,,inf,yes,2,yes,no
twemcache,twemcache_cluster26_sample100_50k,32,10003,twemcache_cluster26_sample100_50k|cap=32|t=10003,d0982ae70bc81630,,,inf,yes,4,yes,no
twemcache,twemcache_cluster26_sample100_50k,32,10003,twemcache_cluster26_sample100_50k|cap=32|t=10003,d0982ae70bc81630,,,inf,yes,8,yes,no
twemcache,twemcache_cluster26_sample100_50k,32,10003,twemcache_cluster26_sample100_50k|cap=32|t=10003,d0982ae70bc81630,,,inf,yes,16,yes,no
twemcache,twemcache_cluster26_sample100_50k,32,10004,twemcache_cluster26_sample100_50k|cap=32|t=10004,c98855ec1ec489bb,,,inf,yes,1,yes,no
twemcache,twemcache_cluster26_sample100_50k,32,10004,twemcache_cluster26_sample100_50k|cap=32|t=10004,c98855ec1ec489bb,,,inf,yes,2,yes,no
twemcache,twemcache_cluster26_sample100_50k,32,10004,twemcache_cluster26_sample100_50k|cap=32|t=10004,c98855ec1ec489bb,,,inf,yes,4,yes,no
twemcache,twemcache_cluster26_sample100_50k,32,10004,twemcache_cluster26_sample100_50k|cap=32|t=10004,c98855ec1ec489bb,,,inf,yes,8,yes,no
twemcache,twemcache_cluster26_sample100_50k,32,10004,twemcache_cluster26_sample100_50k|cap=32|t=10004,c98855ec1ec489bb,,,inf,yes,16,yes,no
twemcache,twemcache_cluster26_sample100_50k,32,10004,twemcache_cluster26_sample100_50k|cap=32|t=10004,5ee20cc1305cd44b,,,inf,yes,1,yes,no
twemcache,twemcache_cluster26_sample100_50k,32,10004,twemcache_cluster26_sample100_50k|cap=32|t=10004,5ee20cc1305cd44b,,,inf,yes,2,yes,no
twemcache,twemcache_cluster26_sample100_50k,32,10004,twemcache_cluster26_sample100_50k|cap=32|t=10004,5ee20cc1305cd44b,,,inf,yes,4,yes,no
twemcache,twemcache_cluster26_sample100_50k,32,10004,twemcache_cluster26_sample100_50k|cap=32|t=10004,5ee20cc1305cd44b,,,inf,yes,8,yes,no
twemcache,twemcache_cluster26_sample100_50k,32,10004,twemcache_cluster26_sample100_50k|cap=32|t=10004,5ee20cc1305cd44b,,,inf,yes,16,yes,no
twemcache,twemcache_cluster26_sample100_50k,32,10004,twemcache_cluster26_sample100_50k|cap=32|t=10004,d0982ae70bc81630,,,inf,yes,1,yes,no
twemcache,twemcache_cluster26_sample100_50k,32,10004,twemcache_cluster26_sample100_50k|cap=32|t=10004,d0982ae70bc81630,,,inf,yes,2,yes,no
twemcache,twemcache_cluster26_sample100_50k,32,10004,twemcache_cluster26_sample100_50k|cap=32|t=10004,d0982ae70bc81630,,,inf,yes,4,yes,no
twemcache,twemcache_cluster26_sample100_50k,32,10004,twemcache_cluster26_sample100_50k|cap=32|t=10004,d0982ae70bc81630,,,inf,yes,8,yes,no
twemcache,twemcache_cluster26_sample100_50k,32,10004,twemcache_cluster26_sample100_50k|cap=32|t=10004,d0982ae70bc81630,,,inf,yes,16,yes,no
twemcache,twemcache_cluster26_sample100_50k,32,10005,twemcache_cluster26_sample100_50k|cap=32|t=10005,c98855ec1ec489bb,,,inf,yes,1,yes,no
twemcache,twemcache_cluster26_sample100_50k,32,10005,twemcache_cluster26_sample100_50k|cap=32|t=10005,c98855ec1ec489bb,,,inf,yes,2,yes,no
twemcache,twemcache_cluster26_sample100_50k,32,10005,twemcache_cluster26_sample100_50k|cap=32|t=10005,c98855ec1ec489bb,,,inf,yes,4,yes,no
twemcache,twemcache_cluster26_sample100_50k,32,10005,twemcache_cluster26_sample100_50k|cap=32|t=10005,c98855ec1ec489bb,,,inf,yes,8,yes,no
twemcache,twemcache_cluster26_sample100_50k,32,10005,twemcache_cluster26_sample100_50k|cap=32|t=10005,c98855ec1ec489bb,,,inf,yes,16,yes,no
twemcache,twemcache_cluster26_sample100_50k,32,10005,twemcache_cluster26_sample100_50k|cap=32|t=10005,5ee20cc1305cd44b,,,inf,yes,1,yes,no
twemcache,twemcache_cluster26_sample100_50k,32,10005,twemcache_cluster26_sample100_50k|cap=32|t=10005,5ee20cc1305cd44b,,,inf,yes,2,yes,no
twemcache,twemcache_cluster26_sample100_50k,32,10005,twemcache_cluster26_sample100_50k|cap=32|t=10005,5ee20cc1305cd44b,,,inf,yes,4,yes,no
twemcache,twemcache_cluster26_sample100_50k,32,10005,twemcache_cluster26_sample100_50k|cap=32|t=10005,5ee20cc1305cd44b,,,inf,yes,8,yes,no
twemcache,twemcache_cluster26_sample100_50k,32,10005,twemcache_cluster26_sample100_50k|cap=32|t=10005,5ee20cc1305cd44b,,,inf,yes,16,yes,no
twemcache,twemcache_cluster26_sample100_50k,32,10005,twemcache_cluster26_sample100_50k|cap=32|t=10005,d0982ae70bc81630,,,inf,yes,1,yes,no
twemcache,twemcache_cluster26_sample100_50k,32,10005,twemcache_cluster26_sample100_50k|cap=32|t=10005,d0982ae70bc81630,,,inf,yes,2,yes,no
twemcache,twemcache_cluster26_sample100_50k,32,10005,twemcache_cluster26_sample100_50k|cap=32|t=10005,d0982ae70bc81630,,,inf,yes,4,yes,no
twemcache,twemcache_cluster26_sample100_50k,32,10005,twemcache_cluster26_sample100_50k|cap=32|t=10005,d0982ae70bc81630,,,inf,yes,8,yes,no
twemcache,twemcache_cluster26_sample100_50k,32,10005,twemcache_cluster26_sample100_50k|cap=32|t=10005,d0982ae70bc81630,,,inf,yes,16,yes,no
twemcache,twemcache_cluster26_sample100_50k,32,10006,twemcache_cluster26_sample100_50k|cap=32|t=10006,c98855ec1ec489bb,,,inf,yes,1,yes,no
twemcache,twemcache_cluster26_sample100_50k,32,10006,twemcache_cluster26_sample100_50k|cap=32|t=10006,c98855ec1ec489bb,,,inf,yes,2,yes,no
twemcache,twemcache_cluster26_sample100_50k,32,10006,twemcache_cluster26_sample100_50k|cap=32|t=10006,c98855ec1ec489bb,,,inf,yes,4,yes,no
twemcache,twemcache_cluster26_sample100_50k,32,10006,twemcache_cluster26_sample100_50k|cap=32|t=10006,c98855ec1ec489bb,,,inf,yes,8,yes,no
twemcache,twemcache_cluster26_sample100_50k,32,10006,twemcache_cluster26_sample100_50k|cap=32|t=10006,c98855ec1ec489bb,,,inf,yes,16,yes,no
twemcache,twemcache_cluster26_sample100_50k,32,10006,twemcache_cluster26_sample100_50k|cap=32|t=10006,5ee20cc1305cd44b,,,inf,yes,1,yes,no
twemcache,twemcache_cluster26_sample100_50k,32,10006,twemcache_cluster26_sample100_50k|cap=32|t=10006,5ee20cc1305cd44b,,,inf,yes,2,yes,no
twemcache,twemcache_cluster26_sample100_50k,32,10006,twemcache_cluster26_sample100_50k|cap=32|t=10006,5ee20cc1305cd44b,,,inf,yes,4,yes,no
twemcache,twemcache_cluster26_sample100_50k,32,10006,twemcache_cluster26_sample100_50k|cap=32|t=10006,5ee20cc1305cd44b,,,inf,yes,8,yes,no
twemcache,twemcache_cluster26_sample100_50k,32,10006,twemcache_cluster26_sample100_50k|cap=32|t=10006,5ee20cc1305cd44b,,,inf,yes,16,yes,no
twemcache,twemcache_cluster26_sample100_50k,32,10006,twemcache_cluster26_sample100_50k|cap=32|t=10006,d0982ae70bc81630,,,inf,yes,1,yes,no
twemcache,twemcache_cluster26_sample100_50k,32,10006,twemcache_cluster26_sample100_50k|cap=32|t=10006,d0982ae70bc81630,,,inf,yes,2,yes,no
twemcache,twemcache_cluster26_sample100_50k,32,10006,twemcache_cluster26_sample100_50k|cap=32|t=10006,d0982ae70bc81630,,,inf,yes,4,yes,no
twemcache,twemcache_cluster26_sample100_50k,32,10006,twemcache_cluster26_sample100_50k|cap=32|t=10006,d0982ae70bc81630,,,inf,yes,8,yes,no
twemcache,twemcache_cluster26_sample100_50k,32,10006,twemcache_cluster26_sample100_50k|cap=32|t=10006,d0982ae70bc81630,,,inf,yes,16,yes,no
twemcache,twemcache_cluster26_sample100_50k,32,10006,twemcache_cluster26_sample100_50k|cap=32|t=10006,a53c0555cae50b43,,,inf,yes,1,yes,no
twemcache,twemcache_cluster26_sample100_50k,32,10006,twemcache_cluster26_sample100_50k|cap=32|t=10006,a53c0555cae50b43,,,inf,yes,2,yes,no
twemcache,twemcache_cluster26_sample100_50k,32,10006,twemcache_cluster26_sample100_50k|cap=32|t=10006,a53c0555cae50b43,,,inf,yes,4,yes,no
twemcache,twemcache_cluster26_sample100_50k,32,10006,twemcache_cluster26_sample100_50k|cap=32|t=10006,a53c0555cae50b43,,,inf,yes,8,yes,no
twemcache,twemcache_cluster26_sample100_50k,32,10006,twemcache_cluster26_sample100_50k|cap=32|t=10006,a53c0555cae50b43,,,inf,yes,16,yes,no
twemcache,twemcache_cluster26_sample100_50k,32,10007,twemcache_cluster26_sample100_50k|cap=32|t=10007,c98855ec1ec489bb,,,inf,yes,1,yes,no
twemcache,twemcache_cluster26_sample100_50k,32,10007,twemcache_cluster26_sample100_50k|cap=32|t=10007,c98855ec1ec489bb,,,inf,yes,2,yes,no
twemcache,twemcache_cluster26_sample100_50k,32,10007,twemcache_cluster26_sample100_50k|cap=32|t=10007,c98855ec1ec489bb,,,inf,yes,4,yes,no
twemcache,twemcache_cluster26_sample100_50k,32,10007,twemcache_cluster26_sample100_50k|cap=32|t=10007,c98855ec1ec489bb,,,inf,yes,8,yes,no
twemcache,twemcache_cluster26_sample100_50k,32,10007,twemcache_cluster26_sample100_50k|cap=32|t=10007,c98855ec1ec489bb,,,inf,yes,16,yes,no
twemcache,twemcache_cluster26_sample100_50k,32,10007,twemcache_cluster26_sample100_50k|cap=32|t=10007,5ee20cc1305cd44b,,,inf,yes,1,yes,no
twemcache,twemcache_cluster26_sample100_50k,32,10007,twemcache_cluster26_sample100_50k|cap=32|t=10007,5ee20cc1305cd44b,,,inf,yes,2,yes,no
twemcache,twemcache_cluster26_sample100_50k,32,10007,twemcache_cluster26_sample100_50k|cap=32|t=10007,5ee20cc1305cd44b,,,inf,yes,4,yes,no
twemcache,twemcache_cluster26_sample100_50k,32,10007,twemcache_cluster26_sample100_50k|cap=32|t=10007,5ee20cc1305cd44b,,,inf,yes,8,yes,no
twemcache,twemcache_cluster26_sample100_50k,32,10007,twemcache_cluster26_sample100_50k|cap=32|t=10007,5ee20cc1305cd44b,,,inf,yes,16,yes,no
twemcache,twemcache_cluster26_sample100_50k,64,10001,twemcache_cluster26_sample100_50k|cap=64|t=10001,81a2ae25fa3bae04,,26391,16390,no,1,yes,no
twemcache,twemcache_cluster26_sample100_50k,64,10001,twemcache_cluster26_sample100_50k|cap=64|t=10001,81a2ae25fa3bae04,,26391,16390,no,2,yes,no
twemcache,twemcache_cluster26_sample100_50k,64,10001,twemcache_cluster26_sample100_50k|cap=64|t=10001,81a2ae25fa3bae04,,26391,16390,no,4,yes,no
twemcache,twemcache_cluster26_sample100_50k,64,10001,twemcache_cluster26_sample100_50k|cap=64|t=10001,81a2ae25fa3bae04,,26391,16390,no,8,yes,no
twemcache,twemcache_cluster26_sample100_50k,64,10001,twemcache_cluster26_sample100_50k|cap=64|t=10001,81a2ae25fa3bae04,,26391,16390,no,16,yes,no
twemcache,twemcache_cluster26_sample100_50k,64,10001,twemcache_cluster26_sample100_50k|cap=64|t=10001,196e8b68a8dd7787,,26388,16387,no,1,yes,no
twemcache,twemcache_cluster26_sample100_50k,64,10001,twemcache_cluster26_sample100_50k|cap=64|t=10001,196e8b68a8dd7787,,26388,16387,no,2,yes,no
twemcache,twemcache_cluster26_sample100_50k,64,10001,twemcache_cluster26_sample100_50k|cap=64|t=10001,196e8b68a8dd7787,,26388,16387,no,4,yes,no
twemcache,twemcache_cluster26_sample100_50k,64,10001,twemcache_cluster26_sample100_50k|cap=64|t=10001,196e8b68a8dd7787,,26388,16387,no,8,yes,no
twemcache,twemcache_cluster26_sample100_50k,64,10001,twemcache_cluster26_sample100_50k|cap=64|t=10001,196e8b68a8dd7787,,26388,16387,no,16,yes,no
twemcache,twemcache_cluster26_sample100_50k,64,10001,twemcache_cluster26_sample100_50k|cap=64|t=10001,0f7aaec98799ab90,,,inf,yes,1,yes,no
twemcache,twemcache_cluster26_sample100_50k,64,10001,twemcache_cluster26_sample100_50k|cap=64|t=10001,0f7aaec98799ab90,,,inf,yes,2,yes,no
twemcache,twemcache_cluster26_sample100_50k,64,10001,twemcache_cluster26_sample100_50k|cap=64|t=10001,0f7aaec98799ab90,,,inf,yes,4,yes,no
twemcache,twemcache_cluster26_sample100_50k,64,10001,twemcache_cluster26_sample100_50k|cap=64|t=10001,0f7aaec98799ab90,,,inf,yes,8,yes,no
twemcache,twemcache_cluster26_sample100_50k,64,10001,twemcache_cluster26_sample100_50k|cap=64|t=10001,0f7aaec98799ab90,,,inf,yes,16,yes,no
twemcache,twemcache_cluster26_sample100_50k,64,10001,twemcache_cluster26_sample100_50k|cap=64|t=10001,d339fbfa5ed37b91,,26553,16552,no,1,yes,no
twemcache,twemcache_cluster26_sample100_50k,64,10001,twemcache_cluster26_sample100_50k|cap=64|t=10001,d339fbfa5ed37b91,,26553,16552,no,2,yes,no
twemcache,twemcache_cluster26_sample100_50k,64,10001,twemcache_cluster26_sample100_50k|cap=64|t=10001,d339fbfa5ed37b91,,26553,16552,no,4,yes,no
twemcache,twemcache_cluster26_sample100_50k,64,10001,twemcache_cluster26_sample100_50k|cap=64|t=10001,d339fbfa5ed37b91,,26553,16552,no,8,yes,no
twemcache,twemcache_cluster26_sample100_50k,64,10001,twemcache_cluster26_sample100_50k|cap=64|t=10001,d339fbfa5ed37b91,,26553,16552,no,16,yes,no
twemcache,twemcache_cluster26_sample100_50k,64,10001,twemcache_cluster26_sample100_50k|cap=64|t=10001,105f47b6705bbb1c,,26405,16404,no,1,yes,no
twemcache,twemcache_cluster26_sample100_50k,64,10001,twemcache_cluster26_sample100_50k|cap=64|t=10001,105f47b6705bbb1c,,26405,16404,no,2,yes,no
twemcache,twemcache_cluster26_sample100_50k,64,10001,twemcache_cluster26_sample100_50k|cap=64|t=10001,105f47b6705bbb1c,,26405,16404,no,4,yes,no
twemcache,twemcache_cluster26_sample100_50k,64,10001,twemcache_cluster26_sample100_50k|cap=64|t=10001,105f47b6705bbb1c,,26405,16404,no,8,yes,no
twemcache,twemcache_cluster26_sample100_50k,64,10001,twemcache_cluster26_sample100_50k|cap=64|t=10001,105f47b6705bbb1c,,26405,16404,no,16,yes,no
twemcache,twemcache_cluster26_sample100_50k,64,10001,twemcache_cluster26_sample100_50k|cap=64|t=10001,7b8cf506f9be1156,,10137,136,no,1,yes,no
twemcache,twemcache_cluster26_sample100_50k,64,10001,twemcache_cluster26_sample100_50k|cap=64|t=10001,7b8cf506f9be1156,,10137,136,no,2,yes,no
twemcache,twemcache_cluster26_sample100_50k,64,10001,twemcache_cluster26_sample100_50k|cap=64|t=10001,7b8cf506f9be1156,,10137,136,no,4,yes,no
twemcache,twemcache_cluster26_sample100_50k,64,10001,twemcache_cluster26_sample100_50k|cap=64|t=10001,7b8cf506f9be1156,,10137,136,no,8,yes,no
twemcache,twemcache_cluster26_sample100_50k,64,10001,twemcache_cluster26_sample100_50k|cap=64|t=10001,7b8cf506f9be1156,,10137,136,no,16,yes,no
twemcache,twemcache_cluster26_sample100_50k,64,10001,twemcache_cluster26_sample100_50k|cap=64|t=10001,06d718a3a723786c,,26423,16422,no,1,yes,no
twemcache,twemcache_cluster26_sample100_50k,64,10001,twemcache_cluster26_sample100_50k|cap=64|t=10001,06d718a3a723786c,,26423,16422,no,2,yes,no
twemcache,twemcache_cluster26_sample100_50k,64,10001,twemcache_cluster26_sample100_50k|cap=64|t=10001,06d718a3a723786c,,26423,16422,no,4,yes,no
twemcache,twemcache_cluster26_sample100_50k,64,10001,twemcache_cluster26_sample100_50k|cap=64|t=10001,06d718a3a723786c,,26423,16422,no,8,yes,no
twemcache,twemcache_cluster26_sample100_50k,64,10001,twemcache_cluster26_sample100_50k|cap=64|t=10001,06d718a3a723786c,,26423,16422,no,16,yes,no
twemcache,twemcache_cluster26_sample100_50k,64,10001,twemcache_cluster26_sample100_50k|cap=64|t=10001,46d6ad975de12187,,26402,16401,no,1,yes,no
twemcache,twemcache_cluster26_sample100_50k,64,10001,twemcache_cluster26_sample100_50k|cap=64|t=10001,46d6ad975de12187,,26402,16401,no,2,yes,no
twemcache,twemcache_cluster26_sample100_50k,64,10001,twemcache_cluster26_sample100_50k|cap=64|t=10001,46d6ad975de12187,,26402,16401,no,4,yes,no
twemcache,twemcache_cluster26_sample100_50k,64,10001,twemcache_cluster26_sample100_50k|cap=64|t=10001,46d6ad975de12187,,26402,16401,no,8,yes,no
twemcache,twemcache_cluster26_sample100_50k,64,10001,twemcache_cluster26_sample100_50k|cap=64|t=10001,46d6ad975de12187,,26402,16401,no,16,yes,no
twemcache,twemcache_cluster26_sample100_50k,64,10001,twemcache_cluster26_sample100_50k|cap=64|t=10001,db266cdc50e4e52d,,26374,16373,no,1,yes,no
twemcache,twemcache_cluster26_sample100_50k,64,10001,twemcache_cluster26_sample100_50k|cap=64|t=10001,db266cdc50e4e52d,,26374,16373,no,2,yes,no
twemcache,twemcache_cluster26_sample100_50k,64,10001,twemcache_cluster26_sample100_50k|cap=64|t=10001,db266cdc50e4e52d,,26374,16373,no,4,yes,no
twemcache,twemcache_cluster26_sample100_50k,64,10001,twemcache_cluster26_sample100_50k|cap=64|t=10001,db266cdc50e4e52d,,26374,16373,no,8,yes,no
twemcache,twemcache_cluster26_sample100_50k,64,10001,twemcache_cluster26_sample100_50k|cap=64|t=10001,db266cdc50e4e52d,,26374,16373,no,16,yes,no
twemcache,twemcache_cluster26_sample100_50k,64,10001,twemcache_cluster26_sample100_50k|cap=64|t=10001,e3782e4da581683b,,11325,1324,no,1,yes,no
twemcache,twemcache_cluster26_sample100_50k,64,10001,twemcache_cluster26_sample100_50k|cap=64|t=10001,e3782e4da581683b,,11325,1324,no,2,yes,no
twemcache,twemcache_cluster26_sample100_50k,64,10001,twemcache_cluster26_sample100_50k|cap=64|t=10001,e3782e4da581683b,,11325,1324,no,4,yes,no
twemcache,twemcache_cluster26_sample100_50k,64,10001,twemcache_cluster26_sample100_50k|cap=64|t=10001,e3782e4da581683b,,11325,1324,no,8,yes,no
twemcache,twemcache_cluster26_sample100_50k,64,10001,twemcache_cluster26_sample100_50k|cap=64|t=10001,e3782e4da581683b,,11325,1324,no,16,yes,no
twemcache,twemcache_cluster26_sample100_50k,64,10001,twemcache_cluster26_sample100_50k|cap=64|t=10001,13c25066d48fc607,,13401,3400,no,1,yes,no
twemcache,twemcache_cluster26_sample100_50k,64,10001,twemcache_cluster26_sample100_50k|cap=64|t=10001,13c25066d48fc607,,13401,3400,no,2,yes,no
twemcache,twemcache_cluster26_sample100_50k,64,10001,twemcache_cluster26_sample100_50k|cap=64|t=10001,13c25066d48fc607,,13401,3400,no,4,yes,no
twemcache,twemcache_cluster26_sample100_50k,64,10001,twemcache_cluster26_sample100_50k|cap=64|t=10001,13c25066d48fc607,,13401,3400,no,8,yes,no
twemcache,twemcache_cluster26_sample100_50k,64,10001,twemcache_cluster26_sample100_50k|cap=64|t=10001,13c25066d48fc607,,13401,3400,no,16,yes,no
twemcache,twemcache_cluster26_sample100_50k,64,10001,twemcache_cluster26_sample100_50k|cap=64|t=10001,3cf3ede033fa62ee,,26435,16434,no,1,yes,no
twemcache,twemcache_cluster26_sample100_50k,64,10001,twemcache_cluster26_sample100_50k|cap=64|t=10001,3cf3ede033fa62ee,,26435,16434,no,2,yes,no
twemcache,twemcache_cluster26_sample100_50k,64,10001,twemcache_cluster26_sample100_50k|cap=64|t=10001,3cf3ede033fa62ee,,26435,16434,no,4,yes,no
twemcache,twemcache_cluster26_sample100_50k,64,10001,twemcache_cluster26_sample100_50k|cap=64|t=10001,3cf3ede033fa62ee,,26435,16434,no,8,yes,no
twemcache,twemcache_cluster26_sample100_50k,64,10001,twemcache_cluster26_sample100_50k|cap=64|t=10001,3cf3ede033fa62ee,,26435,16434,no,16,yes,no
twemcache,twemcache_cluster26_sample100_50k,64,10001,twemcache_cluster26_sample100_50k|cap=64|t=10001,4191e48d8c988ba3,,11332,1331,no,1,yes,no
twemcache,twemcache_cluster26_sample100_50k,64,10001,twemcache_cluster26_sample100_50k|cap=64|t=10001,4191e48d8c988ba3,,11332,1331,no,2,yes,no
twemcache,twemcache_cluster26_sample100_50k,64,10001,twemcache_cluster26_sample100_50k|cap=64|t=10001,4191e48d8c988ba3,,11332,1331,no,4,yes,no
twemcache,twemcache_cluster26_sample100_50k,64,10001,twemcache_cluster26_sample100_50k|cap=64|t=10001,4191e48d8c988ba3,,11332,1331,no,8,yes,no
twemcache,twemcache_cluster26_sample100_50k,64,10001,twemcache_cluster26_sample100_50k|cap=64|t=10001,4191e48d8c988ba3,,11332,1331,no,16,yes,no
twemcache,twemcache_cluster26_sample100_50k,64,10001,twemcache_cluster26_sample100_50k|cap=64|t=10001,4ec0ebb770b26bab,,10138,137,no,1,yes,no
twemcache,twemcache_cluster26_sample100_50k,64,10001,twemcache_cluster26_sample100_50k|cap=64|t=10001,4ec0ebb770b26bab,,10138,137,no,2,yes,no
twemcache,twemcache_cluster26_sample100_50k,64,10001,twemcache_cluster26_sample100_50k|cap=64|t=10001,4ec0ebb770b26bab,,10138,137,no,4,yes,no
twemcache,twemcache_cluster26_sample100_50k,64,10001,twemcache_cluster26_sample100_50k|cap=64|t=10001,4ec0ebb770b26bab,,10138,137,no,8,yes,no
twemcache,twemcache_cluster26_sample100_50k,64,10001,twemcache_cluster26_sample100_50k|cap=64|t=10001,4ec0ebb770b26bab,,10138,137,no,16,yes,no
twemcache,twemcache_cluster26_sample100_50k,64,10001,twemcache_cluster26_sample100_50k|cap=64|t=10001,836ec618cbd3cbd3,,26447,16446,no,1,yes,no
twemcache,twemcache_cluster26_sample100_50k,64,10001,twemcache_cluster26_sample100_50k|cap=64|t=10001,836ec618cbd3cbd3,,26447,16446,no,2,yes,no
twemcache,twemcache_cluster26_sample100_50k,64,10001,twemcache_cluster26_sample100_50k|cap=64|t=10001,836ec618cbd3cbd3,,26447,16446,no,4,yes,no
twemcache,twemcache_cluster26_sample100_50k,64,10001,twemcache_cluster26_sample100_50k|cap=64|t=10001,836ec618cbd3cbd3,,26447,16446,no,8,yes,no
twemcache,twemcache_cluster26_sample100_50k,64,10001,twemcache_cluster26_sample100_50k|cap=64|t=10001,836ec618cbd3cbd3,,26447,16446,no,16,yes,no
twemcache,twemcache_cluster26_sample100_50k,64,10001,twemcache_cluster26_sample100_50k|cap=64|t=10001,bee54ba76fb1d11c,,26380,16379,no,1,yes,no
twemcache,twemcache_cluster26_sample100_50k,64,10001,twemcache_cluster26_sample100_50k|cap=64|t=10001,bee54ba76fb1d11c,,26380,16379,no,2,yes,no
twemcache,twemcache_cluster26_sample100_50k,64,10001,twemcache_cluster26_sample100_50k|cap=64|t=10001,bee54ba76fb1d11c,,26380,16379,no,4,yes,no
twemcache,twemcache_cluster26_sample100_50k,64,10001,twemcache_cluster26_sample100_50k|cap=64|t=10001,bee54ba76fb1d11c,,26380,16379,no,8,yes,no
twemcache,twemcache_cluster26_sample100_50k,64,10001,twemcache_cluster26_sample100_50k|cap=64|t=10001,bee54ba76fb1d11c,,26380,16379,no,16,yes,no
twemcache,twemcache_cluster26_sample100_50k,64,10001,twemcache_cluster26_sample100_50k|cap=64|t=10001,1a67a6022a47ee4d,,10146,145,no,1,yes,no
twemcache,twemcache_cluster26_sample100_50k,64,10001,twemcache_cluster26_sample100_50k|cap=64|t=10001,1a67a6022a47ee4d,,10146,145,no,2,yes,no
twemcache,twemcache_cluster26_sample100_50k,64,10001,twemcache_cluster26_sample100_50k|cap=64|t=10001,1a67a6022a47ee4d,,10146,145,no,4,yes,no
twemcache,twemcache_cluster26_sample100_50k,64,10001,twemcache_cluster26_sample100_50k|cap=64|t=10001,1a67a6022a47ee4d,,10146,145,no,8,yes,no
twemcache,twemcache_cluster26_sample100_50k,64,10001,twemcache_cluster26_sample100_50k|cap=64|t=10001,1a67a6022a47ee4d,,10146,145,no,16,yes,no
twemcache,twemcache_cluster26_sample100_50k,64,10001,twemcache_cluster26_sample100_50k|cap=64|t=10001,b1dddae608a8c385,,26526,16525,no,1,yes,no
twemcache,twemcache_cluster26_sample100_50k,64,10001,twemcache_cluster26_sample100_50k|cap=64|t=10001,b1dddae608a8c385,,26526,16525,no,2,yes,no
twemcache,twemcache_cluster26_sample100_50k,64,10001,twemcache_cluster26_sample100_50k|cap=64|t=10001,b1dddae608a8c385,,26526,16525,no,4,yes,no
twemcache,twemcache_cluster26_sample100_50k,64,10001,twemcache_cluster26_sample100_50k|cap=64|t=10001,b1dddae608a8c385,,26526,16525,no,8,yes,no
twemcache,twemcache_cluster26_sample100_50k,64,10001,twemcache_cluster26_sample100_50k|cap=64|t=10001,b1dddae608a8c385,,26526,16525,no,16,yes,no
twemcache,twemcache_cluster26_sample100_50k,64,10001,twemcache_cluster26_sample100_50k|cap=64|t=10001,f73ca395044f2846,,10467,466,no,1,yes,no
twemcache,twemcache_cluster26_sample100_50k,64,10001,twemcache_cluster26_sample100_50k|cap=64|t=10001,f73ca395044f2846,,10467,466,no,2,yes,no
twemcache,twemcache_cluster26_sample100_50k,64,10001,twemcache_cluster26_sample100_50k|cap=64|t=10001,f73ca395044f2846,,10467,466,no,4,yes,no
twemcache,twemcache_cluster26_sample100_50k,64,10001,twemcache_cluster26_sample100_50k|cap=64|t=10001,f73ca395044f2846,,10467,466,no,8,yes,no
twemcache,twemcache_cluster26_sample100_50k,64,10001,twemcache_cluster26_sample100_50k|cap=64|t=10001,f73ca395044f2846,,10467,466,no,16,yes,no
twemcache,twemcache_cluster26_sample100_50k,64,10001,twemcache_cluster26_sample100_50k|cap=64|t=10001,400bdd33ec76231f,,10133,132,no,1,yes,no
twemcache,twemcache_cluster26_sample100_50k,64,10001,twemcache_cluster26_sample100_50k|cap=64|t=10001,400bdd33ec76231f,,10133,132,no,2,yes,no
twemcache,twemcache_cluster26_sample100_50k,64,10001,twemcache_cluster26_sample100_50k|cap=64|t=10001,400bdd33ec76231f,,10133,132,no,4,yes,no
twemcache,twemcache_cluster26_sample100_50k,64,10001,twemcache_cluster26_sample100_50k|cap=64|t=10001,400bdd33ec76231f,,10133,132,no,8,yes,no
twemcache,twemcache_cluster26_sample100_50k,64,10001,twemcache_cluster26_sample100_50k|cap=64|t=10001,400bdd33ec76231f,,10133,132,no,16,yes,no
twemcache,twemcache_cluster26_sample100_50k,64,10001,twemcache_cluster26_sample100_50k|cap=64|t=10001,4ff57d670738a951,,,inf,yes,1,yes,no
twemcache,twemcache_cluster26_sample100_50k,64,10001,twemcache_cluster26_sample100_50k|cap=64|t=10001,4ff57d670738a951,,,inf,yes,2,yes,no
twemcache,twemcache_cluster26_sample100_50k,64,10001,twemcache_cluster26_sample100_50k|cap=64|t=10001,4ff57d670738a951,,,inf,yes,4,yes,no
twemcache,twemcache_cluster26_sample100_50k,64,10001,twemcache_cluster26_sample100_50k|cap=64|t=10001,4ff57d670738a951,,,inf,yes,8,yes,no
twemcache,twemcache_cluster26_sample100_50k,64,10001,twemcache_cluster26_sample100_50k|cap=64|t=10001,4ff57d670738a951,,,inf,yes,16,yes,no
twemcache,twemcache_cluster26_sample100_50k,64,10001,twemcache_cluster26_sample100_50k|cap=64|t=10001,3bc6c4ddd2a23673,,,inf,yes,1,yes,no
twemcache,twemcache_cluster26_sample100_50k,64,10001,twemcache_cluster26_sample100_50k|cap=64|t=10001,3bc6c4ddd2a23673,,,inf,yes,2,yes,no
twemcache,twemcache_cluster26_sample100_50k,64,10001,twemcache_cluster26_sample100_50k|cap=64|t=10001,3bc6c4ddd2a23673,,,inf,yes,4,yes,no
twemcache,twemcache_cluster26_sample100_50k,64,10001,twemcache_cluster26_sample100_50k|cap=64|t=10001,3bc6c4ddd2a23673,,,inf,yes,8,yes,no
twemcache,twemcache_cluster26_sample100_50k,64,10001,twemcache_cluster26_sample100_50k|cap=64|t=10001,3bc6c4ddd2a23673,,,inf,yes,16,yes,no
twemcache,twemcache_cluster26_sample100_50k,64,10001,twemcache_cluster26_sample100_50k|cap=64|t=10001,e5258baca17cae53,,26433,16432,no,1,yes,no
twemcache,twemcache_cluster26_sample100_50k,64,10001,twemcache_cluster26_sample100_50k|cap=64|t=10001,e5258baca17cae53,,26433,16432,no,2,yes,no
twemcache,twemcache_cluster26_sample100_50k,64,10001,twemcache_cluster26_sample100_50k|cap=64|t=10001,e5258baca17cae53,,26433,16432,no,4,yes,no
twemcache,twemcache_cluster26_sample100_50k,64,10001,twemcache_cluster26_sample100_50k|cap=64|t=10001,e5258baca17cae53,,26433,16432,no,8,yes,no
twemcache,twemcache_cluster26_sample100_50k,64,10001,twemcache_cluster26_sample100_50k|cap=64|t=10001,e5258baca17cae53,,26433,16432,no,16,yes,no
twemcache,twemcache_cluster26_sample100_50k,64,10001,twemcache_cluster26_sample100_50k|cap=64|t=10001,796598dd8239e5be,,,inf,yes,1,yes,no
twemcache,twemcache_cluster26_sample100_50k,64,10001,twemcache_cluster26_sample100_50k|cap=64|t=10001,796598dd8239e5be,,,inf,yes,2,yes,no
twemcache,twemcache_cluster26_sample100_50k,64,10001,twemcache_cluster26_sample100_50k|cap=64|t=10001,796598dd8239e5be,,,inf,yes,4,yes,no
twemcache,twemcache_cluster26_sample100_50k,64,10001,twemcache_cluster26_sample100_50k|cap=64|t=10001,796598dd8239e5be,,,inf,yes,8,yes,no
twemcache,twemcache_cluster26_sample100_50k,64,10001,twemcache_cluster26_sample100_50k|cap=64|t=10001,796598dd8239e5be,,,inf,yes,16,yes,no
twemcache,twemcache_cluster26_sample100_50k,64,10001,twemcache_cluster26_sample100_50k|cap=64|t=10001,34e21a522f9e12db,,,inf,yes,1,yes,no
twemcache,twemcache_cluster26_sample100_50k,64,10001,twemcache_cluster26_sample100_50k|cap=64|t=10001,34e21a522f9e12db,,,inf,yes,2,yes,no
twemcache,twemcache_cluster26_sample100_50k,64,10001,twemcache_cluster26_sample100_50k|cap=64|t=10001,34e21a522f9e12db,,,inf,yes,4,yes,no
twemcache,twemcache_cluster26_sample100_50k,64,10001,twemcache_cluster26_sample100_50k|cap=64|t=10001,34e21a522f9e12db,,,inf,yes,8,yes,no
twemcache,twemcache_cluster26_sample100_50k,64,10001,twemcache_cluster26_sample100_50k|cap=64|t=10001,34e21a522f9e12db,,,inf,yes,16,yes,no
twemcache,twemcache_cluster26_sample100_50k,64,10001,twemcache_cluster26_sample100_50k|cap=64|t=10001,c98855ec1ec489bb,,,inf,yes,1,yes,no
twemcache,twemcache_cluster26_sample100_50k,64,10001,twemcache_cluster26_sample100_50k|cap=64|t=10001,c98855ec1ec489bb,,,inf,yes,2,yes,no
twemcache,twemcache_cluster26_sample100_50k,64,10001,twemcache_cluster26_sample100_50k|cap=64|t=10001,c98855ec1ec489bb,,,inf,yes,4,yes,no
twemcache,twemcache_cluster26_sample100_50k,64,10001,twemcache_cluster26_sample100_50k|cap=64|t=10001,c98855ec1ec489bb,,,inf,yes,8,yes,no
twemcache,twemcache_cluster26_sample100_50k,64,10001,twemcache_cluster26_sample100_50k|cap=64|t=10001,c98855ec1ec489bb,,,inf,yes,16,yes,no
twemcache,twemcache_cluster26_sample100_50k,64,10001,twemcache_cluster26_sample100_50k|cap=64|t=10001,5ee20cc1305cd44b,,,inf,yes,1,yes,no
twemcache,twemcache_cluster26_sample100_50k,64,10001,twemcache_cluster26_sample100_50k|cap=64|t=10001,5ee20cc1305cd44b,,,inf,yes,2,yes,no
twemcache,twemcache_cluster26_sample100_50k,64,10001,twemcache_cluster26_sample100_50k|cap=64|t=10001,5ee20cc1305cd44b,,,inf,yes,4,yes,no
twemcache,twemcache_cluster26_sample100_50k,64,10001,twemcache_cluster26_sample100_50k|cap=64|t=10001,5ee20cc1305cd44b,,,inf,yes,8,yes,no
twemcache,twemcache_cluster26_sample100_50k,64,10001,twemcache_cluster26_sample100_50k|cap=64|t=10001,5ee20cc1305cd44b,,,inf,yes,16,yes,no
twemcache,twemcache_cluster26_sample100_50k,64,10001,twemcache_cluster26_sample100_50k|cap=64|t=10001,d0982ae70bc81630,,,inf,yes,1,yes,no
twemcache,twemcache_cluster26_sample100_50k,64,10001,twemcache_cluster26_sample100_50k|cap=64|t=10001,d0982ae70bc81630,,,inf,yes,2,yes,no
twemcache,twemcache_cluster26_sample100_50k,64,10001,twemcache_cluster26_sample100_50k|cap=64|t=10001,d0982ae70bc81630,,,inf,yes,4,yes,no
twemcache,twemcache_cluster26_sample100_50k,64,10001,twemcache_cluster26_sample100_50k|cap=64|t=10001,d0982ae70bc81630,,,inf,yes,8,yes,no
twemcache,twemcache_cluster26_sample100_50k,64,10001,twemcache_cluster26_sample100_50k|cap=64|t=10001,d0982ae70bc81630,,,inf,yes,16,yes,no
twemcache,twemcache_cluster26_sample100_50k,64,10003,twemcache_cluster26_sample100_50k|cap=64|t=10003,0f7aaec98799ab90,,,inf,yes,1,yes,no
twemcache,twemcache_cluster26_sample100_50k,64,10003,twemcache_cluster26_sample100_50k|cap=64|t=10003,0f7aaec98799ab90,,,inf,yes,2,yes,no
twemcache,twemcache_cluster26_sample100_50k,64,10003,twemcache_cluster26_sample100_50k|cap=64|t=10003,0f7aaec98799ab90,,,inf,yes,4,yes,no
twemcache,twemcache_cluster26_sample100_50k,64,10003,twemcache_cluster26_sample100_50k|cap=64|t=10003,0f7aaec98799ab90,,,inf,yes,8,yes,no
twemcache,twemcache_cluster26_sample100_50k,64,10003,twemcache_cluster26_sample100_50k|cap=64|t=10003,0f7aaec98799ab90,,,inf,yes,16,yes,no
twemcache,twemcache_cluster26_sample100_50k,64,10003,twemcache_cluster26_sample100_50k|cap=64|t=10003,4ff57d670738a951,,,inf,yes,1,yes,no
twemcache,twemcache_cluster26_sample100_50k,64,10003,twemcache_cluster26_sample100_50k|cap=64|t=10003,4ff57d670738a951,,,inf,yes,2,yes,no
twemcache,twemcache_cluster26_sample100_50k,64,10003,twemcache_cluster26_sample100_50k|cap=64|t=10003,4ff57d670738a951,,,inf,yes,4,yes,no
twemcache,twemcache_cluster26_sample100_50k,64,10003,twemcache_cluster26_sample100_50k|cap=64|t=10003,4ff57d670738a951,,,inf,yes,8,yes,no
twemcache,twemcache_cluster26_sample100_50k,64,10003,twemcache_cluster26_sample100_50k|cap=64|t=10003,4ff57d670738a951,,,inf,yes,16,yes,no
twemcache,twemcache_cluster26_sample100_50k,64,10003,twemcache_cluster26_sample100_50k|cap=64|t=10003,3bc6c4ddd2a23673,,,inf,yes,1,yes,no
twemcache,twemcache_cluster26_sample100_50k,64,10003,twemcache_cluster26_sample100_50k|cap=64|t=10003,3bc6c4ddd2a23673,,,inf,yes,2,yes,no
twemcache,twemcache_cluster26_sample100_50k,64,10003,twemcache_cluster26_sample100_50k|cap=64|t=10003,3bc6c4ddd2a23673,,,inf,yes,4,yes,no
twemcache,twemcache_cluster26_sample100_50k,64,10003,twemcache_cluster26_sample100_50k|cap=64|t=10003,3bc6c4ddd2a23673,,,inf,yes,8,yes,no
twemcache,twemcache_cluster26_sample100_50k,64,10003,twemcache_cluster26_sample100_50k|cap=64|t=10003,3bc6c4ddd2a23673,,,inf,yes,16,yes,no
twemcache,twemcache_cluster26_sample100_50k,64,10003,twemcache_cluster26_sample100_50k|cap=64|t=10003,796598dd8239e5be,,,inf,yes,1,yes,no
twemcache,twemcache_cluster26_sample100_50k,64,10003,twemcache_cluster26_sample100_50k|cap=64|t=10003,796598dd8239e5be,,,inf,yes,2,yes,no
twemcache,twemcache_cluster26_sample100_50k,64,10003,twemcache_cluster26_sample100_50k|cap=64|t=10003,796598dd8239e5be,,,inf,yes,4,yes,no
twemcache,twemcache_cluster26_sample100_50k,64,10003,twemcache_cluster26_sample100_50k|cap=64|t=10003,796598dd8239e5be,,,inf,yes,8,yes,no
twemcache,twemcache_cluster26_sample100_50k,64,10003,twemcache_cluster26_sample100_50k|cap=64|t=10003,796598dd8239e5be,,,inf,yes,16,yes,no
twemcache,twemcache_cluster26_sample100_50k,64,10003,twemcache_cluster26_sample100_50k|cap=64|t=10003,34e21a522f9e12db,,,inf,yes,1,yes,no
twemcache,twemcache_cluster26_sample100_50k,64,10003,twemcache_cluster26_sample100_50k|cap=64|t=10003,34e21a522f9e12db,,,inf,yes,2,yes,no
twemcache,twemcache_cluster26_sample100_50k,64,10003,twemcache_cluster26_sample100_50k|cap=64|t=10003,34e21a522f9e12db,,,inf,yes,4,yes,no
twemcache,twemcache_cluster26_sample100_50k,64,10003,twemcache_cluster26_sample100_50k|cap=64|t=10003,34e21a522f9e12db,,,inf,yes,8,yes,no
twemcache,twemcache_cluster26_sample100_50k,64,10003,twemcache_cluster26_sample100_50k|cap=64|t=10003,34e21a522f9e12db,,,inf,yes,16,yes,no
twemcache,twemcache_cluster26_sample100_50k,64,10003,twemcache_cluster26_sample100_50k|cap=64|t=10003,c98855ec1ec489bb,,,inf,yes,1,yes,no
twemcache,twemcache_cluster26_sample100_50k,64,10003,twemcache_cluster26_sample100_50k|cap=64|t=10003,c98855ec1ec489bb,,,inf,yes,2,yes,no
twemcache,twemcache_cluster26_sample100_50k,64,10003,twemcache_cluster26_sample100_50k|cap=64|t=10003,c98855ec1ec489bb,,,inf,yes,4,yes,no
twemcache,twemcache_cluster26_sample100_50k,64,10003,twemcache_cluster26_sample100_50k|cap=64|t=10003,c98855ec1ec489bb,,,inf,yes,8,yes,no
twemcache,twemcache_cluster26_sample100_50k,64,10003,twemcache_cluster26_sample100_50k|cap=64|t=10003,c98855ec1ec489bb,,,inf,yes,16,yes,no
twemcache,twemcache_cluster26_sample100_50k,64,10003,twemcache_cluster26_sample100_50k|cap=64|t=10003,5ee20cc1305cd44b,,,inf,yes,1,yes,no
twemcache,twemcache_cluster26_sample100_50k,64,10003,twemcache_cluster26_sample100_50k|cap=64|t=10003,5ee20cc1305cd44b,,,inf,yes,2,yes,no
twemcache,twemcache_cluster26_sample100_50k,64,10003,twemcache_cluster26_sample100_50k|cap=64|t=10003,5ee20cc1305cd44b,,,inf,yes,4,yes,no
twemcache,twemcache_cluster26_sample100_50k,64,10003,twemcache_cluster26_sample100_50k|cap=64|t=10003,5ee20cc1305cd44b,,,inf,yes,8,yes,no
twemcache,twemcache_cluster26_sample100_50k,64,10003,twemcache_cluster26_sample100_50k|cap=64|t=10003,5ee20cc1305cd44b,,,inf,yes,16,yes,no
twemcache,twemcache_cluster26_sample100_50k,64,10003,twemcache_cluster26_sample100_50k|cap=64|t=10003,d0982ae70bc81630,,,inf,yes,1,yes,no
twemcache,twemcache_cluster26_sample100_50k,64,10003,twemcache_cluster26_sample100_50k|cap=64|t=10003,d0982ae70bc81630,,,inf,yes,2,yes,no
twemcache,twemcache_cluster26_sample100_50k,64,10003,twemcache_cluster26_sample100_50k|cap=64|t=10003,d0982ae70bc81630,,,inf,yes,4,yes,no
twemcache,twemcache_cluster26_sample100_50k,64,10003,twemcache_cluster26_sample100_50k|cap=64|t=10003,d0982ae70bc81630,,,inf,yes,8,yes,no
twemcache,twemcache_cluster26_sample100_50k,64,10003,twemcache_cluster26_sample100_50k|cap=64|t=10003,d0982ae70bc81630,,,inf,yes,16,yes,no
twemcache,twemcache_cluster26_sample100_50k,64,10004,twemcache_cluster26_sample100_50k|cap=64|t=10004,0f7aaec98799ab90,,,inf,yes,1,yes,no
twemcache,twemcache_cluster26_sample100_50k,64,10004,twemcache_cluster26_sample100_50k|cap=64|t=10004,0f7aaec98799ab90,,,inf,yes,2,yes,no
twemcache,twemcache_cluster26_sample100_50k,64,10004,twemcache_cluster26_sample100_50k|cap=64|t=10004,0f7aaec98799ab90,,,inf,yes,4,yes,no
twemcache,twemcache_cluster26_sample100_50k,64,10004,twemcache_cluster26_sample100_50k|cap=64|t=10004,0f7aaec98799ab90,,,inf,yes,8,yes,no
twemcache,twemcache_cluster26_sample100_50k,64,10004,twemcache_cluster26_sample100_50k|cap=64|t=10004,0f7aaec98799ab90,,,inf,yes,16,yes,no
twemcache,twemcache_cluster26_sample100_50k,64,10004,twemcache_cluster26_sample100_50k|cap=64|t=10004,4ff57d670738a951,,,inf,yes,1,yes,no
twemcache,twemcache_cluster26_sample100_50k,64,10004,twemcache_cluster26_sample100_50k|cap=64|t=10004,4ff57d670738a951,,,inf,yes,2,yes,no
twemcache,twemcache_cluster26_sample100_50k,64,10004,twemcache_cluster26_sample100_50k|cap=64|t=10004,4ff57d670738a951,,,inf,yes,4,yes,no
twemcache,twemcache_cluster26_sample100_50k,64,10004,twemcache_cluster26_sample100_50k|cap=64|t=10004,4ff57d670738a951,,,inf,yes,8,yes,no
twemcache,twemcache_cluster26_sample100_50k,64,10004,twemcache_cluster26_sample100_50k|cap=64|t=10004,4ff57d670738a951,,,inf,yes,16,yes,no
twemcache,twemcache_cluster26_sample100_50k,64,10004,twemcache_cluster26_sample100_50k|cap=64|t=10004,3bc6c4ddd2a23673,,,inf,yes,1,yes,no
twemcache,twemcache_cluster26_sample100_50k,64,10004,twemcache_cluster26_sample100_50k|cap=64|t=10004,3bc6c4ddd2a23673,,,inf,yes,2,yes,no
twemcache,twemcache_cluster26_sample100_50k,64,10004,twemcache_cluster26_sample100_50k|cap=64|t=10004,3bc6c4ddd2a23673,,,inf,yes,4,yes,no
twemcache,twemcache_cluster26_sample100_50k,64,10004,twemcache_cluster26_sample100_50k|cap=64|t=10004,3bc6c4ddd2a23673,,,inf,yes,8,yes,no
twemcache,twemcache_cluster26_sample100_50k,64,10004,twemcache_cluster26_sample100_50k|cap=64|t=10004,3bc6c4ddd2a23673,,,inf,yes,16,yes,no
twemcache,twemcache_cluster26_sample100_50k,64,10004,twemcache_cluster26_sample100_50k|cap=64|t=10004,796598dd8239e5be,,,inf,yes,1,yes,no
twemcache,twemcache_cluster26_sample100_50k,64,10004,twemcache_cluster26_sample100_50k|cap=64|t=10004,796598dd8239e5be,,,inf,yes,2,yes,no
twemcache,twemcache_cluster26_sample100_50k,64,10004,twemcache_cluster26_sample100_50k|cap=64|t=10004,796598dd8239e5be,,,inf,yes,4,yes,no
twemcache,twemcache_cluster26_sample100_50k,64,10004,twemcache_cluster26_sample100_50k|cap=64|t=10004,796598dd8239e5be,,,inf,yes,8,yes,no
twemcache,twemcache_cluster26_sample100_50k,64,10004,twemcache_cluster26_sample100_50k|cap=64|t=10004,796598dd8239e5be,,,inf,yes,16,yes,no
twemcache,twemcache_cluster26_sample100_50k,128,10001,twemcache_cluster26_sample100_50k|cap=128|t=10001,9a8fc3522b8ea08d,,11440,1439,no,1,yes,no
twemcache,twemcache_cluster26_sample100_50k,128,10001,twemcache_cluster26_sample100_50k|cap=128|t=10001,9a8fc3522b8ea08d,,11440,1439,no,2,yes,no
twemcache,twemcache_cluster26_sample100_50k,128,10001,twemcache_cluster26_sample100_50k|cap=128|t=10001,9a8fc3522b8ea08d,,11440,1439,no,4,yes,no
twemcache,twemcache_cluster26_sample100_50k,128,10001,twemcache_cluster26_sample100_50k|cap=128|t=10001,9a8fc3522b8ea08d,,11440,1439,no,8,yes,no
twemcache,twemcache_cluster26_sample100_50k,128,10001,twemcache_cluster26_sample100_50k|cap=128|t=10001,9a8fc3522b8ea08d,,11440,1439,no,16,yes,no
twemcache,twemcache_cluster26_sample100_50k,128,10001,twemcache_cluster26_sample100_50k|cap=128|t=10001,895200553ff64aec,,10078,77,no,1,yes,no
twemcache,twemcache_cluster26_sample100_50k,128,10001,twemcache_cluster26_sample100_50k|cap=128|t=10001,895200553ff64aec,,10078,77,no,2,yes,no
twemcache,twemcache_cluster26_sample100_50k,128,10001,twemcache_cluster26_sample100_50k|cap=128|t=10001,895200553ff64aec,,10078,77,no,4,yes,no
twemcache,twemcache_cluster26_sample100_50k,128,10001,twemcache_cluster26_sample100_50k|cap=128|t=10001,895200553ff64aec,,10078,77,no,8,yes,no
twemcache,twemcache_cluster26_sample100_50k,128,10001,twemcache_cluster26_sample100_50k|cap=128|t=10001,895200553ff64aec,,10078,77,no,16,yes,no
twemcache,twemcache_cluster26_sample100_50k,128,10001,twemcache_cluster26_sample100_50k|cap=128|t=10001,0c2f8aee31c4b7e2,,10042,41,no,1,yes,no
twemcache,twemcache_cluster26_sample100_50k,128,10001,twemcache_cluster26_sample100_50k|cap=128|t=10001,0c2f8aee31c4b7e2,,10042,41,no,2,yes,no
twemcache,twemcache_cluster26_sample100_50k,128,10001,twemcache_cluster26_sample100_50k|cap=128|t=10001,0c2f8aee31c4b7e2,,10042,41,no,4,yes,no
twemcache,twemcache_cluster26_sample100_50k,128,10001,twemcache_cluster26_sample100_50k|cap=128|t=10001,0c2f8aee31c4b7e2,,10042,41,no,8,yes,no
twemcache,twemcache_cluster26_sample100_50k,128,10001,twemcache_cluster26_sample100_50k|cap=128|t=10001,0c2f8aee31c4b7e2,,10042,41,no,16,yes,no
twemcache,twemcache_cluster26_sample100_50k,128,10001,twemcache_cluster26_sample100_50k|cap=128|t=10001,8429b67f527ab6ee,,,inf,yes,1,yes,no
twemcache,twemcache_cluster26_sample100_50k,128,10001,twemcache_cluster26_sample100_50k|cap=128|t=10001,8429b67f527ab6ee,,,inf,yes,2,yes,no
twemcache,twemcache_cluster26_sample100_50k,128,10001,twemcache_cluster26_sample100_50k|cap=128|t=10001,8429b67f527ab6ee,,,inf,yes,4,yes,no
twemcache,twemcache_cluster26_sample100_50k,128,10001,twemcache_cluster26_sample100_50k|cap=128|t=10001,8429b67f527ab6ee,,,inf,yes,8,yes,no
twemcache,twemcache_cluster26_sample100_50k,128,10001,twemcache_cluster26_sample100_50k|cap=128|t=10001,8429b67f527ab6ee,,,inf,yes,16,yes,no
twemcache,twemcache_cluster26_sample100_50k,128,10001,twemcache_cluster26_sample100_50k|cap=128|t=10001,a76133d297e6c664,,26328,16327,no,1,yes,no
twemcache,twemcache_cluster26_sample100_50k,128,10001,twemcache_cluster26_sample100_50k|cap=128|t=10001,a76133d297e6c664,,26328,16327,no,2,yes,no
twemcache,twemcache_cluster26_sample100_50k,128,10001,twemcache_cluster26_sample100_50k|cap=128|t=10001,a76133d297e6c664,,26328,16327,no,4,yes,no
twemcache,twemcache_cluster26_sample100_50k,128,10001,twemcache_cluster26_sample100_50k|cap=128|t=10001,a76133d297e6c664,,26328,16327,no,8,yes,no
twemcache,twemcache_cluster26_sample100_50k,128,10001,twemcache_cluster26_sample100_50k|cap=128|t=10001,a76133d297e6c664,,26328,16327,no,16,yes,no
twemcache,twemcache_cluster26_sample100_50k,128,10001,twemcache_cluster26_sample100_50k|cap=128|t=10001,d653cde57c25d480,,26327,16326,no,1,yes,no
twemcache,twemcache_cluster26_sample100_50k,128,10001,twemcache_cluster26_sample100_50k|cap=128|t=10001,d653cde57c25d480,,26327,16326,no,2,yes,no
twemcache,twemcache_cluster26_sample100_50k,128,10001,twemcache_cluster26_sample100_50k|cap=128|t=10001,d653cde57c25d480,,26327,16326,no,4,yes,no
twemcache,twemcache_cluster26_sample100_50k,128,10001,twemcache_cluster26_sample100_50k|cap=128|t=10001,d653cde57c25d480,,26327,16326,no,8,yes,no
twemcache,twemcache_cluster26_sample100_50k,128,10001,twemcache_cluster26_sample100_50k|cap=128|t=10001,d653cde57c25d480,,26327,16326,no,16,yes,no
twemcache,twemcache_cluster26_sample100_50k,128,10001,twemcache_cluster26_sample100_50k|cap=128|t=10001,9a784a379d09ff3b,,,inf,yes,1,yes,no
twemcache,twemcache_cluster26_sample100_50k,128,10001,twemcache_cluster26_sample100_50k|cap=128|t=10001,9a784a379d09ff3b,,,inf,yes,2,yes,no
twemcache,twemcache_cluster26_sample100_50k,128,10001,twemcache_cluster26_sample100_50k|cap=128|t=10001,9a784a379d09ff3b,,,inf,yes,4,yes,no
twemcache,twemcache_cluster26_sample100_50k,128,10001,twemcache_cluster26_sample100_50k|cap=128|t=10001,9a784a379d09ff3b,,,inf,yes,8,yes,no
twemcache,twemcache_cluster26_sample100_50k,128,10001,twemcache_cluster26_sample100_50k|cap=128|t=10001,9a784a379d09ff3b,,,inf,yes,16,yes,no
twemcache,twemcache_cluster26_sample100_50k,128,10001,twemcache_cluster26_sample100_50k|cap=128|t=10001,5521bc3c41d1af29,,,inf,yes,1,yes,no
twemcache,twemcache_cluster26_sample100_50k,128,10001,twemcache_cluster26_sample100_50k|cap=128|t=10001,5521bc3c41d1af29,,,inf,yes,2,yes,no
twemcache,twemcache_cluster26_sample100_50k,128,10001,twemcache_cluster26_sample100_50k|cap=128|t=10001,5521bc3c41d1af29,,,inf,yes,4,yes,no
twemcache,twemcache_cluster26_sample100_50k,128,10001,twemcache_cluster26_sample100_50k|cap=128|t=10001,5521bc3c41d1af29,,,inf,yes,8,yes,no
twemcache,twemcache_cluster26_sample100_50k,128,10001,twemcache_cluster26_sample100_50k|cap=128|t=10001,5521bc3c41d1af29,,,inf,yes,16,yes,no
twemcache,twemcache_cluster26_sample100_50k,128,10001,twemcache_cluster26_sample100_50k|cap=128|t=10001,3b7bea13e04f59eb,,26325,16324,no,1,yes,no
twemcache,twemcache_cluster26_sample100_50k,128,10001,twemcache_cluster26_sample100_50k|cap=128|t=10001,3b7bea13e04f59eb,,26325,16324,no,2,yes,no
twemcache,twemcache_cluster26_sample100_50k,128,10001,twemcache_cluster26_sample100_50k|cap=128|t=10001,3b7bea13e04f59eb,,26325,16324,no,4,yes,no
twemcache,twemcache_cluster26_sample100_50k,128,10001,twemcache_cluster26_sample100_50k|cap=128|t=10001,3b7bea13e04f59eb,,26325,16324,no,8,yes,no
twemcache,twemcache_cluster26_sample100_50k,128,10001,twemcache_cluster26_sample100_50k|cap=128|t=10001,3b7bea13e04f59eb,,26325,16324,no,16,yes,no
twemcache,twemcache_cluster26_sample100_50k,128,10001,twemcache_cluster26_sample100_50k|cap=128|t=10001,ce16a003ed4c0c0f,,26339,16338,no,1,yes,no
twemcache,twemcache_cluster26_sample100_50k,128,10001,twemcache_cluster26_sample100_50k|cap=128|t=10001,ce16a003ed4c0c0f,,26339,16338,no,2,yes,no
twemcache,twemcache_cluster26_sample100_50k,128,10001,twemcache_cluster26_sample100_50k|cap=128|t=10001,ce16a003ed4c0c0f,,26339,16338,no,4,yes,no
twemcache,twemcache_cluster26_sample100_50k,128,10001,twemcache_cluster26_sample100_50k|cap=128|t=10001,ce16a003ed4c0c0f,,26339,16338,no,8,yes,no
twemcache,twemcache_cluster26_sample100_50k,128,10001,twemcache_cluster26_sample100_50k|cap=128|t=10001,ce16a003ed4c0c0f,,26339,16338,no,16,yes,no
twemcache,twemcache_cluster26_sample100_50k,128,10001,twemcache_cluster26_sample100_50k|cap=128|t=10001,607621a20dcd6b9f,,26333,16332,no,1,yes,no
twemcache,twemcache_cluster26_sample100_50k,128,10001,twemcache_cluster26_sample100_50k|cap=128|t=10001,607621a20dcd6b9f,,26333,16332,no,2,yes,no
twemcache,twemcache_cluster26_sample100_50k,128,10001,twemcache_cluster26_sample100_50k|cap=128|t=10001,607621a20dcd6b9f,,26333,16332,no,4,yes,no
twemcache,twemcache_cluster26_sample100_50k,128,10001,twemcache_cluster26_sample100_50k|cap=128|t=10001,607621a20dcd6b9f,,26333,16332,no,8,yes,no
twemcache,twemcache_cluster26_sample100_50k,128,10001,twemcache_cluster26_sample100_50k|cap=128|t=10001,607621a20dcd6b9f,,26333,16332,no,16,yes,no
twemcache,twemcache_cluster26_sample100_50k,128,10001,twemcache_cluster26_sample100_50k|cap=128|t=10001,747767cb4f7f43e5,,26336,16335,no,1,yes,no
twemcache,twemcache_cluster26_sample100_50k,128,10001,twemcache_cluster26_sample100_50k|cap=128|t=10001,747767cb4f7f43e5,,26336,16335,no,2,yes,no
twemcache,twemcache_cluster26_sample100_50k,128,10001,twemcache_cluster26_sample100_50k|cap=128|t=10001,747767cb4f7f43e5,,26336,16335,no,4,yes,no
twemcache,twemcache_cluster26_sample100_50k,128,10001,twemcache_cluster26_sample100_50k|cap=128|t=10001,747767cb4f7f43e5,,26336,16335,no,8,yes,no
twemcache,twemcache_cluster26_sample100_50k,128,10001,twemcache_cluster26_sample100_50k|cap=128|t=10001,747767cb4f7f43e5,,26336,16335,no,16,yes,no
twemcache,twemcache_cluster26_sample100_50k,128,10001,twemcache_cluster26_sample100_50k|cap=128|t=10001,e232b21c8f08075a,,26335,16334,no,1,yes,no
twemcache,twemcache_cluster26_sample100_50k,128,10001,twemcache_cluster26_sample100_50k|cap=128|t=10001,e232b21c8f08075a,,26335,16334,no,2,yes,no
twemcache,twemcache_cluster26_sample100_50k,128,10001,twemcache_cluster26_sample100_50k|cap=128|t=10001,e232b21c8f08075a,,26335,16334,no,4,yes,no
twemcache,twemcache_cluster26_sample100_50k,128,10001,twemcache_cluster26_sample100_50k|cap=128|t=10001,e232b21c8f08075a,,26335,16334,no,8,yes,no
twemcache,twemcache_cluster26_sample100_50k,128,10001,twemcache_cluster26_sample100_50k|cap=128|t=10001,e232b21c8f08075a,,26335,16334,no,16,yes,no
twemcache,twemcache_cluster26_sample100_50k,128,10001,twemcache_cluster26_sample100_50k|cap=128|t=10001,6bfb816706c64b53,,,inf,yes,1,yes,no
twemcache,twemcache_cluster26_sample100_50k,128,10001,twemcache_cluster26_sample100_50k|cap=128|t=10001,6bfb816706c64b53,,,inf,yes,2,yes,no
twemcache,twemcache_cluster26_sample100_50k,128,10001,twemcache_cluster26_sample100_50k|cap=128|t=10001,6bfb816706c64b53,,,inf,yes,4,yes,no
twemcache,twemcache_cluster26_sample100_50k,128,10001,twemcache_cluster26_sample100_50k|cap=128|t=10001,6bfb816706c64b53,,,inf,yes,8,yes,no
twemcache,twemcache_cluster26_sample100_50k,128,10001,twemcache_cluster26_sample100_50k|cap=128|t=10001,6bfb816706c64b53,,,inf,yes,16,yes,no
twemcache,twemcache_cluster26_sample100_50k,128,10001,twemcache_cluster26_sample100_50k|cap=128|t=10001,10ec725156223e5d,,12726,2725,no,1,yes,no
twemcache,twemcache_cluster26_sample100_50k,128,10001,twemcache_cluster26_sample100_50k|cap=128|t=10001,10ec725156223e5d,,12726,2725,no,2,yes,no
twemcache,twemcache_cluster26_sample100_50k,128,10001,twemcache_cluster26_sample100_50k|cap=128|t=10001,10ec725156223e5d,,12726,2725,no,4,yes,no
twemcache,twemcache_cluster26_sample100_50k,128,10001,twemcache_cluster26_sample100_50k|cap=128|t=10001,10ec725156223e5d,,12726,2725,no,8,yes,no
twemcache,twemcache_cluster26_sample100_50k,128,10001,twemcache_cluster26_sample100_50k|cap=128|t=10001,10ec725156223e5d,,12726,2725,no,16,yes,no
twemcache,twemcache_cluster26_sample100_50k,128,10001,twemcache_cluster26_sample100_50k|cap=128|t=10001,3c07b0bf60e435dc,,26329,16328,no,1,yes,no
twemcache,twemcache_cluster26_sample100_50k,128,10001,twemcache_cluster26_sample100_50k|cap=128|t=10001,3c07b0bf60e435dc,,26329,16328,no,2,yes,no
twemcache,twemcache_cluster26_sample100_50k,128,10001,twemcache_cluster26_sample100_50k|cap=128|t=10001,3c07b0bf60e435dc,,26329,16328,no,4,yes,no
twemcache,twemcache_cluster26_sample100_50k,128,10001,twemcache_cluster26_sample100_50k|cap=128|t=10001,3c07b0bf60e435dc,,26329,16328,no,8,yes,no
twemcache,twemcache_cluster26_sample100_50k,128,10001,twemcache_cluster26_sample100_50k|cap=128|t=10001,3c07b0bf60e435dc,,26329,16328,no,16,yes,no
twemcache,twemcache_cluster26_sample100_50k,128,10001,twemcache_cluster26_sample100_50k|cap=128|t=10001,456564e9407482de,,26346,16345,no,1,yes,no
twemcache,twemcache_cluster26_sample100_50k,128,10001,twemcache_cluster26_sample100_50k|cap=128|t=10001,456564e9407482de,,26346,16345,no,2,yes,no
twemcache,twemcache_cluster26_sample100_50k,128,10001,twemcache_cluster26_sample100_50k|cap=128|t=10001,456564e9407482de,,26346,16345,no,4,yes,no
twemcache,twemcache_cluster26_sample100_50k,128,10001,twemcache_cluster26_sample100_50k|cap=128|t=10001,456564e9407482de,,26346,16345,no,8,yes,no
twemcache,twemcache_cluster26_sample100_50k,128,10001,twemcache_cluster26_sample100_50k|cap=128|t=10001,456564e9407482de,,26346,16345,no,16,yes,no
twemcache,twemcache_cluster26_sample100_50k,128,10001,twemcache_cluster26_sample100_50k|cap=128|t=10001,10ad8f8c1909f76b,,26322,16321,no,1,yes,no
twemcache,twemcache_cluster26_sample100_50k,128,10001,twemcache_cluster26_sample100_50k|cap=128|t=10001,10ad8f8c1909f76b,,26322,16321,no,2,yes,no
twemcache,twemcache_cluster26_sample100_50k,128,10001,twemcache_cluster26_sample100_50k|cap=128|t=10001,10ad8f8c1909f76b,,26322,16321,no,4,yes,no
twemcache,twemcache_cluster26_sample100_50k,128,10001,twemcache_cluster26_sample100_50k|cap=128|t=10001,10ad8f8c1909f76b,,26322,16321,no,8,yes,no
twemcache,twemcache_cluster26_sample100_50k,128,10001,twemcache_cluster26_sample100_50k|cap=128|t=10001,10ad8f8c1909f76b,,26322,16321,no,16,yes,no
twemcache,twemcache_cluster26_sample100_50k,128,10001,twemcache_cluster26_sample100_50k|cap=128|t=10001,cb7b98f94faf4574,,10299,298,no,1,yes,no
twemcache,twemcache_cluster26_sample100_50k,128,10001,twemcache_cluster26_sample100_50k|cap=128|t=10001,cb7b98f94faf4574,,10299,298,no,2,yes,no
twemcache,twemcache_cluster26_sample100_50k,128,10001,twemcache_cluster26_sample100_50k|cap=128|t=10001,cb7b98f94faf4574,,10299,298,no,4,yes,no
twemcache,twemcache_cluster26_sample100_50k,128,10001,twemcache_cluster26_sample100_50k|cap=128|t=10001,cb7b98f94faf4574,,10299,298,no,8,yes,no
twemcache,twemcache_cluster26_sample100_50k,128,10001,twemcache_cluster26_sample100_50k|cap=128|t=10001,cb7b98f94faf4574,,10299,298,no,16,yes,no
twemcache,twemcache_cluster26_sample100_50k,128,10001,twemcache_cluster26_sample100_50k|cap=128|t=10001,5b073cfb38218545,,26343,16342,no,1,yes,no
twemcache,twemcache_cluster26_sample100_50k,128,10001,twemcache_cluster26_sample100_50k|cap=128|t=10001,5b073cfb38218545,,26343,16342,no,2,yes,no
twemcache,twemcache_cluster26_sample100_50k,128,10001,twemcache_cluster26_sample100_50k|cap=128|t=10001,5b073cfb38218545,,26343,16342,no,4,yes,no
twemcache,twemcache_cluster26_sample100_50k,128,10001,twemcache_cluster26_sample100_50k|cap=128|t=10001,5b073cfb38218545,,26343,16342,no,8,yes,no
twemcache,twemcache_cluster26_sample100_50k,128,10001,twemcache_cluster26_sample100_50k|cap=128|t=10001,5b073cfb38218545,,26343,16342,no,16,yes,no
twemcache,twemcache_cluster26_sample100_50k,128,10001,twemcache_cluster26_sample100_50k|cap=128|t=10001,abb4600a1098d219,,26342,16341,no,1,yes,no
twemcache,twemcache_cluster26_sample100_50k,128,10001,twemcache_cluster26_sample100_50k|cap=128|t=10001,abb4600a1098d219,,26342,16341,no,2,yes,no
twemcache,twemcache_cluster26_sample100_50k,128,10001,twemcache_cluster26_sample100_50k|cap=128|t=10001,abb4600a1098d219,,26342,16341,no,4,yes,no
twemcache,twemcache_cluster26_sample100_50k,128,10001,twemcache_cluster26_sample100_50k|cap=128|t=10001,abb4600a1098d219,,26342,16341,no,8,yes,no
twemcache,twemcache_cluster26_sample100_50k,128,10001,twemcache_cluster26_sample100_50k|cap=128|t=10001,abb4600a1098d219,,26342,16341,no,16,yes,no
twemcache,twemcache_cluster26_sample100_50k,128,10001,twemcache_cluster26_sample100_50k|cap=128|t=10001,18c270bf16aa4cdb,,10043,42,no,1,yes,no
twemcache,twemcache_cluster26_sample100_50k,128,10001,twemcache_cluster26_sample100_50k|cap=128|t=10001,18c270bf16aa4cdb,,10043,42,no,2,yes,no
twemcache,twemcache_cluster26_sample100_50k,128,10001,twemcache_cluster26_sample100_50k|cap=128|t=10001,18c270bf16aa4cdb,,10043,42,no,4,yes,no
twemcache,twemcache_cluster26_sample100_50k,128,10001,twemcache_cluster26_sample100_50k|cap=128|t=10001,18c270bf16aa4cdb,,10043,42,no,8,yes,no
twemcache,twemcache_cluster26_sample100_50k,128,10001,twemcache_cluster26_sample100_50k|cap=128|t=10001,18c270bf16aa4cdb,,10043,42,no,16,yes,no
twemcache,twemcache_cluster26_sample100_50k,128,10001,twemcache_cluster26_sample100_50k|cap=128|t=10001,3f48c81669e900a2,,,inf,yes,1,yes,no
twemcache,twemcache_cluster26_sample100_50k,128,10001,twemcache_cluster26_sample100_50k|cap=128|t=10001,3f48c81669e900a2,,,inf,yes,2,yes,no
twemcache,twemcache_cluster26_sample100_50k,128,10001,twemcache_cluster26_sample100_50k|cap=128|t=10001,3f48c81669e900a2,,,inf,yes,4,yes,no
twemcache,twemcache_cluster26_sample100_50k,128,10001,twemcache_cluster26_sample100_50k|cap=128|t=10001,3f48c81669e900a2,,,inf,yes,8,yes,no
twemcache,twemcache_cluster26_sample100_50k,128,10001,twemcache_cluster26_sample100_50k|cap=128|t=10001,3f48c81669e900a2,,,inf,yes,16,yes,no
twemcache,twemcache_cluster26_sample100_50k,128,10001,twemcache_cluster26_sample100_50k|cap=128|t=10001,297829dae614031e,,10104,103,no,1,yes,no
twemcache,twemcache_cluster26_sample100_50k,128,10001,twemcache_cluster26_sample100_50k|cap=128|t=10001,297829dae614031e,,10104,103,no,2,yes,no
twemcache,twemcache_cluster26_sample100_50k,128,10001,twemcache_cluster26_sample100_50k|cap=128|t=10001,297829dae614031e,,10104,103,no,4,yes,no
twemcache,twemcache_cluster26_sample100_50k,128,10001,twemcache_cluster26_sample100_50k|cap=128|t=10001,297829dae614031e,,10104,103,no,8,yes,no
twemcache,twemcache_cluster26_sample100_50k,128,10001,twemcache_cluster26_sample100_50k|cap=128|t=10001,297829dae614031e,,10104,103,no,16,yes,no
twemcache,twemcache_cluster26_sample100_50k,128,10001,twemcache_cluster26_sample100_50k|cap=128|t=10001,0113e8ba872195f5,,10018,17,no,1,yes,no
twemcache,twemcache_cluster26_sample100_50k,128,10001,twemcache_cluster26_sample100_50k|cap=128|t=10001,0113e8ba872195f5,,10018,17,no,2,yes,no
twemcache,twemcache_cluster26_sample100_50k,128,10001,twemcache_cluster26_sample100_50k|cap=128|t=10001,0113e8ba872195f5,,10018,17,no,4,yes,no
twemcache,twemcache_cluster26_sample100_50k,128,10001,twemcache_cluster26_sample100_50k|cap=128|t=10001,0113e8ba872195f5,,10018,17,no,8,yes,no
twemcache,twemcache_cluster26_sample100_50k,128,10001,twemcache_cluster26_sample100_50k|cap=128|t=10001,0113e8ba872195f5,,10018,17,no,16,yes,no
twemcache,twemcache_cluster26_sample100_50k,128,10001,twemcache_cluster26_sample100_50k|cap=128|t=10001,45625228e6b41474,,,inf,yes,1,yes,no
twemcache,twemcache_cluster26_sample100_50k,128,10001,twemcache_cluster26_sample100_50k|cap=128|t=10001,45625228e6b41474,,,inf,yes,2,yes,no
twemcache,twemcache_cluster26_sample100_50k,128,10001,twemcache_cluster26_sample100_50k|cap=128|t=10001,45625228e6b41474,,,inf,yes,4,yes,no
twemcache,twemcache_cluster26_sample100_50k,128,10001,twemcache_cluster26_sample100_50k|cap=128|t=10001,45625228e6b41474,,,inf,yes,8,yes,no
twemcache,twemcache_cluster26_sample100_50k,128,10001,twemcache_cluster26_sample100_50k|cap=128|t=10001,45625228e6b41474,,,inf,yes,16,yes,no
twemcache,twemcache_cluster26_sample100_50k,128,10001,twemcache_cluster26_sample100_50k|cap=128|t=10001,48b4f288b0dfbf95,,,inf,yes,1,yes,no
twemcache,twemcache_cluster26_sample100_50k,128,10001,twemcache_cluster26_sample100_50k|cap=128|t=10001,48b4f288b0dfbf95,,,inf,yes,2,yes,no
twemcache,twemcache_cluster26_sample100_50k,128,10001,twemcache_cluster26_sample100_50k|cap=128|t=10001,48b4f288b0dfbf95,,,inf,yes,4,yes,no
twemcache,twemcache_cluster26_sample100_50k,128,10001,twemcache_cluster26_sample100_50k|cap=128|t=10001,48b4f288b0dfbf95,,,inf,yes,8,yes,no
twemcache,twemcache_cluster26_sample100_50k,128,10001,twemcache_cluster26_sample100_50k|cap=128|t=10001,48b4f288b0dfbf95,,,inf,yes,16,yes,no
twemcache,twemcache_cluster26_sample100_50k,128,10001,twemcache_cluster26_sample100_50k|cap=128|t=10001,606c6af885957a44,,,inf,yes,1,yes,no
twemcache,twemcache_cluster26_sample100_50k,128,10001,twemcache_cluster26_sample100_50k|cap=128|t=10001,606c6af885957a44,,,inf,yes,2,yes,no
twemcache,twemcache_cluster26_sample100_50k,128,10001,twemcache_cluster26_sample100_50k|cap=128|t=10001,606c6af885957a44,,,inf,yes,4,yes,no
twemcache,twemcache_cluster26_sample100_50k,128,10001,twemcache_cluster26_sample100_50k|cap=128|t=10001,606c6af885957a44,,,inf,yes,8,yes,no
twemcache,twemcache_cluster26_sample100_50k,128,10001,twemcache_cluster26_sample100_50k|cap=128|t=10001,606c6af885957a44,,,inf,yes,16,yes,no
twemcache,twemcache_cluster26_sample100_50k,128,10001,twemcache_cluster26_sample100_50k|cap=128|t=10001,46acf5d26e678064,,,inf,yes,1,yes,no
twemcache,twemcache_cluster26_sample100_50k,128,10001,twemcache_cluster26_sample100_50k|cap=128|t=10001,46acf5d26e678064,,,inf,yes,2,yes,no
twemcache,twemcache_cluster26_sample100_50k,128,10001,twemcache_cluster26_sample100_50k|cap=128|t=10001,46acf5d26e678064,,,inf,yes,4,yes,no
twemcache,twemcache_cluster26_sample100_50k,128,10001,twemcache_cluster26_sample100_50k|cap=128|t=10001,46acf5d26e678064,,,inf,yes,8,yes,no
twemcache,twemcache_cluster26_sample100_50k,128,10001,twemcache_cluster26_sample100_50k|cap=128|t=10001,46acf5d26e678064,,,inf,yes,16,yes,no
twemcache,twemcache_cluster26_sample100_50k,128,10001,twemcache_cluster26_sample100_50k|cap=128|t=10001,763a795b1ffd419b,,,inf,yes,1,yes,no
twemcache,twemcache_cluster26_sample100_50k,128,10001,twemcache_cluster26_sample100_50k|cap=128|t=10001,763a795b1ffd419b,,,inf,yes,2,yes,no
twemcache,twemcache_cluster26_sample100_50k,128,10001,twemcache_cluster26_sample100_50k|cap=128|t=10001,763a795b1ffd419b,,,inf,yes,4,yes,no
twemcache,twemcache_cluster26_sample100_50k,128,10001,twemcache_cluster26_sample100_50k|cap=128|t=10001,763a795b1ffd419b,,,inf,yes,8,yes,no
twemcache,twemcache_cluster26_sample100_50k,128,10001,twemcache_cluster26_sample100_50k|cap=128|t=10001,763a795b1ffd419b,,,inf,yes,16,yes,no
twemcache,twemcache_cluster26_sample100_50k,128,10001,twemcache_cluster26_sample100_50k|cap=128|t=10001,3bd1ab2175291cd1,,,inf,yes,1,yes,no
twemcache,twemcache_cluster26_sample100_50k,128,10001,twemcache_cluster26_sample100_50k|cap=128|t=10001,3bd1ab2175291cd1,,,inf,yes,2,yes,no
twemcache,twemcache_cluster26_sample100_50k,128,10001,twemcache_cluster26_sample100_50k|cap=128|t=10001,3bd1ab2175291cd1,,,inf,yes,4,yes,no
twemcache,twemcache_cluster26_sample100_50k,128,10001,twemcache_cluster26_sample100_50k|cap=128|t=10001,3bd1ab2175291cd1,,,inf,yes,8,yes,no
twemcache,twemcache_cluster26_sample100_50k,128,10001,twemcache_cluster26_sample100_50k|cap=128|t=10001,3bd1ab2175291cd1,,,inf,yes,16,yes,no
twemcache,twemcache_cluster26_sample100_50k,128,10001,twemcache_cluster26_sample100_50k|cap=128|t=10001,175c66e9cde078c5,,,inf,yes,1,yes,no
twemcache,twemcache_cluster26_sample100_50k,128,10001,twemcache_cluster26_sample100_50k|cap=128|t=10001,175c66e9cde078c5,,,inf,yes,2,yes,no
twemcache,twemcache_cluster26_sample100_50k,128,10001,twemcache_cluster26_sample100_50k|cap=128|t=10001,175c66e9cde078c5,,,inf,yes,4,yes,no
twemcache,twemcache_cluster26_sample100_50k,128,10001,twemcache_cluster26_sample100_50k|cap=128|t=10001,175c66e9cde078c5,,,inf,yes,8,yes,no
twemcache,twemcache_cluster26_sample100_50k,128,10001,twemcache_cluster26_sample100_50k|cap=128|t=10001,175c66e9cde078c5,,,inf,yes,16,yes,no
twemcache,twemcache_cluster26_sample100_50k,128,10001,twemcache_cluster26_sample100_50k|cap=128|t=10001,d0b05a3c434ec692,,,inf,yes,1,yes,no
twemcache,twemcache_cluster26_sample100_50k,128,10001,twemcache_cluster26_sample100_50k|cap=128|t=10001,d0b05a3c434ec692,,,inf,yes,2,yes,no
twemcache,twemcache_cluster26_sample100_50k,128,10001,twemcache_cluster26_sample100_50k|cap=128|t=10001,d0b05a3c434ec692,,,inf,yes,4,yes,no
twemcache,twemcache_cluster26_sample100_50k,128,10001,twemcache_cluster26_sample100_50k|cap=128|t=10001,d0b05a3c434ec692,,,inf,yes,8,yes,no
twemcache,twemcache_cluster26_sample100_50k,128,10001,twemcache_cluster26_sample100_50k|cap=128|t=10001,d0b05a3c434ec692,,,inf,yes,16,yes,no
twemcache,twemcache_cluster26_sample100_50k,128,10001,twemcache_cluster26_sample100_50k|cap=128|t=10001,e34d20e01828c9fb,,,inf,yes,1,yes,no
twemcache,twemcache_cluster26_sample100_50k,128,10001,twemcache_cluster26_sample100_50k|cap=128|t=10001,e34d20e01828c9fb,,,inf,yes,2,yes,no
twemcache,twemcache_cluster26_sample100_50k,128,10001,twemcache_cluster26_sample100_50k|cap=128|t=10001,e34d20e01828c9fb,,,inf,yes,4,yes,no
twemcache,twemcache_cluster26_sample100_50k,128,10001,twemcache_cluster26_sample100_50k|cap=128|t=10001,e34d20e01828c9fb,,,inf,yes,8,yes,no
twemcache,twemcache_cluster26_sample100_50k,128,10001,twemcache_cluster26_sample100_50k|cap=128|t=10001,e34d20e01828c9fb,,,inf,yes,16,yes,no
twemcache,twemcache_cluster26_sample100_50k,128,10001,twemcache_cluster26_sample100_50k|cap=128|t=10001,57614fe5c83e65fb,,,inf,yes,1,yes,no
twemcache,twemcache_cluster26_sample100_50k,128,10001,twemcache_cluster26_sample100_50k|cap=128|t=10001,57614fe5c83e65fb,,,inf,yes,2,yes,no
twemcache,twemcache_cluster26_sample100_50k,128,10001,twemcache_cluster26_sample100_50k|cap=128|t=10001,57614fe5c83e65fb,,,inf,yes,4,yes,no
twemcache,twemcache_cluster26_sample100_50k,128,10001,twemcache_cluster26_sample100_50k|cap=128|t=10001,57614fe5c83e65fb,,,inf,yes,8,yes,no
twemcache,twemcache_cluster26_sample100_50k,128,10001,twemcache_cluster26_sample100_50k|cap=128|t=10001,57614fe5c83e65fb,,,inf,yes,16,yes,no
twemcache,twemcache_cluster26_sample100_50k,128,10001,twemcache_cluster26_sample100_50k|cap=128|t=10001,5905db1fc6922621,,,inf,yes,1,yes,no
twemcache,twemcache_cluster26_sample100_50k,128,10001,twemcache_cluster26_sample100_50k|cap=128|t=10001,5905db1fc6922621,,,inf,yes,2,yes,no
twemcache,twemcache_cluster26_sample100_50k,128,10001,twemcache_cluster26_sample100_50k|cap=128|t=10001,5905db1fc6922621,,,inf,yes,4,yes,no
twemcache,twemcache_cluster26_sample100_50k,128,10001,twemcache_cluster26_sample100_50k|cap=128|t=10001,5905db1fc6922621,,,inf,yes,8,yes,no
twemcache,twemcache_cluster26_sample100_50k,128,10001,twemcache_cluster26_sample100_50k|cap=128|t=10001,5905db1fc6922621,,,inf,yes,16,yes,no
twemcache,twemcache_cluster26_sample100_50k,128,10001,twemcache_cluster26_sample100_50k|cap=128|t=10001,e1f73c3f6b1846a3,,,inf,yes,1,yes,no
twemcache,twemcache_cluster26_sample100_50k,128,10001,twemcache_cluster26_sample100_50k|cap=128|t=10001,e1f73c3f6b1846a3,,,inf,yes,2,yes,no
twemcache,twemcache_cluster26_sample100_50k,128,10001,twemcache_cluster26_sample100_50k|cap=128|t=10001,e1f73c3f6b1846a3,,,inf,yes,4,yes,no
twemcache,twemcache_cluster26_sample100_50k,128,10001,twemcache_cluster26_sample100_50k|cap=128|t=10001,e1f73c3f6b1846a3,,,inf,yes,8,yes,no
twemcache,twemcache_cluster26_sample100_50k,128,10001,twemcache_cluster26_sample100_50k|cap=128|t=10001,e1f73c3f6b1846a3,,,inf,yes,16,yes,no
twemcache,twemcache_cluster26_sample100_50k,128,10001,twemcache_cluster26_sample100_50k|cap=128|t=10001,0f7aaec98799ab90,,,inf,yes,1,yes,no
twemcache,twemcache_cluster26_sample100_50k,128,10001,twemcache_cluster26_sample100_50k|cap=128|t=10001,0f7aaec98799ab90,,,inf,yes,2,yes,no
twemcache,twemcache_cluster26_sample100_50k,128,10001,twemcache_cluster26_sample100_50k|cap=128|t=10001,0f7aaec98799ab90,,,inf,yes,4,yes,no
twemcache,twemcache_cluster26_sample100_50k,128,10001,twemcache_cluster26_sample100_50k|cap=128|t=10001,0f7aaec98799ab90,,,inf,yes,8,yes,no
twemcache,twemcache_cluster26_sample100_50k,128,10001,twemcache_cluster26_sample100_50k|cap=128|t=10001,0f7aaec98799ab90,,,inf,yes,16,yes,no
twemcache,twemcache_cluster26_sample100_50k,128,10001,twemcache_cluster26_sample100_50k|cap=128|t=10001,4ff57d670738a951,,,inf,yes,1,yes,no
twemcache,twemcache_cluster26_sample100_50k,128,10001,twemcache_cluster26_sample100_50k|cap=128|t=10001,4ff57d670738a951,,,inf,yes,2,yes,no
twemcache,twemcache_cluster26_sample100_50k,128,10001,twemcache_cluster26_sample100_50k|cap=128|t=10001,4ff57d670738a951,,,inf,yes,4,yes,no
twemcache,twemcache_cluster26_sample100_50k,128,10001,twemcache_cluster26_sample100_50k|cap=128|t=10001,4ff57d670738a951,,,inf,yes,8,yes,no
twemcache,twemcache_cluster26_sample100_50k,128,10001,twemcache_cluster26_sample100_50k|cap=128|t=10001,4ff57d670738a951,,,inf,yes,16,yes,no
twemcache,twemcache_cluster26_sample100_50k,128,10001,twemcache_cluster26_sample100_50k|cap=128|t=10001,3bc6c4ddd2a23673,,,inf,yes,1,yes,no
twemcache,twemcache_cluster26_sample100_50k,128,10001,twemcache_cluster26_sample100_50k|cap=128|t=10001,3bc6c4ddd2a23673,,,inf,yes,2,yes,no
twemcache,twemcache_cluster26_sample100_50k,128,10001,twemcache_cluster26_sample100_50k|cap=128|t=10001,3bc6c4ddd2a23673,,,inf,yes,4,yes,no
twemcache,twemcache_cluster26_sample100_50k,128,10001,twemcache_cluster26_sample100_50k|cap=128|t=10001,3bc6c4ddd2a23673,,,inf,yes,8,yes,no
twemcache,twemcache_cluster26_sample100_50k,128,10001,twemcache_cluster26_sample100_50k|cap=128|t=10001,3bc6c4ddd2a23673,,,inf,yes,16,yes,no
wiki2018,wiki2018_pageviews_en_50k,32,10000,wiki2018_pageviews_en_50k|cap=32|t=10000,a15709463fd00025,,,inf,yes,1,yes,no
wiki2018,wiki2018_pageviews_en_50k,32,10000,wiki2018_pageviews_en_50k|cap=32|t=10000,a15709463fd00025,,,inf,yes,2,yes,no
wiki2018,wiki2018_pageviews_en_50k,32,10000,wiki2018_pageviews_en_50k|cap=32|t=10000,a15709463fd00025,,,inf,yes,4,yes,no
wiki2018,wiki2018_pageviews_en_50k,32,10000,wiki2018_pageviews_en_50k|cap=32|t=10000,a15709463fd00025,,,inf,yes,8,yes,no
wiki2018,wiki2018_pageviews_en_50k,32,10000,wiki2018_pageviews_en_50k|cap=32|t=10000,a15709463fd00025,,,inf,yes,16,yes,no
wiki2018,wiki2018_pageviews_en_50k,32,10000,wiki2018_pageviews_en_50k|cap=32|t=10000,108cb8815a933a53,,,inf,yes,1,yes,no
wiki2018,wiki2018_pageviews_en_50k,32,10000,wiki2018_pageviews_en_50k|cap=32|t=10000,108cb8815a933a53,,,inf,yes,2,yes,no
wiki2018,wiki2018_pageviews_en_50k,32,10000,wiki2018_pageviews_en_50k|cap=32|t=10000,108cb8815a933a53,,,inf,yes,4,yes,no
wiki2018,wiki2018_pageviews_en_50k,32,10000,wiki2018_pageviews_en_50k|cap=32|t=10000,108cb8815a933a53,,,inf,yes,8,yes,no
wiki2018,wiki2018_pageviews_en_50k,32,10000,wiki2018_pageviews_en_50k|cap=32|t=10000,108cb8815a933a53,,,inf,yes,16,yes,no
wiki2018,wiki2018_pageviews_en_50k,32,10000,wiki2018_pageviews_en_50k|cap=32|t=10000,91fbdab70a95f334,,,inf,yes,1,yes,no
wiki2018,wiki2018_pageviews_en_50k,32,10000,wiki2018_pageviews_en_50k|cap=32|t=10000,91fbdab70a95f334,,,inf,yes,2,yes,no
wiki2018,wiki2018_pageviews_en_50k,32,10000,wiki2018_pageviews_en_50k|cap=32|t=10000,91fbdab70a95f334,,,inf,yes,4,yes,no
wiki2018,wiki2018_pageviews_en_50k,32,10000,wiki2018_pageviews_en_50k|cap=32|t=10000,91fbdab70a95f334,,,inf,yes,8,yes,no
wiki2018,wiki2018_pageviews_en_50k,32,10000,wiki2018_pageviews_en_50k|cap=32|t=10000,91fbdab70a95f334,,,inf,yes,16,yes,no
wiki2018,wiki2018_pageviews_en_50k,32,10000,wiki2018_pageviews_en_50k|cap=32|t=10000,17adb7beb96cb32a,,,inf,yes,1,yes,no
wiki2018,wiki2018_pageviews_en_50k,32,10000,wiki2018_pageviews_en_50k|cap=32|t=10000,17adb7beb96cb32a,,,inf,yes,2,yes,no
wiki2018,wiki2018_pageviews_en_50k,32,10000,wiki2018_pageviews_en_50k|cap=32|t=10000,17adb7beb96cb32a,,,inf,yes,4,yes,no
wiki2018,wiki2018_pageviews_en_50k,32,10000,wiki2018_pageviews_en_50k|cap=32|t=10000,17adb7beb96cb32a,,,inf,yes,8,yes,no
wiki2018,wiki2018_pageviews_en_50k,32,10000,wiki2018_pageviews_en_50k|cap=32|t=10000,17adb7beb96cb32a,,,inf,yes,16,yes,no
wiki2018,wiki2018_pageviews_en_50k,32,10000,wiki2018_pageviews_en_50k|cap=32|t=10000,8f3d77273f43d242,,,inf,yes,1,yes,no
wiki2018,wiki2018_pageviews_en_50k,32,10000,wiki2018_pageviews_en_50k|cap=32|t=10000,8f3d77273f43d242,,,inf,yes,2,yes,no
wiki2018,wiki2018_pageviews_en_50k,32,10000,wiki2018_pageviews_en_50k|cap=32|t=10000,8f3d77273f43d242,,,inf,yes,4,yes,no
wiki2018,wiki2018_pageviews_en_50k,32,10000,wiki2018_pageviews_en_50k|cap=32|t=10000,8f3d77273f43d242,,,inf,yes,8,yes,no
wiki2018,wiki2018_pageviews_en_50k,32,10000,wiki2018_pageviews_en_50k|cap=32|t=10000,8f3d77273f43d242,,,inf,yes,16,yes,no
wiki2018,wiki2018_pageviews_en_50k,32,10000,wiki2018_pageviews_en_50k|cap=32|t=10000,eeabaaacd211316e,,,inf,yes,1,yes,no
wiki2018,wiki2018_pageviews_en_50k,32,10000,wiki2018_pageviews_en_50k|cap=32|t=10000,eeabaaacd211316e,,,inf,yes,2,yes,no
wiki2018,wiki2018_pageviews_en_50k,32,10000,wiki2018_pageviews_en_50k|cap=32|t=10000,eeabaaacd211316e,,,inf,yes,4,yes,no
wiki2018,wiki2018_pageviews_en_50k,32,10000,wiki2018_pageviews_en_50k|cap=32|t=10000,eeabaaacd211316e,,,inf,yes,8,yes,no
wiki2018,wiki2018_pageviews_en_50k,32,10000,wiki2018_pageviews_en_50k|cap=32|t=10000,eeabaaacd211316e,,,inf,yes,16,yes,no
wiki2018,wiki2018_pageviews_en_50k,32,10000,wiki2018_pageviews_en_50k|cap=32|t=10000,e426732f2140a162,,,inf,yes,1,yes,no
wiki2018,wiki2018_pageviews_en_50k,32,10000,wiki2018_pageviews_en_50k|cap=32|t=10000,e426732f2140a162,,,inf,yes,2,yes,no
wiki2018,wiki2018_pageviews_en_50k,32,10000,wiki2018_pageviews_en_50k|cap=32|t=10000,e426732f2140a162,,,inf,yes,4,yes,no
wiki2018,wiki2018_pageviews_en_50k,32,10000,wiki2018_pageviews_en_50k|cap=32|t=10000,e426732f2140a162,,,inf,yes,8,yes,no
wiki2018,wiki2018_pageviews_en_50k,32,10000,wiki2018_pageviews_en_50k|cap=32|t=10000,e426732f2140a162,,,inf,yes,16,yes,no
wiki2018,wiki2018_pageviews_en_50k,32,10000,wiki2018_pageviews_en_50k|cap=32|t=10000,9bd4b2d96a1a19e0,,,inf,yes,1,yes,no
wiki2018,wiki2018_pageviews_en_50k,32,10000,wiki2018_pageviews_en_50k|cap=32|t=10000,9bd4b2d96a1a19e0,,,inf,yes,2,yes,no
wiki2018,wiki2018_pageviews_en_50k,32,10000,wiki2018_pageviews_en_50k|cap=32|t=10000,9bd4b2d96a1a19e0,,,inf,yes,4,yes,no
wiki2018,wiki2018_pageviews_en_50k,32,10000,wiki2018_pageviews_en_50k|cap=32|t=10000,9bd4b2d96a1a19e0,,,inf,yes,8,yes,no
wiki2018,wiki2018_pageviews_en_50k,32,10000,wiki2018_pageviews_en_50k|cap=32|t=10000,9bd4b2d96a1a19e0,,,inf,yes,16,yes,no
wiki2018,wiki2018_pageviews_en_50k,32,10000,wiki2018_pageviews_en_50k|cap=32|t=10000,6dd2e1f29de84b67,,,inf,yes,1,yes,no
wiki2018,wiki2018_pageviews_en_50k,32,10000,wiki2018_pageviews_en_50k|cap=32|t=10000,6dd2e1f29de84b67,,,inf,yes,2,yes,no
wiki2018,wiki2018_pageviews_en_50k,32,10000,wiki2018_pageviews_en_50k|cap=32|t=10000,6dd2e1f29de84b67,,,inf,yes,4,yes,no
wiki2018,wiki2018_pageviews_en_50k,32,10000,wiki2018_pageviews_en_50k|cap=32|t=10000,6dd2e1f29de84b67,,,inf,yes,8,yes,no
wiki2018,wiki2018_pageviews_en_50k,32,10000,wiki2018_pageviews_en_50k|cap=32|t=10000,6dd2e1f29de84b67,,,inf,yes,16,yes,no
wiki2018,wiki2018_pageviews_en_50k,32,10000,wiki2018_pageviews_en_50k|cap=32|t=10000,2d37c57972e1eeff,,,inf,yes,1,yes,no
wiki2018,wiki2018_pageviews_en_50k,32,10000,wiki2018_pageviews_en_50k|cap=32|t=10000,2d37c57972e1eeff,,,inf,yes,2,yes,no
wiki2018,wiki2018_pageviews_en_50k,32,10000,wiki2018_pageviews_en_50k|cap=32|t=10000,2d37c57972e1eeff,,,inf,yes,4,yes,no
wiki2018,wiki2018_pageviews_en_50k,32,10000,wiki2018_pageviews_en_50k|cap=32|t=10000,2d37c57972e1eeff,,,inf,yes,8,yes,no
wiki2018,wiki2018_pageviews_en_50k,32,10000,wiki2018_pageviews_en_50k|cap=32|t=10000,2d37c57972e1eeff,,,inf,yes,16,yes,no
wiki2018,wiki2018_pageviews_en_50k,32,10000,wiki2018_pageviews_en_50k|cap=32|t=10000,cd127b1d1bc105d2,,,inf,yes,1,yes,no
wiki2018,wiki2018_pageviews_en_50k,32,10000,wiki2018_pageviews_en_50k|cap=32|t=10000,cd127b1d1bc105d2,,,inf,yes,2,yes,no
wiki2018,wiki2018_pageviews_en_50k,32,10000,wiki2018_pageviews_en_50k|cap=32|t=10000,cd127b1d1bc105d2,,,inf,yes,4,yes,no
wiki2018,wiki2018_pageviews_en_50k,32,10000,wiki2018_pageviews_en_50k|cap=32|t=10000,cd127b1d1bc105d2,,,inf,yes,8,yes,no
wiki2018,wiki2018_pageviews_en_50k,32,10000,wiki2018_pageviews_en_50k|cap=32|t=10000,cd127b1d1bc105d2,,,inf,yes,16,yes,no
wiki2018,wiki2018_pageviews_en_50k,32,10000,wiki2018_pageviews_en_50k|cap=32|t=10000,499d95f090fef87c,,,inf,yes,1,yes,no
wiki2018,wiki2018_pageviews_en_50k,32,10000,wiki2018_pageviews_en_50k|cap=32|t=10000,499d95f090fef87c,,,inf,yes,2,yes,no
wiki2018,wiki2018_pageviews_en_50k,32,10000,wiki2018_pageviews_en_50k|cap=32|t=10000,499d95f090fef87c,,,inf,yes,4,yes,no
wiki2018,wiki2018_pageviews_en_50k,32,10000,wiki2018_pageviews_en_50k|cap=32|t=10000,499d95f090fef87c,,,inf,yes,8,yes,no
wiki2018,wiki2018_pageviews_en_50k,32,10000,wiki2018_pageviews_en_50k|cap=32|t=10000,499d95f090fef87c,,,inf,yes,16,yes,no
wiki2018,wiki2018_pageviews_en_50k,32,10000,wiki2018_pageviews_en_50k|cap=32|t=10000,e5ca07e3e01afbe1,,,inf,yes,1,yes,no
wiki2018,wiki2018_pageviews_en_50k,32,10000,wiki2018_pageviews_en_50k|cap=32|t=10000,e5ca07e3e01afbe1,,,inf,yes,2,yes,no
wiki2018,wiki2018_pageviews_en_50k,32,10000,wiki2018_pageviews_en_50k|cap=32|t=10000,e5ca07e3e01afbe1,,,inf,yes,4,yes,no
wiki2018,wiki2018_pageviews_en_50k,32,10000,wiki2018_pageviews_en_50k|cap=32|t=10000,e5ca07e3e01afbe1,,,inf,yes,8,yes,no
wiki2018,wiki2018_pageviews_en_50k,32,10000,wiki2018_pageviews_en_50k|cap=32|t=10000,e5ca07e3e01afbe1,,,inf,yes,16,yes,no
wiki2018,wiki2018_pageviews_en_50k,32,10000,wiki2018_pageviews_en_50k|cap=32|t=10000,b69e7b12ebfeb528,,,inf,yes,1,yes,no
wiki2018,wiki2018_pageviews_en_50k,32,10000,wiki2018_pageviews_en_50k|cap=32|t=10000,b69e7b12ebfeb528,,,inf,yes,2,yes,no
wiki2018,wiki2018_pageviews_en_50k,32,10000,wiki2018_pageviews_en_50k|cap=32|t=10000,b69e7b12ebfeb528,,,inf,yes,4,yes,no
wiki2018,wiki2018_pageviews_en_50k,32,10000,wiki2018_pageviews_en_50k|cap=32|t=10000,b69e7b12ebfeb528,,,inf,yes,8,yes,no
wiki2018,wiki2018_pageviews_en_50k,32,10000,wiki2018_pageviews_en_50k|cap=32|t=10000,b69e7b12ebfeb528,,,inf,yes,16,yes,no
wiki2018,wiki2018_pageviews_en_50k,32,10000,wiki2018_pageviews_en_50k|cap=32|t=10000,1d419234652115c9,,,inf,yes,1,yes,no
wiki2018,wiki2018_pageviews_en_50k,32,10000,wiki2018_pageviews_en_50k|cap=32|t=10000,1d419234652115c9,,,inf,yes,2,yes,no
wiki2018,wiki2018_pageviews_en_50k,32,10000,wiki2018_pageviews_en_50k|cap=32|t=10000,1d419234652115c9,,,inf,yes,4,yes,no
wiki2018,wiki2018_pageviews_en_50k,32,10000,wiki2018_pageviews_en_50k|cap=32|t=10000,1d419234652115c9,,,inf,yes,8,yes,no
wiki2018,wiki2018_pageviews_en_50k,32,10000,wiki2018_pageviews_en_50k|cap=32|t=10000,1d419234652115c9,,,inf,yes,16,yes,no
wiki2018,wiki2018_pageviews_en_50k,32,10000,wiki2018_pageviews_en_50k|cap=32|t=10000,e9c017afc2935fb6,,,inf,yes,1,yes,no
wiki2018,wiki2018_pageviews_en_50k,32,10000,wiki2018_pageviews_en_50k|cap=32|t=10000,e9c017afc2935fb6,,,inf,yes,2,yes,no
wiki2018,wiki2018_pageviews_en_50k,32,10000,wiki2018_pageviews_en_50k|cap=32|t=10000,e9c017afc2935fb6,,,inf,yes,4,yes,no
wiki2018,wiki2018_pageviews_en_50k,32,10000,wiki2018_pageviews_en_50k|cap=32|t=10000,e9c017afc2935fb6,,,inf,yes,8,yes,no
wiki2018,wiki2018_pageviews_en_50k,32,10000,wiki2018_pageviews_en_50k|cap=32|t=10000,e9c017afc2935fb6,,,inf,yes,16,yes,no
wiki2018,wiki2018_pageviews_en_50k,32,10000,wiki2018_pageviews_en_50k|cap=32|t=10000,01341b5c7d340d34,,,inf,yes,1,yes,no
wiki2018,wiki2018_pageviews_en_50k,32,10000,wiki2018_pageviews_en_50k|cap=32|t=10000,01341b5c7d340d34,,,inf,yes,2,yes,no
wiki2018,wiki2018_pageviews_en_50k,32,10000,wiki2018_pageviews_en_50k|cap=32|t=10000,01341b5c7d340d34,,,inf,yes,4,yes,no
wiki2018,wiki2018_pageviews_en_50k,32,10000,wiki2018_pageviews_en_50k|cap=32|t=10000,01341b5c7d340d34,,,inf,yes,8,yes,no
wiki2018,wiki2018_pageviews_en_50k,32,10000,wiki2018_pageviews_en_50k|cap=32|t=10000,01341b5c7d340d34,,,inf,yes,16,yes,no
wiki2018,wiki2018_pageviews_en_50k,32,10000,wiki2018_pageviews_en_50k|cap=32|t=10000,a11345edc02d9c1f,,,inf,yes,1,yes,no
wiki2018,wiki2018_pageviews_en_50k,32,10000,wiki2018_pageviews_en_50k|cap=32|t=10000,a11345edc02d9c1f,,,inf,yes,2,yes,no
wiki2018,wiki2018_pageviews_en_50k,32,10000,wiki2018_pageviews_en_50k|cap=32|t=10000,a11345edc02d9c1f,,,inf,yes,4,yes,no
wiki2018,wiki2018_pageviews_en_50k,32,10000,wiki2018_pageviews_en_50k|cap=32|t=10000,a11345edc02d9c1f,,,inf,yes,8,yes,no
wiki2018,wiki2018_pageviews_en_50k,32,10000,wiki2018_pageviews_en_50k|cap=32|t=10000,a11345edc02d9c1f,,,inf,yes,16,yes,no
wiki2018,wiki2018_pageviews_en_50k,32,10000,wiki2018_pageviews_en_50k|cap=32|t=10000,b48d99d277687466,,,inf,yes,1,yes,no
wiki2018,wiki2018_pageviews_en_50k,32,10000,wiki2018_pageviews_en_50k|cap=32|t=10000,b48d99d277687466,,,inf,yes,2,yes,no
wiki2018,wiki2018_pageviews_en_50k,32,10000,wiki2018_pageviews_en_50k|cap=32|t=10000,b48d99d277687466,,,inf,yes,4,yes,no
wiki2018,wiki2018_pageviews_en_50k,32,10000,wiki2018_pageviews_en_50k|cap=32|t=10000,b48d99d277687466,,,inf,yes,8,yes,no
wiki2018,wiki2018_pageviews_en_50k,32,10000,wiki2018_pageviews_en_50k|cap=32|t=10000,b48d99d277687466,,,inf,yes,16,yes,no
wiki2018,wiki2018_pageviews_en_50k,32,10000,wiki2018_pageviews_en_50k|cap=32|t=10000,991e94552410a7ba,,,inf,yes,1,yes,no
wiki2018,wiki2018_pageviews_en_50k,32,10000,wiki2018_pageviews_en_50k|cap=32|t=10000,991e94552410a7ba,,,inf,yes,2,yes,no
wiki2018,wiki2018_pageviews_en_50k,32,10000,wiki2018_pageviews_en_50k|cap=32|t=10000,991e94552410a7ba,,,inf,yes,4,yes,no
wiki2018,wiki2018_pageviews_en_50k,32,10000,wiki2018_pageviews_en_50k|cap=32|t=10000,991e94552410a7ba,,,inf,yes,8,yes,no
wiki2018,wiki2018_pageviews_en_50k,32,10000,wiki2018_pageviews_en_50k|cap=32|t=10000,991e94552410a7ba,,,inf,yes,16,yes,no
wiki2018,wiki2018_pageviews_en_50k,64,10000,wiki2018_pageviews_en_50k|cap=64|t=10000,483bfb11c388dbd0,,,inf,yes,1,yes,no
wiki2018,wiki2018_pageviews_en_50k,64,10000,wiki2018_pageviews_en_50k|cap=64|t=10000,483bfb11c388dbd0,,,inf,yes,2,yes,no
wiki2018,wiki2018_pageviews_en_50k,64,10000,wiki2018_pageviews_en_50k|cap=64|t=10000,483bfb11c388dbd0,,,inf,yes,4,yes,no
wiki2018,wiki2018_pageviews_en_50k,64,10000,wiki2018_pageviews_en_50k|cap=64|t=10000,483bfb11c388dbd0,,,inf,yes,8,yes,no
wiki2018,wiki2018_pageviews_en_50k,64,10000,wiki2018_pageviews_en_50k|cap=64|t=10000,483bfb11c388dbd0,,,inf,yes,16,yes,no
wiki2018,wiki2018_pageviews_en_50k,64,10000,wiki2018_pageviews_en_50k|cap=64|t=10000,5c549a160f4a1b82,,,inf,yes,1,yes,no
wiki2018,wiki2018_pageviews_en_50k,64,10000,wiki2018_pageviews_en_50k|cap=64|t=10000,5c549a160f4a1b82,,,inf,yes,2,yes,no
wiki2018,wiki2018_pageviews_en_50k,64,10000,wiki2018_pageviews_en_50k|cap=64|t=10000,5c549a160f4a1b82,,,inf,yes,4,yes,no
wiki2018,wiki2018_pageviews_en_50k,64,10000,wiki2018_pageviews_en_50k|cap=64|t=10000,5c549a160f4a1b82,,,inf,yes,8,yes,no
wiki2018,wiki2018_pageviews_en_50k,64,10000,wiki2018_pageviews_en_50k|cap=64|t=10000,5c549a160f4a1b82,,,inf,yes,16,yes,no
wiki2018,wiki2018_pageviews_en_50k,64,10000,wiki2018_pageviews_en_50k|cap=64|t=10000,12f2a26c3829e73d,,,inf,yes,1,yes,no
wiki2018,wiki2018_pageviews_en_50k,64,10000,wiki2018_pageviews_en_50k|cap=64|t=10000,12f2a26c3829e73d,,,inf,yes,2,yes,no
wiki2018,wiki2018_pageviews_en_50k,64,10000,wiki2018_pageviews_en_50k|cap=64|t=10000,12f2a26c3829e73d,,,inf,yes,4,yes,no
wiki2018,wiki2018_pageviews_en_50k,64,10000,wiki2018_pageviews_en_50k|cap=64|t=10000,12f2a26c3829e73d,,,inf,yes,8,yes,no
wiki2018,wiki2018_pageviews_en_50k,64,10000,wiki2018_pageviews_en_50k|cap=64|t=10000,12f2a26c3829e73d,,,inf,yes,16,yes,no
wiki2018,wiki2018_pageviews_en_50k,64,10000,wiki2018_pageviews_en_50k|cap=64|t=10000,4c03990f0e63dd3f,,,inf,yes,1,yes,no
wiki2018,wiki2018_pageviews_en_50k,64,10000,wiki2018_pageviews_en_50k|cap=64|t=10000,4c03990f0e63dd3f,,,inf,yes,2,yes,no
wiki2018,wiki2018_pageviews_en_50k,64,10000,wiki2018_pageviews_en_50k|cap=64|t=10000,4c03990f0e63dd3f,,,inf,yes,4,yes,no
wiki2018,wiki2018_pageviews_en_50k,64,10000,wiki2018_pageviews_en_50k|cap=64|t=10000,4c03990f0e63dd3f,,,inf,yes,8,yes,no
wiki2018,wiki2018_pageviews_en_50k,64,10000,wiki2018_pageviews_en_50k|cap=64|t=10000,4c03990f0e63dd3f,,,inf,yes,16,yes,no
wiki2018,wiki2018_pageviews_en_50k,64,10000,wiki2018_pageviews_en_50k|cap=64|t=10000,482930bd16a90865,,,inf,yes,1,yes,no
wiki2018,wiki2018_pageviews_en_50k,64,10000,wiki2018_pageviews_en_50k|cap=64|t=10000,482930bd16a90865,,,inf,yes,2,yes,no
wiki2018,wiki2018_pageviews_en_50k,64,10000,wiki2018_pageviews_en_50k|cap=64|t=10000,482930bd16a90865,,,inf,yes,4,yes,no
wiki2018,wiki2018_pageviews_en_50k,64,10000,wiki2018_pageviews_en_50k|cap=64|t=10000,482930bd16a90865,,,inf,yes,8,yes,no
wiki2018,wiki2018_pageviews_en_50k,64,10000,wiki2018_pageviews_en_50k|cap=64|t=10000,482930bd16a90865,,,inf,yes,16,yes,no
wiki2018,wiki2018_pageviews_en_50k,64,10000,wiki2018_pageviews_en_50k|cap=64|t=10000,52d79d43ad16124f,,,inf,yes,1,yes,no
wiki2018,wiki2018_pageviews_en_50k,64,10000,wiki2018_pageviews_en_50k|cap=64|t=10000,52d79d43ad16124f,,,inf,yes,2,yes,no
wiki2018,wiki2018_pageviews_en_50k,64,10000,wiki2018_pageviews_en_50k|cap=64|t=10000,52d79d43ad16124f,,,inf,yes,4,yes,no
wiki2018,wiki2018_pageviews_en_50k,64,10000,wiki2018_pageviews_en_50k|cap=64|t=10000,52d79d43ad16124f,,,inf,yes,8,yes,no
wiki2018,wiki2018_pageviews_en_50k,64,10000,wiki2018_pageviews_en_50k|cap=64|t=10000,52d79d43ad16124f,,,inf,yes,16,yes,no
wiki2018,wiki2018_pageviews_en_50k,64,10000,wiki2018_pageviews_en_50k|cap=64|t=10000,ff7f26ceeb7d05f9,,,inf,yes,1,yes,no
wiki2018,wiki2018_pageviews_en_50k,64,10000,wiki2018_pageviews_en_50k|cap=64|t=10000,ff7f26ceeb7d05f9,,,inf,yes,2,yes,no
wiki2018,wiki2018_pageviews_en_50k,64,10000,wiki2018_pageviews_en_50k|cap=64|t=10000,ff7f26ceeb7d05f9,,,inf,yes,4,yes,no
wiki2018,wiki2018_pageviews_en_50k,64,10000,wiki2018_pageviews_en_50k|cap=64|t=10000,ff7f26ceeb7d05f9,,,inf,yes,8,yes,no
wiki2018,wiki2018_pageviews_en_50k,64,10000,wiki2018_pageviews_en_50k|cap=64|t=10000,ff7f26ceeb7d05f9,,,inf,yes,16,yes,no
wiki2018,wiki2018_pageviews_en_50k,64,10000,wiki2018_pageviews_en_50k|cap=64|t=10000,79671c37af58e902,,,inf,yes,1,yes,no
wiki2018,wiki2018_pageviews_en_50k,64,10000,wiki2018_pageviews_en_50k|cap=64|t=10000,79671c37af58e902,,,inf,yes,2,yes,no
wiki2018,wiki2018_pageviews_en_50k,64,10000,wiki2018_pageviews_en_50k|cap=64|t=10000,79671c37af58e902,,,inf,yes,4,yes,no
wiki2018,wiki2018_pageviews_en_50k,64,10000,wiki2018_pageviews_en_50k|cap=64|t=10000,79671c37af58e902,,,inf,yes,8,yes,no
wiki2018,wiki2018_pageviews_en_50k,64,10000,wiki2018_pageviews_en_50k|cap=64|t=10000,79671c37af58e902,,,inf,yes,16,yes,no
wiki2018,wiki2018_pageviews_en_50k,64,10000,wiki2018_pageviews_en_50k|cap=64|t=10000,49f505de4a92785a,,,inf,yes,1,yes,no
wiki2018,wiki2018_pageviews_en_50k,64,10000,wiki2018_pageviews_en_50k|cap=64|t=10000,49f505de4a92785a,,,inf,yes,2,yes,no
wiki2018,wiki2018_pageviews_en_50k,64,10000,wiki2018_pageviews_en_50k|cap=64|t=10000,49f505de4a92785a,,,inf,yes,4,yes,no
wiki2018,wiki2018_pageviews_en_50k,64,10000,wiki2018_pageviews_en_50k|cap=64|t=10000,49f505de4a92785a,,,inf,yes,8,yes,no
wiki2018,wiki2018_pageviews_en_50k,64,10000,wiki2018_pageviews_en_50k|cap=64|t=10000,49f505de4a92785a,,,inf,yes,16,yes,no
wiki2018,wiki2018_pageviews_en_50k,64,10000,wiki2018_pageviews_en_50k|cap=64|t=10000,62d75a36021e57bd,,,inf,yes,1,yes,no
wiki2018,wiki2018_pageviews_en_50k,64,10000,wiki2018_pageviews_en_50k|cap=64|t=10000,62d75a36021e57bd,,,inf,yes,2,yes,no
wiki2018,wiki2018_pageviews_en_50k,64,10000,wiki2018_pageviews_en_50k|cap=64|t=10000,62d75a36021e57bd,,,inf,yes,4,yes,no
wiki2018,wiki2018_pageviews_en_50k,64,10000,wiki2018_pageviews_en_50k|cap=64|t=10000,62d75a36021e57bd,,,inf,yes,8,yes,no
wiki2018,wiki2018_pageviews_en_50k,64,10000,wiki2018_pageviews_en_50k|cap=64|t=10000,62d75a36021e57bd,,,inf,yes,16,yes,no
wiki2018,wiki2018_pageviews_en_50k,64,10000,wiki2018_pageviews_en_50k|cap=64|t=10000,f7444101039ba11d,,,inf,yes,1,yes,no
wiki2018,wiki2018_pageviews_en_50k,64,10000,wiki2018_pageviews_en_50k|cap=64|t=10000,f7444101039ba11d,,,inf,yes,2,yes,no
wiki2018,wiki2018_pageviews_en_50k,64,10000,wiki2018_pageviews_en_50k|cap=64|t=10000,f7444101039ba11d,,,inf,yes,4,yes,no
wiki2018,wiki2018_pageviews_en_50k,64,10000,wiki2018_pageviews_en_50k|cap=64|t=10000,f7444101039ba11d,,,inf,yes,8,yes,no
wiki2018,wiki2018_pageviews_en_50k,64,10000,wiki2018_pageviews_en_50k|cap=64|t=10000,f7444101039ba11d,,,inf,yes,16,yes,no
wiki2018,wiki2018_pageviews_en_50k,64,10000,wiki2018_pageviews_en_50k|cap=64|t=10000,b40642b3617efeaf,,,inf,yes,1,yes,no
wiki2018,wiki2018_pageviews_en_50k,64,10000,wiki2018_pageviews_en_50k|cap=64|t=10000,b40642b3617efeaf,,,inf,yes,2,yes,no
wiki2018,wiki2018_pageviews_en_50k,64,10000,wiki2018_pageviews_en_50k|cap=64|t=10000,b40642b3617efeaf,,,inf,yes,4,yes,no
wiki2018,wiki2018_pageviews_en_50k,64,10000,wiki2018_pageviews_en_50k|cap=64|t=10000,b40642b3617efeaf,,,inf,yes,8,yes,no
wiki2018,wiki2018_pageviews_en_50k,64,10000,wiki2018_pageviews_en_50k|cap=64|t=10000,b40642b3617efeaf,,,inf,yes,16,yes,no
wiki2018,wiki2018_pageviews_en_50k,64,10000,wiki2018_pageviews_en_50k|cap=64|t=10000,fe019d2e2a4e2dcf,,,inf,yes,1,yes,no
wiki2018,wiki2018_pageviews_en_50k,64,10000,wiki2018_pageviews_en_50k|cap=64|t=10000,fe019d2e2a4e2dcf,,,inf,yes,2,yes,no
wiki2018,wiki2018_pageviews_en_50k,64,10000,wiki2018_pageviews_en_50k|cap=64|t=10000,fe019d2e2a4e2dcf,,,inf,yes,4,yes,no
wiki2018,wiki2018_pageviews_en_50k,64,10000,wiki2018_pageviews_en_50k|cap=64|t=10000,fe019d2e2a4e2dcf,,,inf,yes,8,yes,no
wiki2018,wiki2018_pageviews_en_50k,64,10000,wiki2018_pageviews_en_50k|cap=64|t=10000,fe019d2e2a4e2dcf,,,inf,yes,16,yes,no
wiki2018,wiki2018_pageviews_en_50k,64,10000,wiki2018_pageviews_en_50k|cap=64|t=10000,05d86bd1cc2b2757,,,inf,yes,1,yes,no
wiki2018,wiki2018_pageviews_en_50k,64,10000,wiki2018_pageviews_en_50k|cap=64|t=10000,05d86bd1cc2b2757,,,inf,yes,2,yes,no
wiki2018,wiki2018_pageviews_en_50k,64,10000,wiki2018_pageviews_en_50k|cap=64|t=10000,05d86bd1cc2b2757,,,inf,yes,4,yes,no
wiki2018,wiki2018_pageviews_en_50k,64,10000,wiki2018_pageviews_en_50k|cap=64|t=10000,05d86bd1cc2b2757,,,inf,yes,8,yes,no
wiki2018,wiki2018_pageviews_en_50k,64,10000,wiki2018_pageviews_en_50k|cap=64|t=10000,05d86bd1cc2b2757,,,inf,yes,16,yes,no
wiki2018,wiki2018_pageviews_en_50k,64,10000,wiki2018_pageviews_en_50k|cap=64|t=10000,42926c3f356b42f8,,,inf,yes,1,yes,no
wiki2018,wiki2018_pageviews_en_50k,64,10000,wiki2018_pageviews_en_50k|cap=64|t=10000,42926c3f356b42f8,,,inf,yes,2,yes,no
wiki2018,wiki2018_pageviews_en_50k,64,10000,wiki2018_pageviews_en_50k|cap=64|t=10000,42926c3f356b42f8,,,inf,yes,4,yes,no
wiki2018,wiki2018_pageviews_en_50k,64,10000,wiki2018_pageviews_en_50k|cap=64|t=10000,42926c3f356b42f8,,,inf,yes,8,yes,no
wiki2018,wiki2018_pageviews_en_50k,64,10000,wiki2018_pageviews_en_50k|cap=64|t=10000,42926c3f356b42f8,,,inf,yes,16,yes,no
wiki2018,wiki2018_pageviews_en_50k,64,10000,wiki2018_pageviews_en_50k|cap=64|t=10000,e1b396768315edca,,,inf,yes,1,yes,no
wiki2018,wiki2018_pageviews_en_50k,64,10000,wiki2018_pageviews_en_50k|cap=64|t=10000,e1b396768315edca,,,inf,yes,2,yes,no
wiki2018,wiki2018_pageviews_en_50k,64,10000,wiki2018_pageviews_en_50k|cap=64|t=10000,e1b396768315edca,,,inf,yes,4,yes,no
wiki2018,wiki2018_pageviews_en_50k,64,10000,wiki2018_pageviews_en_50k|cap=64|t=10000,e1b396768315edca,,,inf,yes,8,yes,no
wiki2018,wiki2018_pageviews_en_50k,64,10000,wiki2018_pageviews_en_50k|cap=64|t=10000,e1b396768315edca,,,inf,yes,16,yes,no
wiki2018,wiki2018_pageviews_en_50k,64,10000,wiki2018_pageviews_en_50k|cap=64|t=10000,1b753a7aece73d36,,,inf,yes,1,yes,no
wiki2018,wiki2018_pageviews_en_50k,64,10000,wiki2018_pageviews_en_50k|cap=64|t=10000,1b753a7aece73d36,,,inf,yes,2,yes,no
wiki2018,wiki2018_pageviews_en_50k,64,10000,wiki2018_pageviews_en_50k|cap=64|t=10000,1b753a7aece73d36,,,inf,yes,4,yes,no
wiki2018,wiki2018_pageviews_en_50k,64,10000,wiki2018_pageviews_en_50k|cap=64|t=10000,1b753a7aece73d36,,,inf,yes,8,yes,no
wiki2018,wiki2018_pageviews_en_50k,64,10000,wiki2018_pageviews_en_50k|cap=64|t=10000,1b753a7aece73d36,,,inf,yes,16,yes,no
wiki2018,wiki2018_pageviews_en_50k,64,10000,wiki2018_pageviews_en_50k|cap=64|t=10000,22b2634126bda5a5,,,inf,yes,1,yes,no
wiki2018,wiki2018_pageviews_en_50k,64,10000,wiki2018_pageviews_en_50k|cap=64|t=10000,22b2634126bda5a5,,,inf,yes,2,yes,no
wiki2018,wiki2018_pageviews_en_50k,64,10000,wiki2018_pageviews_en_50k|cap=64|t=10000,22b2634126bda5a5,,,inf,yes,4,yes,no
wiki2018,wiki2018_pageviews_en_50k,64,10000,wiki2018_pageviews_en_50k|cap=64|t=10000,22b2634126bda5a5,,,inf,yes,8,yes,no
wiki2018,wiki2018_pageviews_en_50k,64,10000,wiki2018_pageviews_en_50k|cap=64|t=10000,22b2634126bda5a5,,,inf,yes,16,yes,no
wiki2018,wiki2018_pageviews_en_50k,64,10000,wiki2018_pageviews_en_50k|cap=64|t=10000,50fc26f51268cc4a,,,inf,yes,1,yes,no
wiki2018,wiki2018_pageviews_en_50k,64,10000,wiki2018_pageviews_en_50k|cap=64|t=10000,50fc26f51268cc4a,,,inf,yes,2,yes,no
wiki2018,wiki2018_pageviews_en_50k,64,10000,wiki2018_pageviews_en_50k|cap=64|t=10000,50fc26f51268cc4a,,,inf,yes,4,yes,no
wiki2018,wiki2018_pageviews_en_50k,64,10000,wiki2018_pageviews_en_50k|cap=64|t=10000,50fc26f51268cc4a,,,inf,yes,8,yes,no
wiki2018,wiki2018_pageviews_en_50k,64,10000,wiki2018_pageviews_en_50k|cap=64|t=10000,50fc26f51268cc4a,,,inf,yes,16,yes,no
wiki2018,wiki2018_pageviews_en_50k,64,10000,wiki2018_pageviews_en_50k|cap=64|t=10000,fab6c36f688c421c,,,inf,yes,1,yes,no
wiki2018,wiki2018_pageviews_en_50k,64,10000,wiki2018_pageviews_en_50k|cap=64|t=10000,fab6c36f688c421c,,,inf,yes,2,yes,no
wiki2018,wiki2018_pageviews_en_50k,64,10000,wiki2018_pageviews_en_50k|cap=64|t=10000,fab6c36f688c421c,,,inf,yes,4,yes,no
wiki2018,wiki2018_pageviews_en_50k,64,10000,wiki2018_pageviews_en_50k|cap=64|t=10000,fab6c36f688c421c,,,inf,yes,8,yes,no
wiki2018,wiki2018_pageviews_en_50k,64,10000,wiki2018_pageviews_en_50k|cap=64|t=10000,fab6c36f688c421c,,,inf,yes,16,yes,no
wiki2018,wiki2018_pageviews_en_50k,128,10000,wiki2018_pageviews_en_50k|cap=128|t=10000,29f95a6c62852f38,,,inf,yes,1,yes,no
wiki2018,wiki2018_pageviews_en_50k,128,10000,wiki2018_pageviews_en_50k|cap=128|t=10000,29f95a6c62852f38,,,inf,yes,2,yes,no
wiki2018,wiki2018_pageviews_en_50k,128,10000,wiki2018_pageviews_en_50k|cap=128|t=10000,29f95a6c62852f38,,,inf,yes,4,yes,no
wiki2018,wiki2018_pageviews_en_50k,128,10000,wiki2018_pageviews_en_50k|cap=128|t=10000,29f95a6c62852f38,,,inf,yes,8,yes,no
wiki2018,wiki2018_pageviews_en_50k,128,10000,wiki2018_pageviews_en_50k|cap=128|t=10000,29f95a6c62852f38,,,inf,yes,16,yes,no
wiki2018,wiki2018_pageviews_en_50k,128,10000,wiki2018_pageviews_en_50k|cap=128|t=10000,17db2c419f92698f,,,inf,yes,1,yes,no
wiki2018,wiki2018_pageviews_en_50k,128,10000,wiki2018_pageviews_en_50k|cap=128|t=10000,17db2c419f92698f,,,inf,yes,2,yes,no
wiki2018,wiki2018_pageviews_en_50k,128,10000,wiki2018_pageviews_en_50k|cap=128|t=10000,17db2c419f92698f,,,inf,yes,4,yes,no
wiki2018,wiki2018_pageviews_en_50k,128,10000,wiki2018_pageviews_en_50k|cap=128|t=10000,17db2c419f92698f,,,inf,yes,8,yes,no
wiki2018,wiki2018_pageviews_en_50k,128,10000,wiki2018_pageviews_en_50k|cap=128|t=10000,17db2c419f92698f,,,inf,yes,16,yes,no
wiki2018,wiki2018_pageviews_en_50k,128,10000,wiki2018_pageviews_en_50k|cap=128|t=10000,1195d76009e21790,,,inf,yes,1,yes,no
wiki2018,wiki2018_pageviews_en_50k,128,10000,wiki2018_pageviews_en_50k|cap=128|t=10000,1195d76009e21790,,,inf,yes,2,yes,no
wiki2018,wiki2018_pageviews_en_50k,128,10000,wiki2018_pageviews_en_50k|cap=128|t=10000,1195d76009e21790,,,inf,yes,4,yes,no
wiki2018,wiki2018_pageviews_en_50k,128,10000,wiki2018_pageviews_en_50k|cap=128|t=10000,1195d76009e21790,,,inf,yes,8,yes,no
wiki2018,wiki2018_pageviews_en_50k,128,10000,wiki2018_pageviews_en_50k|cap=128|t=10000,1195d76009e21790,,,inf,yes,16,yes,no
wiki2018,wiki2018_pageviews_en_50k,128,10000,wiki2018_pageviews_en_50k|cap=128|t=10000,bef3b3bcdf1c7b12,,,inf,yes,1,yes,no
wiki2018,wiki2018_pageviews_en_50k,128,10000,wiki2018_pageviews_en_50k|cap=128|t=10000,bef3b3bcdf1c7b12,,,inf,yes,2,yes,no
wiki2018,wiki2018_pageviews_en_50k,128,10000,wiki2018_pageviews_en_50k|cap=128|t=10000,bef3b3bcdf1c7b12,,,inf,yes,4,yes,no
wiki2018,wiki2018_pageviews_en_50k,128,10000,wiki2018_pageviews_en_50k|cap=128|t=10000,bef3b3bcdf1c7b12,,,inf,yes,8,yes,no
wiki2018,wiki2018_pageviews_en_50k,128,10000,wiki2018_pageviews_en_50k|cap=128|t=10000,bef3b3bcdf1c7b12,,,inf,yes,16,yes,no
wiki2018,wiki2018_pageviews_en_50k,128,10000,wiki2018_pageviews_en_50k|cap=128|t=10000,cfc5e5f68777f135,,,inf,yes,1,yes,no
wiki2018,wiki2018_pageviews_en_50k,128,10000,wiki2018_pageviews_en_50k|cap=128|t=10000,cfc5e5f68777f135,,,inf,yes,2,yes,no
wiki2018,wiki2018_pageviews_en_50k,128,10000,wiki2018_pageviews_en_50k|cap=128|t=10000,cfc5e5f68777f135,,,inf,yes,4,yes,no
wiki2018,wiki2018_pageviews_en_50k,128,10000,wiki2018_pageviews_en_50k|cap=128|t=10000,cfc5e5f68777f135,,,inf,yes,8,yes,no
wiki2018,wiki2018_pageviews_en_50k,128,10000,wiki2018_pageviews_en_50k|cap=128|t=10000,cfc5e5f68777f135,,,inf,yes,16,yes,no
wiki2018,wiki2018_pageviews_en_50k,128,10000,wiki2018_pageviews_en_50k|cap=128|t=10000,3c0cdf42ea2971b1,,,inf,yes,1,yes,no
wiki2018,wiki2018_pageviews_en_50k,128,10000,wiki2018_pageviews_en_50k|cap=128|t=10000,3c0cdf42ea2971b1,,,inf,yes,2,yes,no
wiki2018,wiki2018_pageviews_en_50k,128,10000,wiki2018_pageviews_en_50k|cap=128|t=10000,3c0cdf42ea2971b1,,,inf,yes,4,yes,no
wiki2018,wiki2018_pageviews_en_50k,128,10000,wiki2018_pageviews_en_50k|cap=128|t=10000,3c0cdf42ea2971b1,,,inf,yes,8,yes,no
wiki2018,wiki2018_pageviews_en_50k,128,10000,wiki2018_pageviews_en_50k|cap=128|t=10000,3c0cdf42ea2971b1,,,inf,yes,16,yes,no
wiki2018,wiki2018_pageviews_en_50k,128,10000,wiki2018_pageviews_en_50k|cap=128|t=10000,3d670b1458b717f7,,,inf,yes,1,yes,no
wiki2018,wiki2018_pageviews_en_50k,128,10000,wiki2018_pageviews_en_50k|cap=128|t=10000,3d670b1458b717f7,,,inf,yes,2,yes,no
wiki2018,wiki2018_pageviews_en_50k,128,10000,wiki2018_pageviews_en_50k|cap=128|t=10000,3d670b1458b717f7,,,inf,yes,4,yes,no
wiki2018,wiki2018_pageviews_en_50k,128,10000,wiki2018_pageviews_en_50k|cap=128|t=10000,3d670b1458b717f7,,,inf,yes,8,yes,no
wiki2018,wiki2018_pageviews_en_50k,128,10000,wiki2018_pageviews_en_50k|cap=128|t=10000,3d670b1458b717f7,,,inf,yes,16,yes,no
wiki2018,wiki2018_pageviews_en_50k,128,10000,wiki2018_pageviews_en_50k|cap=128|t=10000,3a872884f7b31c77,,,inf,yes,1,yes,no
wiki2018,wiki2018_pageviews_en_50k,128,10000,wiki2018_pageviews_en_50k|cap=128|t=10000,3a872884f7b31c77,,,inf,yes,2,yes,no
wiki2018,wiki2018_pageviews_en_50k,128,10000,wiki2018_pageviews_en_50k|cap=128|t=10000,3a872884f7b31c77,,,inf,yes,4,yes,no
wiki2018,wiki2018_pageviews_en_50k,128,10000,wiki2018_pageviews_en_50k|cap=128|t=10000,3a872884f7b31c77,,,inf,yes,8,yes,no
wiki2018,wiki2018_pageviews_en_50k,128,10000,wiki2018_pageviews_en_50k|cap=128|t=10000,3a872884f7b31c77,,,inf,yes,16,yes,no
wiki2018,wiki2018_pageviews_en_50k,128,10000,wiki2018_pageviews_en_50k|cap=128|t=10000,8709f680cbb8da6a,,,inf,yes,1,yes,no
wiki2018,wiki2018_pageviews_en_50k,128,10000,wiki2018_pageviews_en_50k|cap=128|t=10000,8709f680cbb8da6a,,,inf,yes,2,yes,no
wiki2018,wiki2018_pageviews_en_50k,128,10000,wiki2018_pageviews_en_50k|cap=128|t=10000,8709f680cbb8da6a,,,inf,yes,4,yes,no
wiki2018,wiki2018_pageviews_en_50k,128,10000,wiki2018_pageviews_en_50k|cap=128|t=10000,8709f680cbb8da6a,,,inf,yes,8,yes,no
wiki2018,wiki2018_pageviews_en_50k,128,10000,wiki2018_pageviews_en_50k|cap=128|t=10000,8709f680cbb8da6a,,,inf,yes,16,yes,no
wiki2018,wiki2018_pageviews_en_50k,128,10000,wiki2018_pageviews_en_50k|cap=128|t=10000,d085101e0a34687f,,,inf,yes,1,yes,no
wiki2018,wiki2018_pageviews_en_50k,128,10000,wiki2018_pageviews_en_50k|cap=128|t=10000,d085101e0a34687f,,,inf,yes,2,yes,no
wiki2018,wiki2018_pageviews_en_50k,128,10000,wiki2018_pageviews_en_50k|cap=128|t=10000,d085101e0a34687f,,,inf,yes,4,yes,no
wiki2018,wiki2018_pageviews_en_50k,128,10000,wiki2018_pageviews_en_50k|cap=128|t=10000,d085101e0a34687f,,,inf,yes,8,yes,no
wiki2018,wiki2018_pageviews_en_50k,128,10000,wiki2018_pageviews_en_50k|cap=128|t=10000,d085101e0a34687f,,,inf,yes,16,yes,no
wiki2018,wiki2018_pageviews_en_50k,128,10000,wiki2018_pageviews_en_50k|cap=128|t=10000,a95f25f002b7db43,,,inf,yes,1,yes,no
wiki2018,wiki2018_pageviews_en_50k,128,10000,wiki2018_pageviews_en_50k|cap=128|t=10000,a95f25f002b7db43,,,inf,yes,2,yes,no
wiki2018,wiki2018_pageviews_en_50k,128,10000,wiki2018_pageviews_en_50k|cap=128|t=10000,a95f25f002b7db43,,,inf,yes,4,yes,no
wiki2018,wiki2018_pageviews_en_50k,128,10000,wiki2018_pageviews_en_50k|cap=128|t=10000,a95f25f002b7db43,,,inf,yes,8,yes,no
wiki2018,wiki2018_pageviews_en_50k,128,10000,wiki2018_pageviews_en_50k|cap=128|t=10000,a95f25f002b7db43,,,inf,yes,16,yes,no
wiki2018,wiki2018_pageviews_en_50k,128,10000,wiki2018_pageviews_en_50k|cap=128|t=10000,636b62f97824d0d3,,,inf,yes,1,yes,no
wiki2018,wiki2018_pageviews_en_50k,128,10000,wiki2018_pageviews_en_50k|cap=128|t=10000,636b62f97824d0d3,,,inf,yes,2,yes,no
wiki2018,wiki2018_pageviews_en_50k,128,10000,wiki2018_pageviews_en_50k|cap=128|t=10000,636b62f97824d0d3,,,inf,yes,4,yes,no
wiki2018,wiki2018_pageviews_en_50k,128,10000,wiki2018_pageviews_en_50k|cap=128|t=10000,636b62f97824d0d3,,,inf,yes,8,yes,no
wiki2018,wiki2018_pageviews_en_50k,128,10000,wiki2018_pageviews_en_50k|cap=128|t=10000,636b62f97824d0d3,,,inf,yes,16,yes,no
wiki2018,wiki2018_pageviews_en_50k,128,10000,wiki2018_pageviews_en_50k|cap=128|t=10000,74dcdf96ee20c0ee,,,inf,yes,1,yes,no
wiki2018,wiki2018_pageviews_en_50k,128,10000,wiki2018_pageviews_en_50k|cap=128|t=10000,74dcdf96ee20c0ee,,,inf,yes,2,yes,no
wiki2018,wiki2018_pageviews_en_50k,128,10000,wiki2018_pageviews_en_50k|cap=128|t=10000,74dcdf96ee20c0ee,,,inf,yes,4,yes,no
wiki2018,wiki2018_pageviews_en_50k,128,10000,wiki2018_pageviews_en_50k|cap=128|t=10000,74dcdf96ee20c0ee,,,inf,yes,8,yes,no
wiki2018,wiki2018_pageviews_en_50k,128,10000,wiki2018_pageviews_en_50k|cap=128|t=10000,74dcdf96ee20c0ee,,,inf,yes,16,yes,no
wiki2018,wiki2018_pageviews_en_50k,128,10000,wiki2018_pageviews_en_50k|cap=128|t=10000,ecce26946f10f848,,,inf,yes,1,yes,no
wiki2018,wiki2018_pageviews_en_50k,128,10000,wiki2018_pageviews_en_50k|cap=128|t=10000,ecce26946f10f848,,,inf,yes,2,yes,no
wiki2018,wiki2018_pageviews_en_50k,128,10000,wiki2018_pageviews_en_50k|cap=128|t=10000,ecce26946f10f848,,,inf,yes,4,yes,no
wiki2018,wiki2018_pageviews_en_50k,128,10000,wiki2018_pageviews_en_50k|cap=128|t=10000,ecce26946f10f848,,,inf,yes,8,yes,no
wiki2018,wiki2018_pageviews_en_50k,128,10000,wiki2018_pageviews_en_50k|cap=128|t=10000,ecce26946f10f848,,,inf,yes,16,yes,no
wiki2018,wiki2018_pageviews_en_50k,128,10000,wiki2018_pageviews_en_50k|cap=128|t=10000,76e304c4a291a935,,,inf,yes,1,yes,no
wiki2018,wiki2018_pageviews_en_50k,128,10000,wiki2018_pageviews_en_50k|cap=128|t=10000,76e304c4a291a935,,,inf,yes,2,yes,no
wiki2018,wiki2018_pageviews_en_50k,128,10000,wiki2018_pageviews_en_50k|cap=128|t=10000,76e304c4a291a935,,,inf,yes,4,yes,no
wiki2018,wiki2018_pageviews_en_50k,128,10000,wiki2018_pageviews_en_50k|cap=128|t=10000,76e304c4a291a935,,,inf,yes,8,yes,no
wiki2018,wiki2018_pageviews_en_50k,128,10000,wiki2018_pageviews_en_50k|cap=128|t=10000,76e304c4a291a935,,,inf,yes,16,yes,no
wiki2018,wiki2018_pageviews_en_50k,128,10000,wiki2018_pageviews_en_50k|cap=128|t=10000,c3387a304c12126c,,,inf,yes,1,yes,no
wiki2018,wiki2018_pageviews_en_50k,128,10000,wiki2018_pageviews_en_50k|cap=128|t=10000,c3387a304c12126c,,,inf,yes,2,yes,no
wiki2018,wiki2018_pageviews_en_50k,128,10000,wiki2018_pageviews_en_50k|cap=128|t=10000,c3387a304c12126c,,,inf,yes,4,yes,no
wiki2018,wiki2018_pageviews_en_50k,128,10000,wiki2018_pageviews_en_50k|cap=128|t=10000,c3387a304c12126c,,,inf,yes,8,yes,no
wiki2018,wiki2018_pageviews_en_50k,128,10000,wiki2018_pageviews_en_50k|cap=128|t=10000,c3387a304c12126c,,,inf,yes,16,yes,no
wiki2018,wiki2018_pageviews_en_50k,128,10000,wiki2018_pageviews_en_50k|cap=128|t=10000,6a0dc609195b8cc4,,,inf,yes,1,yes,no
wiki2018,wiki2018_pageviews_en_50k,128,10000,wiki2018_pageviews_en_50k|cap=128|t=10000,6a0dc609195b8cc4,,,inf,yes,2,yes,no
wiki2018,wiki2018_pageviews_en_50k,128,10000,wiki2018_pageviews_en_50k|cap=128|t=10000,6a0dc609195b8cc4,,,inf,yes,4,yes,no
wiki2018,wiki2018_pageviews_en_50k,128,10000,wiki2018_pageviews_en_50k|cap=128|t=10000,6a0dc609195b8cc4,,,inf,yes,8,yes,no
wiki2018,wiki2018_pageviews_en_50k,128,10000,wiki2018_pageviews_en_50k|cap=128|t=10000,6a0dc609195b8cc4,,,inf,yes,16,yes,no
wiki2018,wiki2018_pageviews_en_50k,128,10000,wiki2018_pageviews_en_50k|cap=128|t=10000,958bac31e36130b2,,,inf,yes,1,yes,no
wiki2018,wiki2018_pageviews_en_50k,128,10000,wiki2018_pageviews_en_50k|cap=128|t=10000,958bac31e36130b2,,,inf,yes,2,yes,no
wiki2018,wiki2018_pageviews_en_50k,128,10000,wiki2018_pageviews_en_50k|cap=128|t=10000,958bac31e36130b2,,,inf,yes,4,yes,no
wiki2018,wiki2018_pageviews_en_50k,128,10000,wiki2018_pageviews_en_50k|cap=128|t=10000,958bac31e36130b2,,,inf,yes,8,yes,no
wiki2018,wiki2018_pageviews_en_50k,128,10000,wiki2018_pageviews_en_50k|cap=128|t=10000,958bac31e36130b2,,,inf,yes,16,yes,no
wiki2018,wiki2018_pageviews_en_50k,128,10000,wiki2018_pageviews_en_50k|cap=128|t=10000,fc0f7b525c7776de,,,inf,yes,1,yes,no
wiki2018,wiki2018_pageviews_en_50k,128,10000,wiki2018_pageviews_en_50k|cap=128|t=10000,fc0f7b525c7776de,,,inf,yes,2,yes,no
wiki2018,wiki2018_pageviews_en_50k,128,10000,wiki2018_pageviews_en_50k|cap=128|t=10000,fc0f7b525c7776de,,,inf,yes,4,yes,no
wiki2018,wiki2018_pageviews_en_50k,128,10000,wiki2018_pageviews_en_50k|cap=128|t=10000,fc0f7b525c7776de,,,inf,yes,8,yes,no
wiki2018,wiki2018_pageviews_en_50k,128,10000,wiki2018_pageviews_en_50k|cap=128|t=10000,fc0f7b525c7776de,,,inf,yes,16,yes,no
wiki2018,wiki2018_pageviews_en_50k,128,10000,wiki2018_pageviews_en_50k|cap=128|t=10000,8e150de19e1cb1bb,,,inf,yes,1,yes,no
wiki2018,wiki2018_pageviews_en_50k,128,10000,wiki2018_pageviews_en_50k|cap=128|t=10000,8e150de19e1cb1bb,,,inf,yes,2,yes,no
wiki2018,wiki2018_pageviews_en_50k,128,10000,wiki2018_pageviews_en_50k|cap=128|t=10000,8e150de19e1cb1bb,,,inf,yes,4,yes,no
wiki2018,wiki2018_pageviews_en_50k,128,10000,wiki2018_pageviews_en_50k|cap=128|t=10000,8e150de19e1cb1bb,,,inf,yes,8,yes,no
wiki2018,wiki2018_pageviews_en_50k,128,10000,wiki2018_pageviews_en_50k|cap=128|t=10000,8e150de19e1cb1bb,,,inf,yes,16,yes,no
