{
  "intercept": -34.18552665028833,
  "coefficients": {
    "raw_score": 0.7281707447472715,
    "depth": 0.23905747951937448,
    "expansions": 2.926481826529503,
    "verifications": 0.13595125754638593,
    "remaining_budget": 4.226049048881706,
    "post_verify_score": 0.7281707447472715,
    "score_delta": 0.1733878881158874,
    "survived_pruning_steps": 1.021650663259642
  },
  "class_order": [
    0,
    1
  ],
  "model_family": "sklearn LogisticRegression"
}