{
  "dataset": "outputs/branch_value_data/20260413_branch_scorer_lr_v2_continuation_value/branch_value_dataset.csv",
  "model_name": "branch_scorer_lr_v2_continuation_value",
  "target": "target_expand_better_than_baseline",
  "features": [
    "raw_score",
    "depth",
    "expansions",
    "verifications",
    "remaining_budget",
    "post_verify_score",
    "score_delta",
    "survived_pruning_steps"
  ],
  "split_metrics": {
    "train": {
      "rows": 6032,
      "positive_rate": 0.015417771883289124,
      "accuracy": 0.5288461538461539,
      "top1_by_decision_point": 0.3907185628742515,
      "roc_auc": 0.7589878821784921,
      "log_loss": 0.5841487951452956
    },
    "val": {
      "rows": 1256,
      "positive_rate": 0.005573248407643312,
      "accuracy": 0.535031847133758,
      "top1_by_decision_point": 0.353125,
      "roc_auc": 0.8104769529909642,
      "log_loss": 0.5555838885269205
    },
    "test": {
      "rows": 1352,
      "positive_rate": 0.01257396449704142,
      "accuracy": 0.5029585798816568,
      "top1_by_decision_point": 0.2689393939393939,
      "roc_auc": 0.6968935888962327,
      "log_loss": 0.6144422837541259
    }
  }
}