split,decision_id
train,cloudphysics_alibaba_block_head_50k|cap=128|t=10325
train,cloudphysics_alibaba_block_head_50k|cap=128|t=10524
train,cloudphysics_alibaba_block_head_50k|cap=128|t=10637
train,cloudphysics_alibaba_block_head_50k|cap=128|t=1074
train,cloudphysics_alibaba_block_head_50k|cap=128|t=1120
train,cloudphysics_alibaba_block_head_50k|cap=128|t=11900
train,cloudphysics_alibaba_block_head_50k|cap=128|t=11985
train,cloudphysics_alibaba_block_head_50k|cap=128|t=12317
train,cloudphysics_alibaba_block_head_50k|cap=128|t=12417
train,cloudphysics_alibaba_block_head_50k|cap=128|t=12599
train,cloudphysics_alibaba_block_head_50k|cap=128|t=12668
train,cloudphysics_alibaba_block_head_50k|cap=128|t=13370
train,cloudphysics_alibaba_block_head_50k|cap=128|t=1371
train,cloudphysics_alibaba_block_head_50k|cap=128|t=13954
train,cloudphysics_alibaba_block_head_50k|cap=128|t=14061
train,cloudphysics_alibaba_block_head_50k|cap=128|t=14336
train,cloudphysics_alibaba_block_head_50k|cap=128|t=15174
train,cloudphysics_alibaba_block_head_50k|cap=128|t=15253
train,cloudphysics_alibaba_block_head_50k|cap=128|t=15543
train,cloudphysics_alibaba_block_head_50k|cap=128|t=15711
train,cloudphysics_alibaba_block_head_50k|cap=128|t=15982
train,cloudphysics_alibaba_block_head_50k|cap=128|t=16592
train,cloudphysics_alibaba_block_head_50k|cap=128|t=16720
train,cloudphysics_alibaba_block_head_50k|cap=128|t=1674
train,cloudphysics_alibaba_block_head_50k|cap=128|t=17139
train,cloudphysics_alibaba_block_head_50k|cap=128|t=17604
train,cloudphysics_alibaba_block_head_50k|cap=128|t=17652
train,cloudphysics_alibaba_block_head_50k|cap=128|t=17807
train,cloudphysics_alibaba_block_head_50k|cap=128|t=18283
train,cloudphysics_alibaba_block_head_50k|cap=128|t=183
train,cloudphysics_alibaba_block_head_50k|cap=128|t=18362
train,cloudphysics_alibaba_block_head_50k|cap=128|t=18470
train,cloudphysics_alibaba_block_head_50k|cap=128|t=19016
train,cloudphysics_alibaba_block_head_50k|cap=128|t=19027
train,cloudphysics_alibaba_block_head_50k|cap=128|t=19446
train,cloudphysics_alibaba_block_head_50k|cap=128|t=19460
train,cloudphysics_alibaba_block_head_50k|cap=128|t=19726
train,cloudphysics_alibaba_block_head_50k|cap=128|t=19739
train,cloudphysics_alibaba_block_head_50k|cap=128|t=19893
train,cloudphysics_alibaba_block_head_50k|cap=128|t=20313
train,cloudphysics_alibaba_block_head_50k|cap=128|t=20458
train,cloudphysics_alibaba_block_head_50k|cap=128|t=2049
train,cloudphysics_alibaba_block_head_50k|cap=128|t=2055
train,cloudphysics_alibaba_block_head_50k|cap=128|t=20606
train,cloudphysics_alibaba_block_head_50k|cap=128|t=21037
train,cloudphysics_alibaba_block_head_50k|cap=128|t=21089
train,cloudphysics_alibaba_block_head_50k|cap=128|t=21238
train,cloudphysics_alibaba_block_head_50k|cap=128|t=21915
train,cloudphysics_alibaba_block_head_50k|cap=128|t=21966
train,cloudphysics_alibaba_block_head_50k|cap=128|t=21975
train,cloudphysics_alibaba_block_head_50k|cap=128|t=22242
train,cloudphysics_alibaba_block_head_50k|cap=128|t=2248
train,cloudphysics_alibaba_block_head_50k|cap=128|t=22485
train,cloudphysics_alibaba_block_head_50k|cap=128|t=22810
train,cloudphysics_alibaba_block_head_50k|cap=128|t=23326
train,cloudphysics_alibaba_block_head_50k|cap=128|t=23483
train,cloudphysics_alibaba_block_head_50k|cap=128|t=23781
train,cloudphysics_alibaba_block_head_50k|cap=128|t=23885
train,cloudphysics_alibaba_block_head_50k|cap=128|t=24226
train,cloudphysics_alibaba_block_head_50k|cap=128|t=25192
train,cloudphysics_alibaba_block_head_50k|cap=128|t=25235
train,cloudphysics_alibaba_block_head_50k|cap=128|t=25687
train,cloudphysics_alibaba_block_head_50k|cap=128|t=26681
train,cloudphysics_alibaba_block_head_50k|cap=128|t=27206
train,cloudphysics_alibaba_block_head_50k|cap=128|t=28145
train,cloudphysics_alibaba_block_head_50k|cap=128|t=2822
train,cloudphysics_alibaba_block_head_50k|cap=128|t=28230
train,cloudphysics_alibaba_block_head_50k|cap=128|t=28459
train,cloudphysics_alibaba_block_head_50k|cap=128|t=29029
train,cloudphysics_alibaba_block_head_50k|cap=128|t=29295
train,cloudphysics_alibaba_block_head_50k|cap=128|t=29741
train,cloudphysics_alibaba_block_head_50k|cap=128|t=29760
train,cloudphysics_alibaba_block_head_50k|cap=128|t=29942
train,cloudphysics_alibaba_block_head_50k|cap=128|t=3438
train,cloudphysics_alibaba_block_head_50k|cap=128|t=3530
train,cloudphysics_alibaba_block_head_50k|cap=128|t=3675
train,cloudphysics_alibaba_block_head_50k|cap=128|t=3717
train,cloudphysics_alibaba_block_head_50k|cap=128|t=3791
train,cloudphysics_alibaba_block_head_50k|cap=128|t=3825
train,cloudphysics_alibaba_block_head_50k|cap=128|t=4020
train,cloudphysics_alibaba_block_head_50k|cap=128|t=4149
train,cloudphysics_alibaba_block_head_50k|cap=128|t=4243
train,cloudphysics_alibaba_block_head_50k|cap=128|t=4417
train,cloudphysics_alibaba_block_head_50k|cap=128|t=4499
train,cloudphysics_alibaba_block_head_50k|cap=128|t=5645
train,cloudphysics_alibaba_block_head_50k|cap=128|t=620
train,cloudphysics_alibaba_block_head_50k|cap=128|t=6473
train,cloudphysics_alibaba_block_head_50k|cap=128|t=6993
train,cloudphysics_alibaba_block_head_50k|cap=128|t=7026
train,cloudphysics_alibaba_block_head_50k|cap=128|t=7319
train,cloudphysics_alibaba_block_head_50k|cap=128|t=800
train,cloudphysics_alibaba_block_head_50k|cap=128|t=8144
train,cloudphysics_alibaba_block_head_50k|cap=128|t=8205
train,cloudphysics_alibaba_block_head_50k|cap=128|t=8507
train,cloudphysics_alibaba_block_head_50k|cap=128|t=868
train,cloudphysics_alibaba_block_head_50k|cap=128|t=8956
train,cloudphysics_alibaba_block_head_50k|cap=128|t=9423
train,cloudphysics_alibaba_block_head_50k|cap=128|t=9453
train,cloudphysics_alibaba_block_head_50k|cap=128|t=9512
train,cloudphysics_alibaba_block_head_50k|cap=128|t=9815
train,cloudphysics_alibaba_block_head_50k|cap=256|t=10031
train,cloudphysics_alibaba_block_head_50k|cap=256|t=1029
train,cloudphysics_alibaba_block_head_50k|cap=256|t=10619
train,cloudphysics_alibaba_block_head_50k|cap=256|t=10704
train,cloudphysics_alibaba_block_head_50k|cap=256|t=11101
train,cloudphysics_alibaba_block_head_50k|cap=256|t=11858
train,cloudphysics_alibaba_block_head_50k|cap=256|t=12307
train,cloudphysics_alibaba_block_head_50k|cap=256|t=12336
train,cloudphysics_alibaba_block_head_50k|cap=256|t=12340
train,cloudphysics_alibaba_block_head_50k|cap=256|t=13424
train,cloudphysics_alibaba_block_head_50k|cap=256|t=14081
train,cloudphysics_alibaba_block_head_50k|cap=256|t=14615
train,cloudphysics_alibaba_block_head_50k|cap=256|t=14947
train,cloudphysics_alibaba_block_head_50k|cap=256|t=15064
train,cloudphysics_alibaba_block_head_50k|cap=256|t=15093
train,cloudphysics_alibaba_block_head_50k|cap=256|t=15942
train,cloudphysics_alibaba_block_head_50k|cap=256|t=16186
train,cloudphysics_alibaba_block_head_50k|cap=256|t=1625
train,cloudphysics_alibaba_block_head_50k|cap=256|t=16396
train,cloudphysics_alibaba_block_head_50k|cap=256|t=16424
train,cloudphysics_alibaba_block_head_50k|cap=256|t=16777
train,cloudphysics_alibaba_block_head_50k|cap=256|t=16945
train,cloudphysics_alibaba_block_head_50k|cap=256|t=1711
train,cloudphysics_alibaba_block_head_50k|cap=256|t=17794
train,cloudphysics_alibaba_block_head_50k|cap=256|t=17911
train,cloudphysics_alibaba_block_head_50k|cap=256|t=17938
train,cloudphysics_alibaba_block_head_50k|cap=256|t=17964
train,cloudphysics_alibaba_block_head_50k|cap=256|t=18134
train,cloudphysics_alibaba_block_head_50k|cap=256|t=18628
train,cloudphysics_alibaba_block_head_50k|cap=256|t=18829
train,cloudphysics_alibaba_block_head_50k|cap=256|t=18940
train,cloudphysics_alibaba_block_head_50k|cap=256|t=19038
train,cloudphysics_alibaba_block_head_50k|cap=256|t=19387
train,cloudphysics_alibaba_block_head_50k|cap=256|t=19432
train,cloudphysics_alibaba_block_head_50k|cap=256|t=2007
train,cloudphysics_alibaba_block_head_50k|cap=256|t=20121
train,cloudphysics_alibaba_block_head_50k|cap=256|t=20428
train,cloudphysics_alibaba_block_head_50k|cap=256|t=20742
train,cloudphysics_alibaba_block_head_50k|cap=256|t=20826
train,cloudphysics_alibaba_block_head_50k|cap=256|t=2139
train,cloudphysics_alibaba_block_head_50k|cap=256|t=2193
train,cloudphysics_alibaba_block_head_50k|cap=256|t=21931
train,cloudphysics_alibaba_block_head_50k|cap=256|t=22259
train,cloudphysics_alibaba_block_head_50k|cap=256|t=22584
train,cloudphysics_alibaba_block_head_50k|cap=256|t=23183
train,cloudphysics_alibaba_block_head_50k|cap=256|t=23185
train,cloudphysics_alibaba_block_head_50k|cap=256|t=23411
train,cloudphysics_alibaba_block_head_50k|cap=256|t=23726
train,cloudphysics_alibaba_block_head_50k|cap=256|t=23734
train,cloudphysics_alibaba_block_head_50k|cap=256|t=24660
train,cloudphysics_alibaba_block_head_50k|cap=256|t=24673
train,cloudphysics_alibaba_block_head_50k|cap=256|t=24790
train,cloudphysics_alibaba_block_head_50k|cap=256|t=25325
train,cloudphysics_alibaba_block_head_50k|cap=256|t=25865
train,cloudphysics_alibaba_block_head_50k|cap=256|t=26101
train,cloudphysics_alibaba_block_head_50k|cap=256|t=26224
train,cloudphysics_alibaba_block_head_50k|cap=256|t=26492
train,cloudphysics_alibaba_block_head_50k|cap=256|t=26538
train,cloudphysics_alibaba_block_head_50k|cap=256|t=26721
train,cloudphysics_alibaba_block_head_50k|cap=256|t=26807
train,cloudphysics_alibaba_block_head_50k|cap=256|t=26910
train,cloudphysics_alibaba_block_head_50k|cap=256|t=27130
train,cloudphysics_alibaba_block_head_50k|cap=256|t=27212
train,cloudphysics_alibaba_block_head_50k|cap=256|t=27239
train,cloudphysics_alibaba_block_head_50k|cap=256|t=27571
train,cloudphysics_alibaba_block_head_50k|cap=256|t=27602
train,cloudphysics_alibaba_block_head_50k|cap=256|t=2766
train,cloudphysics_alibaba_block_head_50k|cap=256|t=27713
train,cloudphysics_alibaba_block_head_50k|cap=256|t=27961
train,cloudphysics_alibaba_block_head_50k|cap=256|t=2815
train,cloudphysics_alibaba_block_head_50k|cap=256|t=28783
train,cloudphysics_alibaba_block_head_50k|cap=256|t=28920
train,cloudphysics_alibaba_block_head_50k|cap=256|t=29070
train,cloudphysics_alibaba_block_head_50k|cap=256|t=29281
train,cloudphysics_alibaba_block_head_50k|cap=256|t=29711
train,cloudphysics_alibaba_block_head_50k|cap=256|t=29790
train,cloudphysics_alibaba_block_head_50k|cap=256|t=3020
train,cloudphysics_alibaba_block_head_50k|cap=256|t=3184
train,cloudphysics_alibaba_block_head_50k|cap=256|t=3783
train,cloudphysics_alibaba_block_head_50k|cap=256|t=3793
train,cloudphysics_alibaba_block_head_50k|cap=256|t=3924
train,cloudphysics_alibaba_block_head_50k|cap=256|t=421
train,cloudphysics_alibaba_block_head_50k|cap=256|t=4279
train,cloudphysics_alibaba_block_head_50k|cap=256|t=5345
train,cloudphysics_alibaba_block_head_50k|cap=256|t=5513
train,cloudphysics_alibaba_block_head_50k|cap=256|t=6583
train,cloudphysics_alibaba_block_head_50k|cap=256|t=660
train,cloudphysics_alibaba_block_head_50k|cap=256|t=6782
train,cloudphysics_alibaba_block_head_50k|cap=256|t=6969
train,cloudphysics_alibaba_block_head_50k|cap=256|t=7104
train,cloudphysics_alibaba_block_head_50k|cap=256|t=7238
train,cloudphysics_alibaba_block_head_50k|cap=256|t=7330
train,cloudphysics_alibaba_block_head_50k|cap=256|t=7724
train,cloudphysics_alibaba_block_head_50k|cap=256|t=8585
train,cloudphysics_alibaba_block_head_50k|cap=256|t=8727
train,cloudphysics_alibaba_block_head_50k|cap=256|t=885
train,cloudphysics_alibaba_block_head_50k|cap=256|t=9076
train,cloudphysics_alibaba_block_head_50k|cap=256|t=9350
train,cloudphysics_alibaba_block_head_50k|cap=256|t=9414
train,cloudphysics_alibaba_block_head_50k|cap=256|t=9712
train,cloudphysics_alibaba_block_head_50k|cap=32|t=10018
train,cloudphysics_alibaba_block_head_50k|cap=32|t=10099
train,cloudphysics_alibaba_block_head_50k|cap=32|t=1040
train,cloudphysics_alibaba_block_head_50k|cap=32|t=10489
train,cloudphysics_alibaba_block_head_50k|cap=32|t=10593
train,cloudphysics_alibaba_block_head_50k|cap=32|t=11156
train,cloudphysics_alibaba_block_head_50k|cap=32|t=1247
train,cloudphysics_alibaba_block_head_50k|cap=32|t=1251
train,cloudphysics_alibaba_block_head_50k|cap=32|t=1277
train,cloudphysics_alibaba_block_head_50k|cap=32|t=13257
train,cloudphysics_alibaba_block_head_50k|cap=32|t=13366
train,cloudphysics_alibaba_block_head_50k|cap=32|t=1373
train,cloudphysics_alibaba_block_head_50k|cap=32|t=1396
train,cloudphysics_alibaba_block_head_50k|cap=32|t=14048
train,cloudphysics_alibaba_block_head_50k|cap=32|t=14104
train,cloudphysics_alibaba_block_head_50k|cap=32|t=14125
train,cloudphysics_alibaba_block_head_50k|cap=32|t=14661
train,cloudphysics_alibaba_block_head_50k|cap=32|t=14806
train,cloudphysics_alibaba_block_head_50k|cap=32|t=14993
train,cloudphysics_alibaba_block_head_50k|cap=32|t=1508
train,cloudphysics_alibaba_block_head_50k|cap=32|t=15225
train,cloudphysics_alibaba_block_head_50k|cap=32|t=15233
train,cloudphysics_alibaba_block_head_50k|cap=32|t=15304
train,cloudphysics_alibaba_block_head_50k|cap=32|t=15629
train,cloudphysics_alibaba_block_head_50k|cap=32|t=1635
train,cloudphysics_alibaba_block_head_50k|cap=32|t=16511
train,cloudphysics_alibaba_block_head_50k|cap=32|t=16619
train,cloudphysics_alibaba_block_head_50k|cap=32|t=16739
train,cloudphysics_alibaba_block_head_50k|cap=32|t=16839
train,cloudphysics_alibaba_block_head_50k|cap=32|t=17039
train,cloudphysics_alibaba_block_head_50k|cap=32|t=17226
train,cloudphysics_alibaba_block_head_50k|cap=32|t=17414
train,cloudphysics_alibaba_block_head_50k|cap=32|t=17810
train,cloudphysics_alibaba_block_head_50k|cap=32|t=17812
train,cloudphysics_alibaba_block_head_50k|cap=32|t=18346
train,cloudphysics_alibaba_block_head_50k|cap=32|t=18879
train,cloudphysics_alibaba_block_head_50k|cap=32|t=18974
train,cloudphysics_alibaba_block_head_50k|cap=32|t=19034
train,cloudphysics_alibaba_block_head_50k|cap=32|t=19118
train,cloudphysics_alibaba_block_head_50k|cap=32|t=19389
train,cloudphysics_alibaba_block_head_50k|cap=32|t=19592
train,cloudphysics_alibaba_block_head_50k|cap=32|t=20527
train,cloudphysics_alibaba_block_head_50k|cap=32|t=2058
train,cloudphysics_alibaba_block_head_50k|cap=32|t=20720
train,cloudphysics_alibaba_block_head_50k|cap=32|t=21091
train,cloudphysics_alibaba_block_head_50k|cap=32|t=21156
train,cloudphysics_alibaba_block_head_50k|cap=32|t=21631
train,cloudphysics_alibaba_block_head_50k|cap=32|t=21817
train,cloudphysics_alibaba_block_head_50k|cap=32|t=22550
train,cloudphysics_alibaba_block_head_50k|cap=32|t=2258
train,cloudphysics_alibaba_block_head_50k|cap=32|t=22607
train,cloudphysics_alibaba_block_head_50k|cap=32|t=23518
train,cloudphysics_alibaba_block_head_50k|cap=32|t=23787
train,cloudphysics_alibaba_block_head_50k|cap=32|t=23852
train,cloudphysics_alibaba_block_head_50k|cap=32|t=23859
train,cloudphysics_alibaba_block_head_50k|cap=32|t=24150
train,cloudphysics_alibaba_block_head_50k|cap=32|t=24513
train,cloudphysics_alibaba_block_head_50k|cap=32|t=24581
train,cloudphysics_alibaba_block_head_50k|cap=32|t=24799
train,cloudphysics_alibaba_block_head_50k|cap=32|t=24946
train,cloudphysics_alibaba_block_head_50k|cap=32|t=25599
train,cloudphysics_alibaba_block_head_50k|cap=32|t=25727
train,cloudphysics_alibaba_block_head_50k|cap=32|t=26676
train,cloudphysics_alibaba_block_head_50k|cap=32|t=26697
train,cloudphysics_alibaba_block_head_50k|cap=32|t=26799
train,cloudphysics_alibaba_block_head_50k|cap=32|t=26934
train,cloudphysics_alibaba_block_head_50k|cap=32|t=26974
train,cloudphysics_alibaba_block_head_50k|cap=32|t=2859
train,cloudphysics_alibaba_block_head_50k|cap=32|t=28622
train,cloudphysics_alibaba_block_head_50k|cap=32|t=28774
train,cloudphysics_alibaba_block_head_50k|cap=32|t=29365
train,cloudphysics_alibaba_block_head_50k|cap=32|t=29503
train,cloudphysics_alibaba_block_head_50k|cap=32|t=3563
train,cloudphysics_alibaba_block_head_50k|cap=32|t=3825
train,cloudphysics_alibaba_block_head_50k|cap=32|t=3934
train,cloudphysics_alibaba_block_head_50k|cap=32|t=4023
train,cloudphysics_alibaba_block_head_50k|cap=32|t=4384
train,cloudphysics_alibaba_block_head_50k|cap=32|t=4447
train,cloudphysics_alibaba_block_head_50k|cap=32|t=4476
train,cloudphysics_alibaba_block_head_50k|cap=32|t=4675
train,cloudphysics_alibaba_block_head_50k|cap=32|t=4901
train,cloudphysics_alibaba_block_head_50k|cap=32|t=5574
train,cloudphysics_alibaba_block_head_50k|cap=32|t=5988
train,cloudphysics_alibaba_block_head_50k|cap=32|t=6131
train,cloudphysics_alibaba_block_head_50k|cap=32|t=629
train,cloudphysics_alibaba_block_head_50k|cap=32|t=6687
train,cloudphysics_alibaba_block_head_50k|cap=32|t=695
train,cloudphysics_alibaba_block_head_50k|cap=32|t=6960
train,cloudphysics_alibaba_block_head_50k|cap=32|t=724
train,cloudphysics_alibaba_block_head_50k|cap=32|t=7287
train,cloudphysics_alibaba_block_head_50k|cap=32|t=7362
train,cloudphysics_alibaba_block_head_50k|cap=32|t=7481
train,cloudphysics_alibaba_block_head_50k|cap=32|t=8259
train,cloudphysics_alibaba_block_head_50k|cap=32|t=8276
train,cloudphysics_alibaba_block_head_50k|cap=32|t=8449
train,cloudphysics_alibaba_block_head_50k|cap=32|t=8465
train,cloudphysics_alibaba_block_head_50k|cap=32|t=8830
train,cloudphysics_alibaba_block_head_50k|cap=32|t=9278
train,cloudphysics_alibaba_block_head_50k|cap=32|t=9423
train,cloudphysics_alibaba_block_head_50k|cap=32|t=9933
train,cloudphysics_alibaba_block_head_50k|cap=64|t=10726
train,cloudphysics_alibaba_block_head_50k|cap=64|t=11053
train,cloudphysics_alibaba_block_head_50k|cap=64|t=11066
train,cloudphysics_alibaba_block_head_50k|cap=64|t=11379
train,cloudphysics_alibaba_block_head_50k|cap=64|t=11395
train,cloudphysics_alibaba_block_head_50k|cap=64|t=11462
train,cloudphysics_alibaba_block_head_50k|cap=64|t=11696
train,cloudphysics_alibaba_block_head_50k|cap=64|t=11768
train,cloudphysics_alibaba_block_head_50k|cap=64|t=118
train,cloudphysics_alibaba_block_head_50k|cap=64|t=12280
train,cloudphysics_alibaba_block_head_50k|cap=64|t=12405
train,cloudphysics_alibaba_block_head_50k|cap=64|t=1243
train,cloudphysics_alibaba_block_head_50k|cap=64|t=13117
train,cloudphysics_alibaba_block_head_50k|cap=64|t=13154
train,cloudphysics_alibaba_block_head_50k|cap=64|t=13243
train,cloudphysics_alibaba_block_head_50k|cap=64|t=13754
train,cloudphysics_alibaba_block_head_50k|cap=64|t=13874
train,cloudphysics_alibaba_block_head_50k|cap=64|t=14533
train,cloudphysics_alibaba_block_head_50k|cap=64|t=14809
train,cloudphysics_alibaba_block_head_50k|cap=64|t=15441
train,cloudphysics_alibaba_block_head_50k|cap=64|t=15585
train,cloudphysics_alibaba_block_head_50k|cap=64|t=15774
train,cloudphysics_alibaba_block_head_50k|cap=64|t=16538
train,cloudphysics_alibaba_block_head_50k|cap=64|t=16905
train,cloudphysics_alibaba_block_head_50k|cap=64|t=17022
train,cloudphysics_alibaba_block_head_50k|cap=64|t=17122
train,cloudphysics_alibaba_block_head_50k|cap=64|t=17179
train,cloudphysics_alibaba_block_head_50k|cap=64|t=172
train,cloudphysics_alibaba_block_head_50k|cap=64|t=17716
train,cloudphysics_alibaba_block_head_50k|cap=64|t=18351
train,cloudphysics_alibaba_block_head_50k|cap=64|t=18433
train,cloudphysics_alibaba_block_head_50k|cap=64|t=18463
train,cloudphysics_alibaba_block_head_50k|cap=64|t=18926
train,cloudphysics_alibaba_block_head_50k|cap=64|t=19134
train,cloudphysics_alibaba_block_head_50k|cap=64|t=19167
train,cloudphysics_alibaba_block_head_50k|cap=64|t=19324
train,cloudphysics_alibaba_block_head_50k|cap=64|t=19406
train,cloudphysics_alibaba_block_head_50k|cap=64|t=1963
train,cloudphysics_alibaba_block_head_50k|cap=64|t=19958
train,cloudphysics_alibaba_block_head_50k|cap=64|t=19974
train,cloudphysics_alibaba_block_head_50k|cap=64|t=19982
train,cloudphysics_alibaba_block_head_50k|cap=64|t=20030
train,cloudphysics_alibaba_block_head_50k|cap=64|t=20246
train,cloudphysics_alibaba_block_head_50k|cap=64|t=20381
train,cloudphysics_alibaba_block_head_50k|cap=64|t=20706
train,cloudphysics_alibaba_block_head_50k|cap=64|t=20715
train,cloudphysics_alibaba_block_head_50k|cap=64|t=21613
train,cloudphysics_alibaba_block_head_50k|cap=64|t=21649
train,cloudphysics_alibaba_block_head_50k|cap=64|t=21775
train,cloudphysics_alibaba_block_head_50k|cap=64|t=21873
train,cloudphysics_alibaba_block_head_50k|cap=64|t=21929
train,cloudphysics_alibaba_block_head_50k|cap=64|t=22033
train,cloudphysics_alibaba_block_head_50k|cap=64|t=22301
train,cloudphysics_alibaba_block_head_50k|cap=64|t=22445
train,cloudphysics_alibaba_block_head_50k|cap=64|t=22446
train,cloudphysics_alibaba_block_head_50k|cap=64|t=22516
train,cloudphysics_alibaba_block_head_50k|cap=64|t=23338
train,cloudphysics_alibaba_block_head_50k|cap=64|t=2338
train,cloudphysics_alibaba_block_head_50k|cap=64|t=23476
train,cloudphysics_alibaba_block_head_50k|cap=64|t=23681
train,cloudphysics_alibaba_block_head_50k|cap=64|t=23812
train,cloudphysics_alibaba_block_head_50k|cap=64|t=23918
train,cloudphysics_alibaba_block_head_50k|cap=64|t=24037
train,cloudphysics_alibaba_block_head_50k|cap=64|t=24136
train,cloudphysics_alibaba_block_head_50k|cap=64|t=24332
train,cloudphysics_alibaba_block_head_50k|cap=64|t=24635
train,cloudphysics_alibaba_block_head_50k|cap=64|t=2482
train,cloudphysics_alibaba_block_head_50k|cap=64|t=25312
train,cloudphysics_alibaba_block_head_50k|cap=64|t=25509
train,cloudphysics_alibaba_block_head_50k|cap=64|t=26515
train,cloudphysics_alibaba_block_head_50k|cap=64|t=26747
train,cloudphysics_alibaba_block_head_50k|cap=64|t=27064
train,cloudphysics_alibaba_block_head_50k|cap=64|t=27243
train,cloudphysics_alibaba_block_head_50k|cap=64|t=27369
train,cloudphysics_alibaba_block_head_50k|cap=64|t=27711
train,cloudphysics_alibaba_block_head_50k|cap=64|t=28327
train,cloudphysics_alibaba_block_head_50k|cap=64|t=29006
train,cloudphysics_alibaba_block_head_50k|cap=64|t=29086
train,cloudphysics_alibaba_block_head_50k|cap=64|t=29563
train,cloudphysics_alibaba_block_head_50k|cap=64|t=312
train,cloudphysics_alibaba_block_head_50k|cap=64|t=3127
train,cloudphysics_alibaba_block_head_50k|cap=64|t=3981
train,cloudphysics_alibaba_block_head_50k|cap=64|t=5147
train,cloudphysics_alibaba_block_head_50k|cap=64|t=5164
train,cloudphysics_alibaba_block_head_50k|cap=64|t=5210
train,cloudphysics_alibaba_block_head_50k|cap=64|t=5721
train,cloudphysics_alibaba_block_head_50k|cap=64|t=5936
train,cloudphysics_alibaba_block_head_50k|cap=64|t=6690
train,cloudphysics_alibaba_block_head_50k|cap=64|t=6970
train,cloudphysics_alibaba_block_head_50k|cap=64|t=7086
train,cloudphysics_alibaba_block_head_50k|cap=64|t=7731
train,cloudphysics_alibaba_block_head_50k|cap=64|t=7803
train,cloudphysics_alibaba_block_head_50k|cap=64|t=8154
train,cloudphysics_alibaba_block_head_50k|cap=64|t=82
train,cloudphysics_alibaba_block_head_50k|cap=64|t=8342
train,cloudphysics_alibaba_block_head_50k|cap=64|t=8451
train,cloudphysics_alibaba_block_head_50k|cap=64|t=8753
train,cloudphysics_alibaba_block_head_50k|cap=64|t=9095
train,cloudphysics_alibaba_block_head_50k|cap=64|t=9449
train,cloudphysics_alibaba_block_head_50k|cap=64|t=961
train,metacdn_cdn_202303_head_50k|cap=128|t=10350
train,metacdn_cdn_202303_head_50k|cap=128|t=10630
train,metacdn_cdn_202303_head_50k|cap=128|t=10632
train,metacdn_cdn_202303_head_50k|cap=128|t=10682
train,metacdn_cdn_202303_head_50k|cap=128|t=11167
train,metacdn_cdn_202303_head_50k|cap=128|t=11641
train,metacdn_cdn_202303_head_50k|cap=128|t=11759
train,metacdn_cdn_202303_head_50k|cap=128|t=11879
train,metacdn_cdn_202303_head_50k|cap=128|t=11997
train,metacdn_cdn_202303_head_50k|cap=128|t=12370
train,metacdn_cdn_202303_head_50k|cap=128|t=12514
train,metacdn_cdn_202303_head_50k|cap=128|t=12521
train,metacdn_cdn_202303_head_50k|cap=128|t=12529
train,metacdn_cdn_202303_head_50k|cap=128|t=12647
train,metacdn_cdn_202303_head_50k|cap=128|t=12733
train,metacdn_cdn_202303_head_50k|cap=128|t=12811
train,metacdn_cdn_202303_head_50k|cap=128|t=13205
train,metacdn_cdn_202303_head_50k|cap=128|t=13429
train,metacdn_cdn_202303_head_50k|cap=128|t=13557
train,metacdn_cdn_202303_head_50k|cap=128|t=13602
train,metacdn_cdn_202303_head_50k|cap=128|t=13992
train,metacdn_cdn_202303_head_50k|cap=128|t=14337
train,metacdn_cdn_202303_head_50k|cap=128|t=14812
train,metacdn_cdn_202303_head_50k|cap=128|t=15046
train,metacdn_cdn_202303_head_50k|cap=128|t=15382
train,metacdn_cdn_202303_head_50k|cap=128|t=15422
train,metacdn_cdn_202303_head_50k|cap=128|t=15434
train,metacdn_cdn_202303_head_50k|cap=128|t=15733
train,metacdn_cdn_202303_head_50k|cap=128|t=16167
train,metacdn_cdn_202303_head_50k|cap=128|t=16727
train,metacdn_cdn_202303_head_50k|cap=128|t=16777
train,metacdn_cdn_202303_head_50k|cap=128|t=16872
train,metacdn_cdn_202303_head_50k|cap=128|t=17254
train,metacdn_cdn_202303_head_50k|cap=128|t=17285
train,metacdn_cdn_202303_head_50k|cap=128|t=17575
train,metacdn_cdn_202303_head_50k|cap=128|t=17710
train,metacdn_cdn_202303_head_50k|cap=128|t=18485
train,metacdn_cdn_202303_head_50k|cap=128|t=18633
train,metacdn_cdn_202303_head_50k|cap=128|t=18964
train,metacdn_cdn_202303_head_50k|cap=128|t=19144
train,metacdn_cdn_202303_head_50k|cap=128|t=19304
train,metacdn_cdn_202303_head_50k|cap=128|t=19574
train,metacdn_cdn_202303_head_50k|cap=128|t=20476
train,metacdn_cdn_202303_head_50k|cap=128|t=20772
train,metacdn_cdn_202303_head_50k|cap=128|t=21256
train,metacdn_cdn_202303_head_50k|cap=128|t=21352
train,metacdn_cdn_202303_head_50k|cap=128|t=21509
train,metacdn_cdn_202303_head_50k|cap=128|t=2179
train,metacdn_cdn_202303_head_50k|cap=128|t=22031
train,metacdn_cdn_202303_head_50k|cap=128|t=22274
train,metacdn_cdn_202303_head_50k|cap=128|t=22613
train,metacdn_cdn_202303_head_50k|cap=128|t=23080
train,metacdn_cdn_202303_head_50k|cap=128|t=23178
train,metacdn_cdn_202303_head_50k|cap=128|t=23585
train,metacdn_cdn_202303_head_50k|cap=128|t=23741
train,metacdn_cdn_202303_head_50k|cap=128|t=23840
train,metacdn_cdn_202303_head_50k|cap=128|t=24138
train,metacdn_cdn_202303_head_50k|cap=128|t=24540
train,metacdn_cdn_202303_head_50k|cap=128|t=24741
train,metacdn_cdn_202303_head_50k|cap=128|t=24818
train,metacdn_cdn_202303_head_50k|cap=128|t=24860
train,metacdn_cdn_202303_head_50k|cap=128|t=24949
train,metacdn_cdn_202303_head_50k|cap=128|t=25290
train,metacdn_cdn_202303_head_50k|cap=128|t=25345
train,metacdn_cdn_202303_head_50k|cap=128|t=25453
train,metacdn_cdn_202303_head_50k|cap=128|t=25727
train,metacdn_cdn_202303_head_50k|cap=128|t=25902
train,metacdn_cdn_202303_head_50k|cap=128|t=26113
train,metacdn_cdn_202303_head_50k|cap=128|t=26266
train,metacdn_cdn_202303_head_50k|cap=128|t=26644
train,metacdn_cdn_202303_head_50k|cap=128|t=26705
train,metacdn_cdn_202303_head_50k|cap=128|t=26789
train,metacdn_cdn_202303_head_50k|cap=128|t=26939
train,metacdn_cdn_202303_head_50k|cap=128|t=27052
train,metacdn_cdn_202303_head_50k|cap=128|t=27504
train,metacdn_cdn_202303_head_50k|cap=128|t=27587
train,metacdn_cdn_202303_head_50k|cap=128|t=27683
train,metacdn_cdn_202303_head_50k|cap=128|t=28057
train,metacdn_cdn_202303_head_50k|cap=128|t=28116
train,metacdn_cdn_202303_head_50k|cap=128|t=28208
train,metacdn_cdn_202303_head_50k|cap=128|t=28604
train,metacdn_cdn_202303_head_50k|cap=128|t=28851
train,metacdn_cdn_202303_head_50k|cap=128|t=29639
train,metacdn_cdn_202303_head_50k|cap=128|t=3036
train,metacdn_cdn_202303_head_50k|cap=128|t=3677
train,metacdn_cdn_202303_head_50k|cap=128|t=4312
train,metacdn_cdn_202303_head_50k|cap=128|t=4418
train,metacdn_cdn_202303_head_50k|cap=128|t=5727
train,metacdn_cdn_202303_head_50k|cap=128|t=5866
train,metacdn_cdn_202303_head_50k|cap=128|t=5935
train,metacdn_cdn_202303_head_50k|cap=128|t=5973
train,metacdn_cdn_202303_head_50k|cap=128|t=6124
train,metacdn_cdn_202303_head_50k|cap=128|t=6993
train,metacdn_cdn_202303_head_50k|cap=128|t=7427
train,metacdn_cdn_202303_head_50k|cap=128|t=7507
train,metacdn_cdn_202303_head_50k|cap=128|t=7810
train,metacdn_cdn_202303_head_50k|cap=128|t=8393
train,metacdn_cdn_202303_head_50k|cap=128|t=8516
train,metacdn_cdn_202303_head_50k|cap=128|t=8912
train,metacdn_cdn_202303_head_50k|cap=128|t=9428
train,metacdn_cdn_202303_head_50k|cap=256|t=10208
train,metacdn_cdn_202303_head_50k|cap=256|t=10224
train,metacdn_cdn_202303_head_50k|cap=256|t=10671
train,metacdn_cdn_202303_head_50k|cap=256|t=10722
train,metacdn_cdn_202303_head_50k|cap=256|t=10850
train,metacdn_cdn_202303_head_50k|cap=256|t=1098
train,metacdn_cdn_202303_head_50k|cap=256|t=11127
train,metacdn_cdn_202303_head_50k|cap=256|t=11946
train,metacdn_cdn_202303_head_50k|cap=256|t=12012
train,metacdn_cdn_202303_head_50k|cap=256|t=1219
train,metacdn_cdn_202303_head_50k|cap=256|t=12234
train,metacdn_cdn_202303_head_50k|cap=256|t=12436
train,metacdn_cdn_202303_head_50k|cap=256|t=12991
train,metacdn_cdn_202303_head_50k|cap=256|t=13181
train,metacdn_cdn_202303_head_50k|cap=256|t=13648
train,metacdn_cdn_202303_head_50k|cap=256|t=13669
train,metacdn_cdn_202303_head_50k|cap=256|t=14334
train,metacdn_cdn_202303_head_50k|cap=256|t=14544
train,metacdn_cdn_202303_head_50k|cap=256|t=14553
train,metacdn_cdn_202303_head_50k|cap=256|t=1520
train,metacdn_cdn_202303_head_50k|cap=256|t=15231
train,metacdn_cdn_202303_head_50k|cap=256|t=15509
train,metacdn_cdn_202303_head_50k|cap=256|t=15918
train,metacdn_cdn_202303_head_50k|cap=256|t=16195
train,metacdn_cdn_202303_head_50k|cap=256|t=16559
train,metacdn_cdn_202303_head_50k|cap=256|t=17048
train,metacdn_cdn_202303_head_50k|cap=256|t=1708
train,metacdn_cdn_202303_head_50k|cap=256|t=17185
train,metacdn_cdn_202303_head_50k|cap=256|t=17498
train,metacdn_cdn_202303_head_50k|cap=256|t=17658
train,metacdn_cdn_202303_head_50k|cap=256|t=17784
train,metacdn_cdn_202303_head_50k|cap=256|t=18003
train,metacdn_cdn_202303_head_50k|cap=256|t=18338
train,metacdn_cdn_202303_head_50k|cap=256|t=18470
train,metacdn_cdn_202303_head_50k|cap=256|t=18633
train,metacdn_cdn_202303_head_50k|cap=256|t=18745
train,metacdn_cdn_202303_head_50k|cap=256|t=19233
train,metacdn_cdn_202303_head_50k|cap=256|t=19530
train,metacdn_cdn_202303_head_50k|cap=256|t=1958
train,metacdn_cdn_202303_head_50k|cap=256|t=19892
train,metacdn_cdn_202303_head_50k|cap=256|t=2012
train,metacdn_cdn_202303_head_50k|cap=256|t=20443
train,metacdn_cdn_202303_head_50k|cap=256|t=20862
train,metacdn_cdn_202303_head_50k|cap=256|t=21511
train,metacdn_cdn_202303_head_50k|cap=256|t=2278
train,metacdn_cdn_202303_head_50k|cap=256|t=2301
train,metacdn_cdn_202303_head_50k|cap=256|t=23491
train,metacdn_cdn_202303_head_50k|cap=256|t=23707
train,metacdn_cdn_202303_head_50k|cap=256|t=23912
train,metacdn_cdn_202303_head_50k|cap=256|t=2394
train,metacdn_cdn_202303_head_50k|cap=256|t=24330
train,metacdn_cdn_202303_head_50k|cap=256|t=24448
train,metacdn_cdn_202303_head_50k|cap=256|t=24553
train,metacdn_cdn_202303_head_50k|cap=256|t=2549
train,metacdn_cdn_202303_head_50k|cap=256|t=25737
train,metacdn_cdn_202303_head_50k|cap=256|t=2574
train,metacdn_cdn_202303_head_50k|cap=256|t=2583
train,metacdn_cdn_202303_head_50k|cap=256|t=25982
train,metacdn_cdn_202303_head_50k|cap=256|t=26250
train,metacdn_cdn_202303_head_50k|cap=256|t=26671
train,metacdn_cdn_202303_head_50k|cap=256|t=26743
train,metacdn_cdn_202303_head_50k|cap=256|t=26782
train,metacdn_cdn_202303_head_50k|cap=256|t=27366
train,metacdn_cdn_202303_head_50k|cap=256|t=27479
train,metacdn_cdn_202303_head_50k|cap=256|t=27607
train,metacdn_cdn_202303_head_50k|cap=256|t=27670
train,metacdn_cdn_202303_head_50k|cap=256|t=27686
train,metacdn_cdn_202303_head_50k|cap=256|t=27919
train,metacdn_cdn_202303_head_50k|cap=256|t=2804
train,metacdn_cdn_202303_head_50k|cap=256|t=28230
train,metacdn_cdn_202303_head_50k|cap=256|t=28745
train,metacdn_cdn_202303_head_50k|cap=256|t=29194
train,metacdn_cdn_202303_head_50k|cap=256|t=29204
train,metacdn_cdn_202303_head_50k|cap=256|t=29577
train,metacdn_cdn_202303_head_50k|cap=256|t=29774
train,metacdn_cdn_202303_head_50k|cap=256|t=29803
train,metacdn_cdn_202303_head_50k|cap=256|t=30117
train,metacdn_cdn_202303_head_50k|cap=256|t=3804
train,metacdn_cdn_202303_head_50k|cap=256|t=4225
train,metacdn_cdn_202303_head_50k|cap=256|t=4714
train,metacdn_cdn_202303_head_50k|cap=256|t=4871
train,metacdn_cdn_202303_head_50k|cap=256|t=4912
train,metacdn_cdn_202303_head_50k|cap=256|t=5309
train,metacdn_cdn_202303_head_50k|cap=256|t=5633
train,metacdn_cdn_202303_head_50k|cap=256|t=6056
train,metacdn_cdn_202303_head_50k|cap=256|t=6175
train,metacdn_cdn_202303_head_50k|cap=256|t=689
train,metacdn_cdn_202303_head_50k|cap=256|t=6939
train,metacdn_cdn_202303_head_50k|cap=256|t=7076
train,metacdn_cdn_202303_head_50k|cap=256|t=7133
train,metacdn_cdn_202303_head_50k|cap=256|t=7820
train,metacdn_cdn_202303_head_50k|cap=256|t=8017
train,metacdn_cdn_202303_head_50k|cap=256|t=8171
train,metacdn_cdn_202303_head_50k|cap=256|t=8231
train,metacdn_cdn_202303_head_50k|cap=256|t=8316
train,metacdn_cdn_202303_head_50k|cap=256|t=8328
train,metacdn_cdn_202303_head_50k|cap=256|t=887
train,metacdn_cdn_202303_head_50k|cap=256|t=9257
train,metacdn_cdn_202303_head_50k|cap=256|t=9395
train,metacdn_cdn_202303_head_50k|cap=256|t=9857
train,metacdn_cdn_202303_head_50k|cap=32|t=10071
train,metacdn_cdn_202303_head_50k|cap=32|t=10253
train,metacdn_cdn_202303_head_50k|cap=32|t=10283
train,metacdn_cdn_202303_head_50k|cap=32|t=10758
train,metacdn_cdn_202303_head_50k|cap=32|t=11222
train,metacdn_cdn_202303_head_50k|cap=32|t=12426
train,metacdn_cdn_202303_head_50k|cap=32|t=12698
train,metacdn_cdn_202303_head_50k|cap=32|t=1280
train,metacdn_cdn_202303_head_50k|cap=32|t=13191
train,metacdn_cdn_202303_head_50k|cap=32|t=132
train,metacdn_cdn_202303_head_50k|cap=32|t=13342
train,metacdn_cdn_202303_head_50k|cap=32|t=13347
train,metacdn_cdn_202303_head_50k|cap=32|t=13572
train,metacdn_cdn_202303_head_50k|cap=32|t=14068
train,metacdn_cdn_202303_head_50k|cap=32|t=14209
train,metacdn_cdn_202303_head_50k|cap=32|t=14220
train,metacdn_cdn_202303_head_50k|cap=32|t=14474
train,metacdn_cdn_202303_head_50k|cap=32|t=14720
train,metacdn_cdn_202303_head_50k|cap=32|t=14773
train,metacdn_cdn_202303_head_50k|cap=32|t=14867
train,metacdn_cdn_202303_head_50k|cap=32|t=15093
train,metacdn_cdn_202303_head_50k|cap=32|t=15138
train,metacdn_cdn_202303_head_50k|cap=32|t=15470
train,metacdn_cdn_202303_head_50k|cap=32|t=15479
train,metacdn_cdn_202303_head_50k|cap=32|t=15509
train,metacdn_cdn_202303_head_50k|cap=32|t=15587
train,metacdn_cdn_202303_head_50k|cap=32|t=15654
train,metacdn_cdn_202303_head_50k|cap=32|t=15746
train,metacdn_cdn_202303_head_50k|cap=32|t=15828
train,metacdn_cdn_202303_head_50k|cap=32|t=15906
train,metacdn_cdn_202303_head_50k|cap=32|t=16173
train,metacdn_cdn_202303_head_50k|cap=32|t=17077
train,metacdn_cdn_202303_head_50k|cap=32|t=17341
train,metacdn_cdn_202303_head_50k|cap=32|t=1801
train,metacdn_cdn_202303_head_50k|cap=32|t=18434
train,metacdn_cdn_202303_head_50k|cap=32|t=18674
train,metacdn_cdn_202303_head_50k|cap=32|t=18953
train,metacdn_cdn_202303_head_50k|cap=32|t=19085
train,metacdn_cdn_202303_head_50k|cap=32|t=19191
train,metacdn_cdn_202303_head_50k|cap=32|t=1951
train,metacdn_cdn_202303_head_50k|cap=32|t=19599
train,metacdn_cdn_202303_head_50k|cap=32|t=19806
train,metacdn_cdn_202303_head_50k|cap=32|t=1982
train,metacdn_cdn_202303_head_50k|cap=32|t=20859
train,metacdn_cdn_202303_head_50k|cap=32|t=21224
train,metacdn_cdn_202303_head_50k|cap=32|t=21316
train,metacdn_cdn_202303_head_50k|cap=32|t=2189
train,metacdn_cdn_202303_head_50k|cap=32|t=22420
train,metacdn_cdn_202303_head_50k|cap=32|t=2264
train,metacdn_cdn_202303_head_50k|cap=32|t=23203
train,metacdn_cdn_202303_head_50k|cap=32|t=23585
train,metacdn_cdn_202303_head_50k|cap=32|t=23767
train,metacdn_cdn_202303_head_50k|cap=32|t=24646
train,metacdn_cdn_202303_head_50k|cap=32|t=24898
train,metacdn_cdn_202303_head_50k|cap=32|t=24929
train,metacdn_cdn_202303_head_50k|cap=32|t=25558
train,metacdn_cdn_202303_head_50k|cap=32|t=2556
train,metacdn_cdn_202303_head_50k|cap=32|t=25698
train,metacdn_cdn_202303_head_50k|cap=32|t=26261
train,metacdn_cdn_202303_head_50k|cap=32|t=26311
train,metacdn_cdn_202303_head_50k|cap=32|t=26364
train,metacdn_cdn_202303_head_50k|cap=32|t=26701
train,metacdn_cdn_202303_head_50k|cap=32|t=26815
train,metacdn_cdn_202303_head_50k|cap=32|t=2737
train,metacdn_cdn_202303_head_50k|cap=32|t=27485
train,metacdn_cdn_202303_head_50k|cap=32|t=27509
train,metacdn_cdn_202303_head_50k|cap=32|t=27944
train,metacdn_cdn_202303_head_50k|cap=32|t=28436
train,metacdn_cdn_202303_head_50k|cap=32|t=28495
train,metacdn_cdn_202303_head_50k|cap=32|t=28819
train,metacdn_cdn_202303_head_50k|cap=32|t=29131
train,metacdn_cdn_202303_head_50k|cap=32|t=29401
train,metacdn_cdn_202303_head_50k|cap=32|t=29776
train,metacdn_cdn_202303_head_50k|cap=32|t=3049
train,metacdn_cdn_202303_head_50k|cap=32|t=3125
train,metacdn_cdn_202303_head_50k|cap=32|t=334
train,metacdn_cdn_202303_head_50k|cap=32|t=3396
train,metacdn_cdn_202303_head_50k|cap=32|t=4057
train,metacdn_cdn_202303_head_50k|cap=32|t=4167
train,metacdn_cdn_202303_head_50k|cap=32|t=4205
train,metacdn_cdn_202303_head_50k|cap=32|t=4276
train,metacdn_cdn_202303_head_50k|cap=32|t=4609
train,metacdn_cdn_202303_head_50k|cap=32|t=476
train,metacdn_cdn_202303_head_50k|cap=32|t=4845
train,metacdn_cdn_202303_head_50k|cap=32|t=51
train,metacdn_cdn_202303_head_50k|cap=32|t=5106
train,metacdn_cdn_202303_head_50k|cap=32|t=525
train,metacdn_cdn_202303_head_50k|cap=32|t=5450
train,metacdn_cdn_202303_head_50k|cap=32|t=5827
train,metacdn_cdn_202303_head_50k|cap=32|t=6544
train,metacdn_cdn_202303_head_50k|cap=32|t=6553
train,metacdn_cdn_202303_head_50k|cap=32|t=7033
train,metacdn_cdn_202303_head_50k|cap=32|t=7093
train,metacdn_cdn_202303_head_50k|cap=32|t=7303
train,metacdn_cdn_202303_head_50k|cap=32|t=7690
train,metacdn_cdn_202303_head_50k|cap=32|t=8092
train,metacdn_cdn_202303_head_50k|cap=32|t=8113
train,metacdn_cdn_202303_head_50k|cap=32|t=8430
train,metacdn_cdn_202303_head_50k|cap=32|t=8834
train,metacdn_cdn_202303_head_50k|cap=32|t=9906
train,metacdn_cdn_202303_head_50k|cap=64|t=10177
train,metacdn_cdn_202303_head_50k|cap=64|t=10287
train,metacdn_cdn_202303_head_50k|cap=64|t=10580
train,metacdn_cdn_202303_head_50k|cap=64|t=10623
train,metacdn_cdn_202303_head_50k|cap=64|t=11437
train,metacdn_cdn_202303_head_50k|cap=64|t=11442
train,metacdn_cdn_202303_head_50k|cap=64|t=11481
train,metacdn_cdn_202303_head_50k|cap=64|t=11797
train,metacdn_cdn_202303_head_50k|cap=64|t=11870
train,metacdn_cdn_202303_head_50k|cap=64|t=12100
train,metacdn_cdn_202303_head_50k|cap=64|t=12456
train,metacdn_cdn_202303_head_50k|cap=64|t=12553
train,metacdn_cdn_202303_head_50k|cap=64|t=13047
train,metacdn_cdn_202303_head_50k|cap=64|t=13123
train,metacdn_cdn_202303_head_50k|cap=64|t=13196
train,metacdn_cdn_202303_head_50k|cap=64|t=13206
train,metacdn_cdn_202303_head_50k|cap=64|t=13680
train,metacdn_cdn_202303_head_50k|cap=64|t=13884
train,metacdn_cdn_202303_head_50k|cap=64|t=14079
train,metacdn_cdn_202303_head_50k|cap=64|t=14248
train,metacdn_cdn_202303_head_50k|cap=64|t=14519
train,metacdn_cdn_202303_head_50k|cap=64|t=14647
train,metacdn_cdn_202303_head_50k|cap=64|t=14923
train,metacdn_cdn_202303_head_50k|cap=64|t=15453
train,metacdn_cdn_202303_head_50k|cap=64|t=1556
train,metacdn_cdn_202303_head_50k|cap=64|t=15648
train,metacdn_cdn_202303_head_50k|cap=64|t=16516
train,metacdn_cdn_202303_head_50k|cap=64|t=16701
train,metacdn_cdn_202303_head_50k|cap=64|t=16711
train,metacdn_cdn_202303_head_50k|cap=64|t=16901
train,metacdn_cdn_202303_head_50k|cap=64|t=17421
train,metacdn_cdn_202303_head_50k|cap=64|t=1753
train,metacdn_cdn_202303_head_50k|cap=64|t=17634
train,metacdn_cdn_202303_head_50k|cap=64|t=18587
train,metacdn_cdn_202303_head_50k|cap=64|t=18903
train,metacdn_cdn_202303_head_50k|cap=64|t=19110
train,metacdn_cdn_202303_head_50k|cap=64|t=19482
train,metacdn_cdn_202303_head_50k|cap=64|t=19792
train,metacdn_cdn_202303_head_50k|cap=64|t=19865
train,metacdn_cdn_202303_head_50k|cap=64|t=19896
train,metacdn_cdn_202303_head_50k|cap=64|t=20284
train,metacdn_cdn_202303_head_50k|cap=64|t=20291
train,metacdn_cdn_202303_head_50k|cap=64|t=20318
train,metacdn_cdn_202303_head_50k|cap=64|t=20375
train,metacdn_cdn_202303_head_50k|cap=64|t=20499
train,metacdn_cdn_202303_head_50k|cap=64|t=20640
train,metacdn_cdn_202303_head_50k|cap=64|t=20712
train,metacdn_cdn_202303_head_50k|cap=64|t=20761
train,metacdn_cdn_202303_head_50k|cap=64|t=20913
train,metacdn_cdn_202303_head_50k|cap=64|t=21346
train,metacdn_cdn_202303_head_50k|cap=64|t=21694
train,metacdn_cdn_202303_head_50k|cap=64|t=22247
train,metacdn_cdn_202303_head_50k|cap=64|t=22596
train,metacdn_cdn_202303_head_50k|cap=64|t=23689
train,metacdn_cdn_202303_head_50k|cap=64|t=24096
train,metacdn_cdn_202303_head_50k|cap=64|t=242
train,metacdn_cdn_202303_head_50k|cap=64|t=24988
train,metacdn_cdn_202303_head_50k|cap=64|t=25074
train,metacdn_cdn_202303_head_50k|cap=64|t=25421
train,metacdn_cdn_202303_head_50k|cap=64|t=25619
train,metacdn_cdn_202303_head_50k|cap=64|t=25841
train,metacdn_cdn_202303_head_50k|cap=64|t=26506
train,metacdn_cdn_202303_head_50k|cap=64|t=26542
train,metacdn_cdn_202303_head_50k|cap=64|t=26741
train,metacdn_cdn_202303_head_50k|cap=64|t=27259
train,metacdn_cdn_202303_head_50k|cap=64|t=27297
train,metacdn_cdn_202303_head_50k|cap=64|t=28515
train,metacdn_cdn_202303_head_50k|cap=64|t=28623
train,metacdn_cdn_202303_head_50k|cap=64|t=28956
train,metacdn_cdn_202303_head_50k|cap=64|t=29153
train,metacdn_cdn_202303_head_50k|cap=64|t=29377
train,metacdn_cdn_202303_head_50k|cap=64|t=29594
train,metacdn_cdn_202303_head_50k|cap=64|t=3427
train,metacdn_cdn_202303_head_50k|cap=64|t=3496
train,metacdn_cdn_202303_head_50k|cap=64|t=3729
train,metacdn_cdn_202303_head_50k|cap=64|t=4379
train,metacdn_cdn_202303_head_50k|cap=64|t=4834
train,metacdn_cdn_202303_head_50k|cap=64|t=4969
train,metacdn_cdn_202303_head_50k|cap=64|t=5317
train,metacdn_cdn_202303_head_50k|cap=64|t=534
train,metacdn_cdn_202303_head_50k|cap=64|t=5782
train,metacdn_cdn_202303_head_50k|cap=64|t=5836
train,metacdn_cdn_202303_head_50k|cap=64|t=5909
train,metacdn_cdn_202303_head_50k|cap=64|t=5989
train,metacdn_cdn_202303_head_50k|cap=64|t=6248
train,metacdn_cdn_202303_head_50k|cap=64|t=6407
train,metacdn_cdn_202303_head_50k|cap=64|t=6571
train,metacdn_cdn_202303_head_50k|cap=64|t=6769
train,metacdn_cdn_202303_head_50k|cap=64|t=6829
train,metacdn_cdn_202303_head_50k|cap=64|t=6856
train,metacdn_cdn_202303_head_50k|cap=64|t=7006
train,metacdn_cdn_202303_head_50k|cap=64|t=7342
train,metacdn_cdn_202303_head_50k|cap=64|t=8121
train,metacdn_cdn_202303_head_50k|cap=64|t=8193
train,metacdn_cdn_202303_head_50k|cap=64|t=8506
train,metacdn_cdn_202303_head_50k|cap=64|t=8618
train,metacdn_cdn_202303_head_50k|cap=64|t=8833
train,metacdn_cdn_202303_head_50k|cap=64|t=8899
train,metacdn_cdn_202303_head_50k|cap=64|t=9237
train,metacdn_cdn_202303_head_50k|cap=64|t=9572
train,metakv_kvcache_202206_head_50k|cap=128|t=10328
train,metakv_kvcache_202206_head_50k|cap=128|t=10365
train,metakv_kvcache_202206_head_50k|cap=128|t=10576
train,metakv_kvcache_202206_head_50k|cap=128|t=11412
train,metakv_kvcache_202206_head_50k|cap=128|t=11460
train,metakv_kvcache_202206_head_50k|cap=128|t=11838
train,metakv_kvcache_202206_head_50k|cap=128|t=11849
train,metakv_kvcache_202206_head_50k|cap=128|t=13342
train,metakv_kvcache_202206_head_50k|cap=128|t=13418
train,metakv_kvcache_202206_head_50k|cap=128|t=13948
train,metakv_kvcache_202206_head_50k|cap=128|t=14389
train,metakv_kvcache_202206_head_50k|cap=128|t=14657
train,metakv_kvcache_202206_head_50k|cap=128|t=15527
train,metakv_kvcache_202206_head_50k|cap=128|t=15654
train,metakv_kvcache_202206_head_50k|cap=128|t=17595
train,metakv_kvcache_202206_head_50k|cap=128|t=17753
train,metakv_kvcache_202206_head_50k|cap=128|t=17986
train,metakv_kvcache_202206_head_50k|cap=128|t=18365
train,metakv_kvcache_202206_head_50k|cap=128|t=18581
train,metakv_kvcache_202206_head_50k|cap=128|t=19312
train,metakv_kvcache_202206_head_50k|cap=128|t=1933
train,metakv_kvcache_202206_head_50k|cap=128|t=19378
train,metakv_kvcache_202206_head_50k|cap=128|t=19442
train,metakv_kvcache_202206_head_50k|cap=128|t=19678
train,metakv_kvcache_202206_head_50k|cap=128|t=19989
train,metakv_kvcache_202206_head_50k|cap=128|t=20052
train,metakv_kvcache_202206_head_50k|cap=128|t=2021
train,metakv_kvcache_202206_head_50k|cap=128|t=20272
train,metakv_kvcache_202206_head_50k|cap=128|t=20447
train,metakv_kvcache_202206_head_50k|cap=128|t=2059
train,metakv_kvcache_202206_head_50k|cap=128|t=20605
train,metakv_kvcache_202206_head_50k|cap=128|t=20675
train,metakv_kvcache_202206_head_50k|cap=128|t=20799
train,metakv_kvcache_202206_head_50k|cap=128|t=20844
train,metakv_kvcache_202206_head_50k|cap=128|t=21277
train,metakv_kvcache_202206_head_50k|cap=128|t=21353
train,metakv_kvcache_202206_head_50k|cap=128|t=21941
train,metakv_kvcache_202206_head_50k|cap=128|t=22013
train,metakv_kvcache_202206_head_50k|cap=128|t=22288
train,metakv_kvcache_202206_head_50k|cap=128|t=22323
train,metakv_kvcache_202206_head_50k|cap=128|t=23052
train,metakv_kvcache_202206_head_50k|cap=128|t=23189
train,metakv_kvcache_202206_head_50k|cap=128|t=23515
train,metakv_kvcache_202206_head_50k|cap=128|t=24267
train,metakv_kvcache_202206_head_50k|cap=128|t=24296
train,metakv_kvcache_202206_head_50k|cap=128|t=24599
train,metakv_kvcache_202206_head_50k|cap=128|t=24658
train,metakv_kvcache_202206_head_50k|cap=128|t=25187
train,metakv_kvcache_202206_head_50k|cap=128|t=25597
train,metakv_kvcache_202206_head_50k|cap=128|t=2576
train,metakv_kvcache_202206_head_50k|cap=128|t=26056
train,metakv_kvcache_202206_head_50k|cap=128|t=26419
train,metakv_kvcache_202206_head_50k|cap=128|t=2643
train,metakv_kvcache_202206_head_50k|cap=128|t=26432
train,metakv_kvcache_202206_head_50k|cap=128|t=26466
train,metakv_kvcache_202206_head_50k|cap=128|t=27351
train,metakv_kvcache_202206_head_50k|cap=128|t=27392
train,metakv_kvcache_202206_head_50k|cap=128|t=2752
train,metakv_kvcache_202206_head_50k|cap=128|t=27601
train,metakv_kvcache_202206_head_50k|cap=128|t=27894
train,metakv_kvcache_202206_head_50k|cap=128|t=28138
train,metakv_kvcache_202206_head_50k|cap=128|t=28155
train,metakv_kvcache_202206_head_50k|cap=128|t=28853
train,metakv_kvcache_202206_head_50k|cap=128|t=28918
train,metakv_kvcache_202206_head_50k|cap=128|t=28972
train,metakv_kvcache_202206_head_50k|cap=128|t=29013
train,metakv_kvcache_202206_head_50k|cap=128|t=29413
train,metakv_kvcache_202206_head_50k|cap=128|t=30039
train,metakv_kvcache_202206_head_50k|cap=128|t=30044
train,metakv_kvcache_202206_head_50k|cap=128|t=3062
train,metakv_kvcache_202206_head_50k|cap=128|t=3075
train,metakv_kvcache_202206_head_50k|cap=128|t=3536
train,metakv_kvcache_202206_head_50k|cap=128|t=3645
train,metakv_kvcache_202206_head_50k|cap=128|t=3716
train,metakv_kvcache_202206_head_50k|cap=128|t=3860
train,metakv_kvcache_202206_head_50k|cap=128|t=3875
train,metakv_kvcache_202206_head_50k|cap=128|t=4318
train,metakv_kvcache_202206_head_50k|cap=128|t=4348
train,metakv_kvcache_202206_head_50k|cap=128|t=4636
train,metakv_kvcache_202206_head_50k|cap=128|t=4736
train,metakv_kvcache_202206_head_50k|cap=128|t=5066
train,metakv_kvcache_202206_head_50k|cap=128|t=521
train,metakv_kvcache_202206_head_50k|cap=128|t=541
train,metakv_kvcache_202206_head_50k|cap=128|t=5521
train,metakv_kvcache_202206_head_50k|cap=128|t=5583
train,metakv_kvcache_202206_head_50k|cap=128|t=5705
train,metakv_kvcache_202206_head_50k|cap=128|t=5731
train,metakv_kvcache_202206_head_50k|cap=128|t=5850
train,metakv_kvcache_202206_head_50k|cap=128|t=5913
train,metakv_kvcache_202206_head_50k|cap=128|t=6020
train,metakv_kvcache_202206_head_50k|cap=128|t=6593
train,metakv_kvcache_202206_head_50k|cap=128|t=6917
train,metakv_kvcache_202206_head_50k|cap=128|t=7461
train,metakv_kvcache_202206_head_50k|cap=128|t=7498
train,metakv_kvcache_202206_head_50k|cap=128|t=8115
train,metakv_kvcache_202206_head_50k|cap=128|t=885
train,metakv_kvcache_202206_head_50k|cap=128|t=9002
train,metakv_kvcache_202206_head_50k|cap=128|t=9143
train,metakv_kvcache_202206_head_50k|cap=128|t=9864
train,metakv_kvcache_202206_head_50k|cap=128|t=9956
train,metakv_kvcache_202206_head_50k|cap=256|t=10449
train,metakv_kvcache_202206_head_50k|cap=256|t=10834
train,metakv_kvcache_202206_head_50k|cap=256|t=11044
train,metakv_kvcache_202206_head_50k|cap=256|t=11193
train,metakv_kvcache_202206_head_50k|cap=256|t=11225
train,metakv_kvcache_202206_head_50k|cap=256|t=11295
train,metakv_kvcache_202206_head_50k|cap=256|t=11527
train,metakv_kvcache_202206_head_50k|cap=256|t=11659
train,metakv_kvcache_202206_head_50k|cap=256|t=12581
train,metakv_kvcache_202206_head_50k|cap=256|t=13124
train,metakv_kvcache_202206_head_50k|cap=256|t=13232
train,metakv_kvcache_202206_head_50k|cap=256|t=14447
train,metakv_kvcache_202206_head_50k|cap=256|t=14495
train,metakv_kvcache_202206_head_50k|cap=256|t=1481
train,metakv_kvcache_202206_head_50k|cap=256|t=14931
train,metakv_kvcache_202206_head_50k|cap=256|t=15368
train,metakv_kvcache_202206_head_50k|cap=256|t=15728
train,metakv_kvcache_202206_head_50k|cap=256|t=16063
train,metakv_kvcache_202206_head_50k|cap=256|t=16401
train,metakv_kvcache_202206_head_50k|cap=256|t=16569
train,metakv_kvcache_202206_head_50k|cap=256|t=17275
train,metakv_kvcache_202206_head_50k|cap=256|t=17940
train,metakv_kvcache_202206_head_50k|cap=256|t=18039
train,metakv_kvcache_202206_head_50k|cap=256|t=18133
train,metakv_kvcache_202206_head_50k|cap=256|t=18439
train,metakv_kvcache_202206_head_50k|cap=256|t=18709
train,metakv_kvcache_202206_head_50k|cap=256|t=20300
train,metakv_kvcache_202206_head_50k|cap=256|t=20970
train,metakv_kvcache_202206_head_50k|cap=256|t=21296
train,metakv_kvcache_202206_head_50k|cap=256|t=21425
train,metakv_kvcache_202206_head_50k|cap=256|t=21711
train,metakv_kvcache_202206_head_50k|cap=256|t=21764
train,metakv_kvcache_202206_head_50k|cap=256|t=21793
train,metakv_kvcache_202206_head_50k|cap=256|t=21927
train,metakv_kvcache_202206_head_50k|cap=256|t=22022
train,metakv_kvcache_202206_head_50k|cap=256|t=22180
train,metakv_kvcache_202206_head_50k|cap=256|t=2242
train,metakv_kvcache_202206_head_50k|cap=256|t=22615
train,metakv_kvcache_202206_head_50k|cap=256|t=22839
train,metakv_kvcache_202206_head_50k|cap=256|t=22935
train,metakv_kvcache_202206_head_50k|cap=256|t=23119
train,metakv_kvcache_202206_head_50k|cap=256|t=23169
train,metakv_kvcache_202206_head_50k|cap=256|t=23272
train,metakv_kvcache_202206_head_50k|cap=256|t=23914
train,metakv_kvcache_202206_head_50k|cap=256|t=23976
train,metakv_kvcache_202206_head_50k|cap=256|t=24175
train,metakv_kvcache_202206_head_50k|cap=256|t=24268
train,metakv_kvcache_202206_head_50k|cap=256|t=24484
train,metakv_kvcache_202206_head_50k|cap=256|t=24665
train,metakv_kvcache_202206_head_50k|cap=256|t=24676
train,metakv_kvcache_202206_head_50k|cap=256|t=24970
train,metakv_kvcache_202206_head_50k|cap=256|t=2539
train,metakv_kvcache_202206_head_50k|cap=256|t=25482
train,metakv_kvcache_202206_head_50k|cap=256|t=25525
train,metakv_kvcache_202206_head_50k|cap=256|t=25544
train,metakv_kvcache_202206_head_50k|cap=256|t=26306
train,metakv_kvcache_202206_head_50k|cap=256|t=26513
train,metakv_kvcache_202206_head_50k|cap=256|t=26589
train,metakv_kvcache_202206_head_50k|cap=256|t=26791
train,metakv_kvcache_202206_head_50k|cap=256|t=27168
train,metakv_kvcache_202206_head_50k|cap=256|t=27559
train,metakv_kvcache_202206_head_50k|cap=256|t=27996
train,metakv_kvcache_202206_head_50k|cap=256|t=28324
train,metakv_kvcache_202206_head_50k|cap=256|t=29189
train,metakv_kvcache_202206_head_50k|cap=256|t=29212
train,metakv_kvcache_202206_head_50k|cap=256|t=29504
train,metakv_kvcache_202206_head_50k|cap=256|t=29832
train,metakv_kvcache_202206_head_50k|cap=256|t=29870
train,metakv_kvcache_202206_head_50k|cap=256|t=30168
train,metakv_kvcache_202206_head_50k|cap=256|t=3513
train,metakv_kvcache_202206_head_50k|cap=256|t=3522
train,metakv_kvcache_202206_head_50k|cap=256|t=3545
train,metakv_kvcache_202206_head_50k|cap=256|t=3993
train,metakv_kvcache_202206_head_50k|cap=256|t=4311
train,metakv_kvcache_202206_head_50k|cap=256|t=4334
train,metakv_kvcache_202206_head_50k|cap=256|t=4860
train,metakv_kvcache_202206_head_50k|cap=256|t=5080
train,metakv_kvcache_202206_head_50k|cap=256|t=5087
train,metakv_kvcache_202206_head_50k|cap=256|t=578
train,metakv_kvcache_202206_head_50k|cap=256|t=5782
train,metakv_kvcache_202206_head_50k|cap=256|t=5932
train,metakv_kvcache_202206_head_50k|cap=256|t=5940
train,metakv_kvcache_202206_head_50k|cap=256|t=6562
train,metakv_kvcache_202206_head_50k|cap=256|t=699
train,metakv_kvcache_202206_head_50k|cap=256|t=7047
train,metakv_kvcache_202206_head_50k|cap=256|t=7120
train,metakv_kvcache_202206_head_50k|cap=256|t=7295
train,metakv_kvcache_202206_head_50k|cap=256|t=7663
train,metakv_kvcache_202206_head_50k|cap=256|t=793
train,metakv_kvcache_202206_head_50k|cap=256|t=8082
train,metakv_kvcache_202206_head_50k|cap=256|t=8644
train,metakv_kvcache_202206_head_50k|cap=256|t=8669
train,metakv_kvcache_202206_head_50k|cap=256|t=8735
train,metakv_kvcache_202206_head_50k|cap=256|t=8930
train,metakv_kvcache_202206_head_50k|cap=256|t=9211
train,metakv_kvcache_202206_head_50k|cap=256|t=956
train,metakv_kvcache_202206_head_50k|cap=256|t=9821
train,metakv_kvcache_202206_head_50k|cap=256|t=9886
train,metakv_kvcache_202206_head_50k|cap=256|t=9904
train,metakv_kvcache_202206_head_50k|cap=256|t=9993
train,metakv_kvcache_202206_head_50k|cap=32|t=10117
train,metakv_kvcache_202206_head_50k|cap=32|t=10541
train,metakv_kvcache_202206_head_50k|cap=32|t=10725
train,metakv_kvcache_202206_head_50k|cap=32|t=10758
train,metakv_kvcache_202206_head_50k|cap=32|t=10869
train,metakv_kvcache_202206_head_50k|cap=32|t=11047
train,metakv_kvcache_202206_head_50k|cap=32|t=11375
train,metakv_kvcache_202206_head_50k|cap=32|t=11544
train,metakv_kvcache_202206_head_50k|cap=32|t=11761
train,metakv_kvcache_202206_head_50k|cap=32|t=11766
train,metakv_kvcache_202206_head_50k|cap=32|t=11998
train,metakv_kvcache_202206_head_50k|cap=32|t=12130
train,metakv_kvcache_202206_head_50k|cap=32|t=13409
train,metakv_kvcache_202206_head_50k|cap=32|t=13630
train,metakv_kvcache_202206_head_50k|cap=32|t=13646
train,metakv_kvcache_202206_head_50k|cap=32|t=14160
train,metakv_kvcache_202206_head_50k|cap=32|t=14295
train,metakv_kvcache_202206_head_50k|cap=32|t=14558
train,metakv_kvcache_202206_head_50k|cap=32|t=14625
train,metakv_kvcache_202206_head_50k|cap=32|t=14991
train,metakv_kvcache_202206_head_50k|cap=32|t=15158
train,metakv_kvcache_202206_head_50k|cap=32|t=15414
train,metakv_kvcache_202206_head_50k|cap=32|t=15471
train,metakv_kvcache_202206_head_50k|cap=32|t=15483
train,metakv_kvcache_202206_head_50k|cap=32|t=15514
train,metakv_kvcache_202206_head_50k|cap=32|t=16054
train,metakv_kvcache_202206_head_50k|cap=32|t=16417
train,metakv_kvcache_202206_head_50k|cap=32|t=16678
train,metakv_kvcache_202206_head_50k|cap=32|t=16780
train,metakv_kvcache_202206_head_50k|cap=32|t=16890
train,metakv_kvcache_202206_head_50k|cap=32|t=17089
train,metakv_kvcache_202206_head_50k|cap=32|t=17278
train,metakv_kvcache_202206_head_50k|cap=32|t=17318
train,metakv_kvcache_202206_head_50k|cap=32|t=17883
train,metakv_kvcache_202206_head_50k|cap=32|t=20910
train,metakv_kvcache_202206_head_50k|cap=32|t=21190
train,metakv_kvcache_202206_head_50k|cap=32|t=21510
train,metakv_kvcache_202206_head_50k|cap=32|t=2173
train,metakv_kvcache_202206_head_50k|cap=32|t=21901
train,metakv_kvcache_202206_head_50k|cap=32|t=22120
train,metakv_kvcache_202206_head_50k|cap=32|t=22221
train,metakv_kvcache_202206_head_50k|cap=32|t=22980
train,metakv_kvcache_202206_head_50k|cap=32|t=22981
train,metakv_kvcache_202206_head_50k|cap=32|t=23112
train,metakv_kvcache_202206_head_50k|cap=32|t=23198
train,metakv_kvcache_202206_head_50k|cap=32|t=23275
train,metakv_kvcache_202206_head_50k|cap=32|t=23780
train,metakv_kvcache_202206_head_50k|cap=32|t=23872
train,metakv_kvcache_202206_head_50k|cap=32|t=2408
train,metakv_kvcache_202206_head_50k|cap=32|t=24267
train,metakv_kvcache_202206_head_50k|cap=32|t=2482
train,metakv_kvcache_202206_head_50k|cap=32|t=24884
train,metakv_kvcache_202206_head_50k|cap=32|t=2542
train,metakv_kvcache_202206_head_50k|cap=32|t=25805
train,metakv_kvcache_202206_head_50k|cap=32|t=25990
train,metakv_kvcache_202206_head_50k|cap=32|t=26001
train,metakv_kvcache_202206_head_50k|cap=32|t=26819
train,metakv_kvcache_202206_head_50k|cap=32|t=27219
train,metakv_kvcache_202206_head_50k|cap=32|t=27256
train,metakv_kvcache_202206_head_50k|cap=32|t=27386
train,metakv_kvcache_202206_head_50k|cap=32|t=28602
train,metakv_kvcache_202206_head_50k|cap=32|t=28961
train,metakv_kvcache_202206_head_50k|cap=32|t=29052
train,metakv_kvcache_202206_head_50k|cap=32|t=29123
train,metakv_kvcache_202206_head_50k|cap=32|t=29285
train,metakv_kvcache_202206_head_50k|cap=32|t=29326
train,metakv_kvcache_202206_head_50k|cap=32|t=2936
train,metakv_kvcache_202206_head_50k|cap=32|t=2959
train,metakv_kvcache_202206_head_50k|cap=32|t=3279
train,metakv_kvcache_202206_head_50k|cap=32|t=3357
train,metakv_kvcache_202206_head_50k|cap=32|t=3764
train,metakv_kvcache_202206_head_50k|cap=32|t=3968
train,metakv_kvcache_202206_head_50k|cap=32|t=4279
train,metakv_kvcache_202206_head_50k|cap=32|t=434
train,metakv_kvcache_202206_head_50k|cap=32|t=4438
train,metakv_kvcache_202206_head_50k|cap=32|t=4603
train,metakv_kvcache_202206_head_50k|cap=32|t=4744
train,metakv_kvcache_202206_head_50k|cap=32|t=4777
train,metakv_kvcache_202206_head_50k|cap=32|t=5011
train,metakv_kvcache_202206_head_50k|cap=32|t=5669
train,metakv_kvcache_202206_head_50k|cap=32|t=5796
train,metakv_kvcache_202206_head_50k|cap=32|t=5864
train,metakv_kvcache_202206_head_50k|cap=32|t=5946
train,metakv_kvcache_202206_head_50k|cap=32|t=6103
train,metakv_kvcache_202206_head_50k|cap=32|t=6137
train,metakv_kvcache_202206_head_50k|cap=32|t=6307
train,metakv_kvcache_202206_head_50k|cap=32|t=6637
train,metakv_kvcache_202206_head_50k|cap=32|t=691
train,metakv_kvcache_202206_head_50k|cap=32|t=7229
train,metakv_kvcache_202206_head_50k|cap=32|t=7258
train,metakv_kvcache_202206_head_50k|cap=32|t=7373
train,metakv_kvcache_202206_head_50k|cap=32|t=772
train,metakv_kvcache_202206_head_50k|cap=32|t=7848
train,metakv_kvcache_202206_head_50k|cap=32|t=7959
train,metakv_kvcache_202206_head_50k|cap=32|t=8028
train,metakv_kvcache_202206_head_50k|cap=32|t=8410
train,metakv_kvcache_202206_head_50k|cap=32|t=8422
train,metakv_kvcache_202206_head_50k|cap=32|t=8598
train,metakv_kvcache_202206_head_50k|cap=32|t=8751
train,metakv_kvcache_202206_head_50k|cap=32|t=9950
train,metakv_kvcache_202206_head_50k|cap=64|t=10057
train,metakv_kvcache_202206_head_50k|cap=64|t=10191
train,metakv_kvcache_202206_head_50k|cap=64|t=10342
train,metakv_kvcache_202206_head_50k|cap=64|t=10491
train,metakv_kvcache_202206_head_50k|cap=64|t=10857
train,metakv_kvcache_202206_head_50k|cap=64|t=11411
train,metakv_kvcache_202206_head_50k|cap=64|t=1159
train,metakv_kvcache_202206_head_50k|cap=64|t=11846
train,metakv_kvcache_202206_head_50k|cap=64|t=12088
train,metakv_kvcache_202206_head_50k|cap=64|t=12266
train,metakv_kvcache_202206_head_50k|cap=64|t=12557
train,metakv_kvcache_202206_head_50k|cap=64|t=13132
train,metakv_kvcache_202206_head_50k|cap=64|t=13518
train,metakv_kvcache_202206_head_50k|cap=64|t=13784
train,metakv_kvcache_202206_head_50k|cap=64|t=13787
train,metakv_kvcache_202206_head_50k|cap=64|t=14060
train,metakv_kvcache_202206_head_50k|cap=64|t=14443
train,metakv_kvcache_202206_head_50k|cap=64|t=14490
train,metakv_kvcache_202206_head_50k|cap=64|t=14638
train,metakv_kvcache_202206_head_50k|cap=64|t=15027
train,metakv_kvcache_202206_head_50k|cap=64|t=15354
train,metakv_kvcache_202206_head_50k|cap=64|t=15653
train,metakv_kvcache_202206_head_50k|cap=64|t=15802
train,metakv_kvcache_202206_head_50k|cap=64|t=15893
train,metakv_kvcache_202206_head_50k|cap=64|t=15910
train,metakv_kvcache_202206_head_50k|cap=64|t=1638
train,metakv_kvcache_202206_head_50k|cap=64|t=17728
train,metakv_kvcache_202206_head_50k|cap=64|t=17844
train,metakv_kvcache_202206_head_50k|cap=64|t=18156
train,metakv_kvcache_202206_head_50k|cap=64|t=182
train,metakv_kvcache_202206_head_50k|cap=64|t=18367
train,metakv_kvcache_202206_head_50k|cap=64|t=18638
train,metakv_kvcache_202206_head_50k|cap=64|t=19666
train,metakv_kvcache_202206_head_50k|cap=64|t=19896
train,metakv_kvcache_202206_head_50k|cap=64|t=2009
train,metakv_kvcache_202206_head_50k|cap=64|t=20247
train,metakv_kvcache_202206_head_50k|cap=64|t=20385
train,metakv_kvcache_202206_head_50k|cap=64|t=20595
train,metakv_kvcache_202206_head_50k|cap=64|t=20868
train,metakv_kvcache_202206_head_50k|cap=64|t=21137
train,metakv_kvcache_202206_head_50k|cap=64|t=21792
train,metakv_kvcache_202206_head_50k|cap=64|t=22360
train,metakv_kvcache_202206_head_50k|cap=64|t=22365
train,metakv_kvcache_202206_head_50k|cap=64|t=22716
train,metakv_kvcache_202206_head_50k|cap=64|t=22756
train,metakv_kvcache_202206_head_50k|cap=64|t=22825
train,metakv_kvcache_202206_head_50k|cap=64|t=23045
train,metakv_kvcache_202206_head_50k|cap=64|t=23074
train,metakv_kvcache_202206_head_50k|cap=64|t=23193
train,metakv_kvcache_202206_head_50k|cap=64|t=23239
train,metakv_kvcache_202206_head_50k|cap=64|t=23600
train,metakv_kvcache_202206_head_50k|cap=64|t=23758
train,metakv_kvcache_202206_head_50k|cap=64|t=24071
train,metakv_kvcache_202206_head_50k|cap=64|t=24095
train,metakv_kvcache_202206_head_50k|cap=64|t=2415
train,metakv_kvcache_202206_head_50k|cap=64|t=24360
train,metakv_kvcache_202206_head_50k|cap=64|t=24714
train,metakv_kvcache_202206_head_50k|cap=64|t=25005
train,metakv_kvcache_202206_head_50k|cap=64|t=25118
train,metakv_kvcache_202206_head_50k|cap=64|t=25952
train,metakv_kvcache_202206_head_50k|cap=64|t=26261
train,metakv_kvcache_202206_head_50k|cap=64|t=26876
train,metakv_kvcache_202206_head_50k|cap=64|t=26892
train,metakv_kvcache_202206_head_50k|cap=64|t=27015
train,metakv_kvcache_202206_head_50k|cap=64|t=27107
train,metakv_kvcache_202206_head_50k|cap=64|t=27619
train,metakv_kvcache_202206_head_50k|cap=64|t=28115
train,metakv_kvcache_202206_head_50k|cap=64|t=28695
train,metakv_kvcache_202206_head_50k|cap=64|t=29646
train,metakv_kvcache_202206_head_50k|cap=64|t=29732
train,metakv_kvcache_202206_head_50k|cap=64|t=3089
train,metakv_kvcache_202206_head_50k|cap=64|t=3303
train,metakv_kvcache_202206_head_50k|cap=64|t=3411
train,metakv_kvcache_202206_head_50k|cap=64|t=3525
train,metakv_kvcache_202206_head_50k|cap=64|t=3527
train,metakv_kvcache_202206_head_50k|cap=64|t=3532
train,metakv_kvcache_202206_head_50k|cap=64|t=3879
train,metakv_kvcache_202206_head_50k|cap=64|t=4225
train,metakv_kvcache_202206_head_50k|cap=64|t=4427
train,metakv_kvcache_202206_head_50k|cap=64|t=4513
train,metakv_kvcache_202206_head_50k|cap=64|t=4651
train,metakv_kvcache_202206_head_50k|cap=64|t=5247
train,metakv_kvcache_202206_head_50k|cap=64|t=5617
train,metakv_kvcache_202206_head_50k|cap=64|t=5860
train,metakv_kvcache_202206_head_50k|cap=64|t=5873
train,metakv_kvcache_202206_head_50k|cap=64|t=5874
train,metakv_kvcache_202206_head_50k|cap=64|t=5910
train,metakv_kvcache_202206_head_50k|cap=64|t=6786
train,metakv_kvcache_202206_head_50k|cap=64|t=6862
train,metakv_kvcache_202206_head_50k|cap=64|t=7169
train,metakv_kvcache_202206_head_50k|cap=64|t=7925
train,metakv_kvcache_202206_head_50k|cap=64|t=809
train,metakv_kvcache_202206_head_50k|cap=64|t=8173
train,metakv_kvcache_202206_head_50k|cap=64|t=8390
train,metakv_kvcache_202206_head_50k|cap=64|t=8473
train,metakv_kvcache_202206_head_50k|cap=64|t=8485
train,metakv_kvcache_202206_head_50k|cap=64|t=9557
train,metakv_kvcache_202206_head_50k|cap=64|t=9635
train,metakv_kvcache_202206_head_50k|cap=64|t=970
train,metakv_kvcache_202206_head_50k|cap=64|t=9907
train,twemcache_cluster26_sample100_50k|cap=128|t=10291
train,twemcache_cluster26_sample100_50k|cap=128|t=10763
train,twemcache_cluster26_sample100_50k|cap=128|t=10765
train,twemcache_cluster26_sample100_50k|cap=128|t=1077
train,twemcache_cluster26_sample100_50k|cap=128|t=10799
train,twemcache_cluster26_sample100_50k|cap=128|t=10826
train,twemcache_cluster26_sample100_50k|cap=128|t=10891
train,twemcache_cluster26_sample100_50k|cap=128|t=11505
train,twemcache_cluster26_sample100_50k|cap=128|t=1166
train,twemcache_cluster26_sample100_50k|cap=128|t=11680
train,twemcache_cluster26_sample100_50k|cap=128|t=11833
train,twemcache_cluster26_sample100_50k|cap=128|t=12118
train,twemcache_cluster26_sample100_50k|cap=128|t=12261
train,twemcache_cluster26_sample100_50k|cap=128|t=12265
train,twemcache_cluster26_sample100_50k|cap=128|t=12451
train,twemcache_cluster26_sample100_50k|cap=128|t=12584
train,twemcache_cluster26_sample100_50k|cap=128|t=1263
train,twemcache_cluster26_sample100_50k|cap=128|t=13564
train,twemcache_cluster26_sample100_50k|cap=128|t=13737
train,twemcache_cluster26_sample100_50k|cap=128|t=14319
train,twemcache_cluster26_sample100_50k|cap=128|t=1438
train,twemcache_cluster26_sample100_50k|cap=128|t=15556
train,twemcache_cluster26_sample100_50k|cap=128|t=15715
train,twemcache_cluster26_sample100_50k|cap=128|t=16186
train,twemcache_cluster26_sample100_50k|cap=128|t=16274
train,twemcache_cluster26_sample100_50k|cap=128|t=16516
train,twemcache_cluster26_sample100_50k|cap=128|t=16763
train,twemcache_cluster26_sample100_50k|cap=128|t=17171
train,twemcache_cluster26_sample100_50k|cap=128|t=17531
train,twemcache_cluster26_sample100_50k|cap=128|t=1838
train,twemcache_cluster26_sample100_50k|cap=128|t=18879
train,twemcache_cluster26_sample100_50k|cap=128|t=19018
train,twemcache_cluster26_sample100_50k|cap=128|t=19370
train,twemcache_cluster26_sample100_50k|cap=128|t=19426
train,twemcache_cluster26_sample100_50k|cap=128|t=20499
train,twemcache_cluster26_sample100_50k|cap=128|t=20828
train,twemcache_cluster26_sample100_50k|cap=128|t=21231
train,twemcache_cluster26_sample100_50k|cap=128|t=21427
train,twemcache_cluster26_sample100_50k|cap=128|t=21605
train,twemcache_cluster26_sample100_50k|cap=128|t=21835
train,twemcache_cluster26_sample100_50k|cap=128|t=2186
train,twemcache_cluster26_sample100_50k|cap=128|t=21948
train,twemcache_cluster26_sample100_50k|cap=128|t=2225
train,twemcache_cluster26_sample100_50k|cap=128|t=22275
train,twemcache_cluster26_sample100_50k|cap=128|t=2241
train,twemcache_cluster26_sample100_50k|cap=128|t=22477
train,twemcache_cluster26_sample100_50k|cap=128|t=22551
train,twemcache_cluster26_sample100_50k|cap=128|t=22678
train,twemcache_cluster26_sample100_50k|cap=128|t=22813
train,twemcache_cluster26_sample100_50k|cap=128|t=22956
train,twemcache_cluster26_sample100_50k|cap=128|t=23345
train,twemcache_cluster26_sample100_50k|cap=128|t=23434
train,twemcache_cluster26_sample100_50k|cap=128|t=2368
train,twemcache_cluster26_sample100_50k|cap=128|t=24007
train,twemcache_cluster26_sample100_50k|cap=128|t=24289
train,twemcache_cluster26_sample100_50k|cap=128|t=24338
train,twemcache_cluster26_sample100_50k|cap=128|t=24453
train,twemcache_cluster26_sample100_50k|cap=128|t=24763
train,twemcache_cluster26_sample100_50k|cap=128|t=25287
train,twemcache_cluster26_sample100_50k|cap=128|t=25329
train,twemcache_cluster26_sample100_50k|cap=128|t=25579
train,twemcache_cluster26_sample100_50k|cap=128|t=25654
train,twemcache_cluster26_sample100_50k|cap=128|t=26061
train,twemcache_cluster26_sample100_50k|cap=128|t=26209
train,twemcache_cluster26_sample100_50k|cap=128|t=26329
train,twemcache_cluster26_sample100_50k|cap=128|t=2648
train,twemcache_cluster26_sample100_50k|cap=128|t=26521
train,twemcache_cluster26_sample100_50k|cap=128|t=26541
train,twemcache_cluster26_sample100_50k|cap=128|t=2657
train,twemcache_cluster26_sample100_50k|cap=128|t=27085
train,twemcache_cluster26_sample100_50k|cap=128|t=2727
train,twemcache_cluster26_sample100_50k|cap=128|t=27339
train,twemcache_cluster26_sample100_50k|cap=128|t=27766
train,twemcache_cluster26_sample100_50k|cap=128|t=27895
train,twemcache_cluster26_sample100_50k|cap=128|t=28272
train,twemcache_cluster26_sample100_50k|cap=128|t=284
train,twemcache_cluster26_sample100_50k|cap=128|t=28733
train,twemcache_cluster26_sample100_50k|cap=128|t=28776
train,twemcache_cluster26_sample100_50k|cap=128|t=29055
train,twemcache_cluster26_sample100_50k|cap=128|t=29368
train,twemcache_cluster26_sample100_50k|cap=128|t=29407
train,twemcache_cluster26_sample100_50k|cap=128|t=3510
train,twemcache_cluster26_sample100_50k|cap=128|t=4121
train,twemcache_cluster26_sample100_50k|cap=128|t=4181
train,twemcache_cluster26_sample100_50k|cap=128|t=4247
train,twemcache_cluster26_sample100_50k|cap=128|t=4311
train,twemcache_cluster26_sample100_50k|cap=128|t=4390
train,twemcache_cluster26_sample100_50k|cap=128|t=4588
train,twemcache_cluster26_sample100_50k|cap=128|t=4625
train,twemcache_cluster26_sample100_50k|cap=128|t=4867
train,twemcache_cluster26_sample100_50k|cap=128|t=585
train,twemcache_cluster26_sample100_50k|cap=128|t=6473
train,twemcache_cluster26_sample100_50k|cap=128|t=6652
train,twemcache_cluster26_sample100_50k|cap=128|t=6797
train,twemcache_cluster26_sample100_50k|cap=128|t=7972
train,twemcache_cluster26_sample100_50k|cap=128|t=8018
train,twemcache_cluster26_sample100_50k|cap=128|t=8092
train,twemcache_cluster26_sample100_50k|cap=128|t=8179
train,twemcache_cluster26_sample100_50k|cap=128|t=9437
train,twemcache_cluster26_sample100_50k|cap=128|t=9619
train,twemcache_cluster26_sample100_50k|cap=256|t=10765
train,twemcache_cluster26_sample100_50k|cap=256|t=11159
train,twemcache_cluster26_sample100_50k|cap=256|t=11993
train,twemcache_cluster26_sample100_50k|cap=256|t=12714
train,twemcache_cluster26_sample100_50k|cap=256|t=13047
train,twemcache_cluster26_sample100_50k|cap=256|t=13509
train,twemcache_cluster26_sample100_50k|cap=256|t=13891
train,twemcache_cluster26_sample100_50k|cap=256|t=14216
train,twemcache_cluster26_sample100_50k|cap=256|t=14312
train,twemcache_cluster26_sample100_50k|cap=256|t=1443
train,twemcache_cluster26_sample100_50k|cap=256|t=14430
train,twemcache_cluster26_sample100_50k|cap=256|t=14553
train,twemcache_cluster26_sample100_50k|cap=256|t=14750
train,twemcache_cluster26_sample100_50k|cap=256|t=14827
train,twemcache_cluster26_sample100_50k|cap=256|t=1507
train,twemcache_cluster26_sample100_50k|cap=256|t=15207
train,twemcache_cluster26_sample100_50k|cap=256|t=15516
train,twemcache_cluster26_sample100_50k|cap=256|t=16087
train,twemcache_cluster26_sample100_50k|cap=256|t=16323
train,twemcache_cluster26_sample100_50k|cap=256|t=1669
train,twemcache_cluster26_sample100_50k|cap=256|t=18087
train,twemcache_cluster26_sample100_50k|cap=256|t=18679
train,twemcache_cluster26_sample100_50k|cap=256|t=19068
train,twemcache_cluster26_sample100_50k|cap=256|t=19082
train,twemcache_cluster26_sample100_50k|cap=256|t=19156
train,twemcache_cluster26_sample100_50k|cap=256|t=19502
train,twemcache_cluster26_sample100_50k|cap=256|t=19583
train,twemcache_cluster26_sample100_50k|cap=256|t=19651
train,twemcache_cluster26_sample100_50k|cap=256|t=19699
train,twemcache_cluster26_sample100_50k|cap=256|t=19773
train,twemcache_cluster26_sample100_50k|cap=256|t=20184
train,twemcache_cluster26_sample100_50k|cap=256|t=20614
train,twemcache_cluster26_sample100_50k|cap=256|t=20928
train,twemcache_cluster26_sample100_50k|cap=256|t=21618
train,twemcache_cluster26_sample100_50k|cap=256|t=21742
train,twemcache_cluster26_sample100_50k|cap=256|t=21856
train,twemcache_cluster26_sample100_50k|cap=256|t=22075
train,twemcache_cluster26_sample100_50k|cap=256|t=22087
train,twemcache_cluster26_sample100_50k|cap=256|t=22114
train,twemcache_cluster26_sample100_50k|cap=256|t=22226
train,twemcache_cluster26_sample100_50k|cap=256|t=22482
train,twemcache_cluster26_sample100_50k|cap=256|t=2266
train,twemcache_cluster26_sample100_50k|cap=256|t=23009
train,twemcache_cluster26_sample100_50k|cap=256|t=23199
train,twemcache_cluster26_sample100_50k|cap=256|t=23202
train,twemcache_cluster26_sample100_50k|cap=256|t=23319
train,twemcache_cluster26_sample100_50k|cap=256|t=23843
train,twemcache_cluster26_sample100_50k|cap=256|t=2459
train,twemcache_cluster26_sample100_50k|cap=256|t=24671
train,twemcache_cluster26_sample100_50k|cap=256|t=25329
train,twemcache_cluster26_sample100_50k|cap=256|t=25437
train,twemcache_cluster26_sample100_50k|cap=256|t=25570
train,twemcache_cluster26_sample100_50k|cap=256|t=25600
train,twemcache_cluster26_sample100_50k|cap=256|t=25678
train,twemcache_cluster26_sample100_50k|cap=256|t=26129
train,twemcache_cluster26_sample100_50k|cap=256|t=26549
train,twemcache_cluster26_sample100_50k|cap=256|t=26575
train,twemcache_cluster26_sample100_50k|cap=256|t=26764
train,twemcache_cluster26_sample100_50k|cap=256|t=27213
train,twemcache_cluster26_sample100_50k|cap=256|t=27687
train,twemcache_cluster26_sample100_50k|cap=256|t=27979
train,twemcache_cluster26_sample100_50k|cap=256|t=28153
train,twemcache_cluster26_sample100_50k|cap=256|t=28410
train,twemcache_cluster26_sample100_50k|cap=256|t=28623
train,twemcache_cluster26_sample100_50k|cap=256|t=28753
train,twemcache_cluster26_sample100_50k|cap=256|t=29020
train,twemcache_cluster26_sample100_50k|cap=256|t=29293
train,twemcache_cluster26_sample100_50k|cap=256|t=29433
train,twemcache_cluster26_sample100_50k|cap=256|t=30156
train,twemcache_cluster26_sample100_50k|cap=256|t=3576
train,twemcache_cluster26_sample100_50k|cap=256|t=4187
train,twemcache_cluster26_sample100_50k|cap=256|t=4199
train,twemcache_cluster26_sample100_50k|cap=256|t=4395
train,twemcache_cluster26_sample100_50k|cap=256|t=4474
train,twemcache_cluster26_sample100_50k|cap=256|t=4769
train,twemcache_cluster26_sample100_50k|cap=256|t=488
train,twemcache_cluster26_sample100_50k|cap=256|t=5171
train,twemcache_cluster26_sample100_50k|cap=256|t=5253
train,twemcache_cluster26_sample100_50k|cap=256|t=5361
train,twemcache_cluster26_sample100_50k|cap=256|t=6047
train,twemcache_cluster26_sample100_50k|cap=256|t=6197
train,twemcache_cluster26_sample100_50k|cap=256|t=6284
train,twemcache_cluster26_sample100_50k|cap=256|t=6344
train,twemcache_cluster26_sample100_50k|cap=256|t=6355
train,twemcache_cluster26_sample100_50k|cap=256|t=6526
train,twemcache_cluster26_sample100_50k|cap=256|t=6861
train,twemcache_cluster26_sample100_50k|cap=256|t=6986
train,twemcache_cluster26_sample100_50k|cap=256|t=7089
train,twemcache_cluster26_sample100_50k|cap=256|t=7140
train,twemcache_cluster26_sample100_50k|cap=256|t=8034
train,twemcache_cluster26_sample100_50k|cap=256|t=8261
train,twemcache_cluster26_sample100_50k|cap=256|t=8768
train,twemcache_cluster26_sample100_50k|cap=256|t=8809
train,twemcache_cluster26_sample100_50k|cap=256|t=9040
train,twemcache_cluster26_sample100_50k|cap=256|t=9099
train,twemcache_cluster26_sample100_50k|cap=256|t=9136
train,twemcache_cluster26_sample100_50k|cap=256|t=9185
train,twemcache_cluster26_sample100_50k|cap=256|t=9258
train,twemcache_cluster26_sample100_50k|cap=256|t=9348
train,twemcache_cluster26_sample100_50k|cap=256|t=9995
train,twemcache_cluster26_sample100_50k|cap=32|t=10251
train,twemcache_cluster26_sample100_50k|cap=32|t=10304
train,twemcache_cluster26_sample100_50k|cap=32|t=10408
train,twemcache_cluster26_sample100_50k|cap=32|t=10425
train,twemcache_cluster26_sample100_50k|cap=32|t=10751
train,twemcache_cluster26_sample100_50k|cap=32|t=10766
train,twemcache_cluster26_sample100_50k|cap=32|t=11040
train,twemcache_cluster26_sample100_50k|cap=32|t=11410
train,twemcache_cluster26_sample100_50k|cap=32|t=11743
train,twemcache_cluster26_sample100_50k|cap=32|t=11912
train,twemcache_cluster26_sample100_50k|cap=32|t=13001
train,twemcache_cluster26_sample100_50k|cap=32|t=1318
train,twemcache_cluster26_sample100_50k|cap=32|t=13207
train,twemcache_cluster26_sample100_50k|cap=32|t=13376
train,twemcache_cluster26_sample100_50k|cap=32|t=13574
train,twemcache_cluster26_sample100_50k|cap=32|t=14129
train,twemcache_cluster26_sample100_50k|cap=32|t=14156
train,twemcache_cluster26_sample100_50k|cap=32|t=14454
train,twemcache_cluster26_sample100_50k|cap=32|t=14805
train,twemcache_cluster26_sample100_50k|cap=32|t=14982
train,twemcache_cluster26_sample100_50k|cap=32|t=15659
train,twemcache_cluster26_sample100_50k|cap=32|t=15697
train,twemcache_cluster26_sample100_50k|cap=32|t=16078
train,twemcache_cluster26_sample100_50k|cap=32|t=1684
train,twemcache_cluster26_sample100_50k|cap=32|t=17139
train,twemcache_cluster26_sample100_50k|cap=32|t=17846
train,twemcache_cluster26_sample100_50k|cap=32|t=17962
train,twemcache_cluster26_sample100_50k|cap=32|t=18008
train,twemcache_cluster26_sample100_50k|cap=32|t=18298
train,twemcache_cluster26_sample100_50k|cap=32|t=18318
train,twemcache_cluster26_sample100_50k|cap=32|t=20223
train,twemcache_cluster26_sample100_50k|cap=32|t=20507
train,twemcache_cluster26_sample100_50k|cap=32|t=21190
train,twemcache_cluster26_sample100_50k|cap=32|t=21357
train,twemcache_cluster26_sample100_50k|cap=32|t=21612
train,twemcache_cluster26_sample100_50k|cap=32|t=21943
train,twemcache_cluster26_sample100_50k|cap=32|t=21962
train,twemcache_cluster26_sample100_50k|cap=32|t=22203
train,twemcache_cluster26_sample100_50k|cap=32|t=22270
train,twemcache_cluster26_sample100_50k|cap=32|t=22277
train,twemcache_cluster26_sample100_50k|cap=32|t=22573
train,twemcache_cluster26_sample100_50k|cap=32|t=22672
train,twemcache_cluster26_sample100_50k|cap=32|t=2296
train,twemcache_cluster26_sample100_50k|cap=32|t=22976
train,twemcache_cluster26_sample100_50k|cap=32|t=23040
train,twemcache_cluster26_sample100_50k|cap=32|t=23188
train,twemcache_cluster26_sample100_50k|cap=32|t=23332
train,twemcache_cluster26_sample100_50k|cap=32|t=23621
train,twemcache_cluster26_sample100_50k|cap=32|t=24102
train,twemcache_cluster26_sample100_50k|cap=32|t=24502
train,twemcache_cluster26_sample100_50k|cap=32|t=24529
train,twemcache_cluster26_sample100_50k|cap=32|t=25211
train,twemcache_cluster26_sample100_50k|cap=32|t=25310
train,twemcache_cluster26_sample100_50k|cap=32|t=25643
train,twemcache_cluster26_sample100_50k|cap=32|t=25644
train,twemcache_cluster26_sample100_50k|cap=32|t=25694
train,twemcache_cluster26_sample100_50k|cap=32|t=25994
train,twemcache_cluster26_sample100_50k|cap=32|t=26027
train,twemcache_cluster26_sample100_50k|cap=32|t=26369
train,twemcache_cluster26_sample100_50k|cap=32|t=26925
train,twemcache_cluster26_sample100_50k|cap=32|t=27103
train,twemcache_cluster26_sample100_50k|cap=32|t=27500
train,twemcache_cluster26_sample100_50k|cap=32|t=27526
train,twemcache_cluster26_sample100_50k|cap=32|t=2759
train,twemcache_cluster26_sample100_50k|cap=32|t=27601
train,twemcache_cluster26_sample100_50k|cap=32|t=27618
train,twemcache_cluster26_sample100_50k|cap=32|t=28103
train,twemcache_cluster26_sample100_50k|cap=32|t=28994
train,twemcache_cluster26_sample100_50k|cap=32|t=29204
train,twemcache_cluster26_sample100_50k|cap=32|t=29205
train,twemcache_cluster26_sample100_50k|cap=32|t=2977
train,twemcache_cluster26_sample100_50k|cap=32|t=29924
train,twemcache_cluster26_sample100_50k|cap=32|t=386
train,twemcache_cluster26_sample100_50k|cap=32|t=3917
train,twemcache_cluster26_sample100_50k|cap=32|t=3947
train,twemcache_cluster26_sample100_50k|cap=32|t=4279
train,twemcache_cluster26_sample100_50k|cap=32|t=4289
train,twemcache_cluster26_sample100_50k|cap=32|t=4321
train,twemcache_cluster26_sample100_50k|cap=32|t=4351
train,twemcache_cluster26_sample100_50k|cap=32|t=4445
train,twemcache_cluster26_sample100_50k|cap=32|t=4726
train,twemcache_cluster26_sample100_50k|cap=32|t=4866
train,twemcache_cluster26_sample100_50k|cap=32|t=4868
train,twemcache_cluster26_sample100_50k|cap=32|t=4908
train,twemcache_cluster26_sample100_50k|cap=32|t=4927
train,twemcache_cluster26_sample100_50k|cap=32|t=493
train,twemcache_cluster26_sample100_50k|cap=32|t=5275
train,twemcache_cluster26_sample100_50k|cap=32|t=529
train,twemcache_cluster26_sample100_50k|cap=32|t=5482
train,twemcache_cluster26_sample100_50k|cap=32|t=5754
train,twemcache_cluster26_sample100_50k|cap=32|t=5914
train,twemcache_cluster26_sample100_50k|cap=32|t=5997
train,twemcache_cluster26_sample100_50k|cap=32|t=6331
train,twemcache_cluster26_sample100_50k|cap=32|t=6599
train,twemcache_cluster26_sample100_50k|cap=32|t=6664
train,twemcache_cluster26_sample100_50k|cap=32|t=7684
train,twemcache_cluster26_sample100_50k|cap=32|t=8277
train,twemcache_cluster26_sample100_50k|cap=32|t=8723
train,twemcache_cluster26_sample100_50k|cap=32|t=8974
train,twemcache_cluster26_sample100_50k|cap=32|t=9876
train,twemcache_cluster26_sample100_50k|cap=64|t=10156
train,twemcache_cluster26_sample100_50k|cap=64|t=10278
train,twemcache_cluster26_sample100_50k|cap=64|t=1111
train,twemcache_cluster26_sample100_50k|cap=64|t=11223
train,twemcache_cluster26_sample100_50k|cap=64|t=11587
train,twemcache_cluster26_sample100_50k|cap=64|t=12556
train,twemcache_cluster26_sample100_50k|cap=64|t=12672
train,twemcache_cluster26_sample100_50k|cap=64|t=13418
train,twemcache_cluster26_sample100_50k|cap=64|t=13765
train,twemcache_cluster26_sample100_50k|cap=64|t=14141
train,twemcache_cluster26_sample100_50k|cap=64|t=14178
train,twemcache_cluster26_sample100_50k|cap=64|t=14449
train,twemcache_cluster26_sample100_50k|cap=64|t=1452
train,twemcache_cluster26_sample100_50k|cap=64|t=14549
train,twemcache_cluster26_sample100_50k|cap=64|t=15104
train,twemcache_cluster26_sample100_50k|cap=64|t=15530
train,twemcache_cluster26_sample100_50k|cap=64|t=15926
train,twemcache_cluster26_sample100_50k|cap=64|t=15952
train,twemcache_cluster26_sample100_50k|cap=64|t=15969
train,twemcache_cluster26_sample100_50k|cap=64|t=1614
train,twemcache_cluster26_sample100_50k|cap=64|t=16247
train,twemcache_cluster26_sample100_50k|cap=64|t=1627
train,twemcache_cluster26_sample100_50k|cap=64|t=16359
train,twemcache_cluster26_sample100_50k|cap=64|t=16797
train,twemcache_cluster26_sample100_50k|cap=64|t=16807
train,twemcache_cluster26_sample100_50k|cap=64|t=17010
train,twemcache_cluster26_sample100_50k|cap=64|t=17238
train,twemcache_cluster26_sample100_50k|cap=64|t=17628
train,twemcache_cluster26_sample100_50k|cap=64|t=17719
train,twemcache_cluster26_sample100_50k|cap=64|t=1795
train,twemcache_cluster26_sample100_50k|cap=64|t=18427
train,twemcache_cluster26_sample100_50k|cap=64|t=18498
train,twemcache_cluster26_sample100_50k|cap=64|t=18720
train,twemcache_cluster26_sample100_50k|cap=64|t=1901
train,twemcache_cluster26_sample100_50k|cap=64|t=19304
train,twemcache_cluster26_sample100_50k|cap=64|t=19408
train,twemcache_cluster26_sample100_50k|cap=64|t=19616
train,twemcache_cluster26_sample100_50k|cap=64|t=19815
train,twemcache_cluster26_sample100_50k|cap=64|t=19940
train,twemcache_cluster26_sample100_50k|cap=64|t=19948
train,twemcache_cluster26_sample100_50k|cap=64|t=1998
train,twemcache_cluster26_sample100_50k|cap=64|t=20270
train,twemcache_cluster26_sample100_50k|cap=64|t=20382
train,twemcache_cluster26_sample100_50k|cap=64|t=20719
train,twemcache_cluster26_sample100_50k|cap=64|t=20777
train,twemcache_cluster26_sample100_50k|cap=64|t=20993
train,twemcache_cluster26_sample100_50k|cap=64|t=21390
train,twemcache_cluster26_sample100_50k|cap=64|t=22165
train,twemcache_cluster26_sample100_50k|cap=64|t=22298
train,twemcache_cluster26_sample100_50k|cap=64|t=22922
train,twemcache_cluster26_sample100_50k|cap=64|t=22925
train,twemcache_cluster26_sample100_50k|cap=64|t=2472
train,twemcache_cluster26_sample100_50k|cap=64|t=2481
train,twemcache_cluster26_sample100_50k|cap=64|t=24869
train,twemcache_cluster26_sample100_50k|cap=64|t=24923
train,twemcache_cluster26_sample100_50k|cap=64|t=25211
train,twemcache_cluster26_sample100_50k|cap=64|t=25487
train,twemcache_cluster26_sample100_50k|cap=64|t=26239
train,twemcache_cluster26_sample100_50k|cap=64|t=26250
train,twemcache_cluster26_sample100_50k|cap=64|t=26255
train,twemcache_cluster26_sample100_50k|cap=64|t=26523
train,twemcache_cluster26_sample100_50k|cap=64|t=2678
train,twemcache_cluster26_sample100_50k|cap=64|t=27110
train,twemcache_cluster26_sample100_50k|cap=64|t=27426
train,twemcache_cluster26_sample100_50k|cap=64|t=27732
train,twemcache_cluster26_sample100_50k|cap=64|t=27847
train,twemcache_cluster26_sample100_50k|cap=64|t=28005
train,twemcache_cluster26_sample100_50k|cap=64|t=28749
train,twemcache_cluster26_sample100_50k|cap=64|t=29047
train,twemcache_cluster26_sample100_50k|cap=64|t=29123
train,twemcache_cluster26_sample100_50k|cap=64|t=29240
train,twemcache_cluster26_sample100_50k|cap=64|t=29431
train,twemcache_cluster26_sample100_50k|cap=64|t=29629
train,twemcache_cluster26_sample100_50k|cap=64|t=29939
train,twemcache_cluster26_sample100_50k|cap=64|t=3503
train,twemcache_cluster26_sample100_50k|cap=64|t=3904
train,twemcache_cluster26_sample100_50k|cap=64|t=4177
train,twemcache_cluster26_sample100_50k|cap=64|t=4518
train,twemcache_cluster26_sample100_50k|cap=64|t=4565
train,twemcache_cluster26_sample100_50k|cap=64|t=5219
train,twemcache_cluster26_sample100_50k|cap=64|t=5284
train,twemcache_cluster26_sample100_50k|cap=64|t=5923
train,twemcache_cluster26_sample100_50k|cap=64|t=6180
train,twemcache_cluster26_sample100_50k|cap=64|t=6216
train,twemcache_cluster26_sample100_50k|cap=64|t=6755
train,twemcache_cluster26_sample100_50k|cap=64|t=6971
train,twemcache_cluster26_sample100_50k|cap=64|t=7080
train,twemcache_cluster26_sample100_50k|cap=64|t=7316
train,twemcache_cluster26_sample100_50k|cap=64|t=7377
train,twemcache_cluster26_sample100_50k|cap=64|t=7585
train,twemcache_cluster26_sample100_50k|cap=64|t=7591
train,twemcache_cluster26_sample100_50k|cap=64|t=7609
train,twemcache_cluster26_sample100_50k|cap=64|t=7785
train,twemcache_cluster26_sample100_50k|cap=64|t=8027
train,twemcache_cluster26_sample100_50k|cap=64|t=8579
train,twemcache_cluster26_sample100_50k|cap=64|t=9225
train,twemcache_cluster26_sample100_50k|cap=64|t=9232
train,twemcache_cluster26_sample100_50k|cap=64|t=9555
train,twemcache_cluster26_sample100_50k|cap=64|t=9719
train,twemcache_cluster26_sample100_50k|cap=64|t=9843
train,wiki2018_pageviews_en_50k|cap=128|t=10271
train,wiki2018_pageviews_en_50k|cap=128|t=10854
train,wiki2018_pageviews_en_50k|cap=128|t=10917
train,wiki2018_pageviews_en_50k|cap=128|t=11090
train,wiki2018_pageviews_en_50k|cap=128|t=11149
train,wiki2018_pageviews_en_50k|cap=128|t=11457
train,wiki2018_pageviews_en_50k|cap=128|t=1185
train,wiki2018_pageviews_en_50k|cap=128|t=12312
train,wiki2018_pageviews_en_50k|cap=128|t=12320
train,wiki2018_pageviews_en_50k|cap=128|t=12472
train,wiki2018_pageviews_en_50k|cap=128|t=12964
train,wiki2018_pageviews_en_50k|cap=128|t=13680
train,wiki2018_pageviews_en_50k|cap=128|t=13821
train,wiki2018_pageviews_en_50k|cap=128|t=140
train,wiki2018_pageviews_en_50k|cap=128|t=14179
train,wiki2018_pageviews_en_50k|cap=128|t=14357
train,wiki2018_pageviews_en_50k|cap=128|t=1533
train,wiki2018_pageviews_en_50k|cap=128|t=15486
train,wiki2018_pageviews_en_50k|cap=128|t=15824
train,wiki2018_pageviews_en_50k|cap=128|t=16246
train,wiki2018_pageviews_en_50k|cap=128|t=16487
train,wiki2018_pageviews_en_50k|cap=128|t=16514
train,wiki2018_pageviews_en_50k|cap=128|t=16619
train,wiki2018_pageviews_en_50k|cap=128|t=16759
train,wiki2018_pageviews_en_50k|cap=128|t=16810
train,wiki2018_pageviews_en_50k|cap=128|t=16893
train,wiki2018_pageviews_en_50k|cap=128|t=1745
train,wiki2018_pageviews_en_50k|cap=128|t=1753
train,wiki2018_pageviews_en_50k|cap=128|t=18219
train,wiki2018_pageviews_en_50k|cap=128|t=18476
train,wiki2018_pageviews_en_50k|cap=128|t=18585
train,wiki2018_pageviews_en_50k|cap=128|t=1864
train,wiki2018_pageviews_en_50k|cap=128|t=19042
train,wiki2018_pageviews_en_50k|cap=128|t=1930
train,wiki2018_pageviews_en_50k|cap=128|t=19453
train,wiki2018_pageviews_en_50k|cap=128|t=19702
train,wiki2018_pageviews_en_50k|cap=128|t=19745
train,wiki2018_pageviews_en_50k|cap=128|t=20115
train,wiki2018_pageviews_en_50k|cap=128|t=202
train,wiki2018_pageviews_en_50k|cap=128|t=20268
train,wiki2018_pageviews_en_50k|cap=128|t=20557
train,wiki2018_pageviews_en_50k|cap=128|t=20940
train,wiki2018_pageviews_en_50k|cap=128|t=20954
train,wiki2018_pageviews_en_50k|cap=128|t=21101
train,wiki2018_pageviews_en_50k|cap=128|t=21647
train,wiki2018_pageviews_en_50k|cap=128|t=22676
train,wiki2018_pageviews_en_50k|cap=128|t=22810
train,wiki2018_pageviews_en_50k|cap=128|t=22846
train,wiki2018_pageviews_en_50k|cap=128|t=22899
train,wiki2018_pageviews_en_50k|cap=128|t=23365
train,wiki2018_pageviews_en_50k|cap=128|t=23528
train,wiki2018_pageviews_en_50k|cap=128|t=24223
train,wiki2018_pageviews_en_50k|cap=128|t=24543
train,wiki2018_pageviews_en_50k|cap=128|t=24634
train,wiki2018_pageviews_en_50k|cap=128|t=25021
train,wiki2018_pageviews_en_50k|cap=128|t=25739
train,wiki2018_pageviews_en_50k|cap=128|t=25782
train,wiki2018_pageviews_en_50k|cap=128|t=25808
train,wiki2018_pageviews_en_50k|cap=128|t=25921
train,wiki2018_pageviews_en_50k|cap=128|t=2597
train,wiki2018_pageviews_en_50k|cap=128|t=26007
train,wiki2018_pageviews_en_50k|cap=128|t=26398
train,wiki2018_pageviews_en_50k|cap=128|t=26834
train,wiki2018_pageviews_en_50k|cap=128|t=26871
train,wiki2018_pageviews_en_50k|cap=128|t=27049
train,wiki2018_pageviews_en_50k|cap=128|t=27496
train,wiki2018_pageviews_en_50k|cap=128|t=28048
train,wiki2018_pageviews_en_50k|cap=128|t=28078
train,wiki2018_pageviews_en_50k|cap=128|t=28600
train,wiki2018_pageviews_en_50k|cap=128|t=28992
train,wiki2018_pageviews_en_50k|cap=128|t=29425
train,wiki2018_pageviews_en_50k|cap=128|t=29551
train,wiki2018_pageviews_en_50k|cap=128|t=29643
train,wiki2018_pageviews_en_50k|cap=128|t=29912
train,wiki2018_pageviews_en_50k|cap=128|t=3276
train,wiki2018_pageviews_en_50k|cap=128|t=340
train,wiki2018_pageviews_en_50k|cap=128|t=3853
train,wiki2018_pageviews_en_50k|cap=128|t=4279
train,wiki2018_pageviews_en_50k|cap=128|t=431
train,wiki2018_pageviews_en_50k|cap=128|t=4370
train,wiki2018_pageviews_en_50k|cap=128|t=4527
train,wiki2018_pageviews_en_50k|cap=128|t=4790
train,wiki2018_pageviews_en_50k|cap=128|t=5115
train,wiki2018_pageviews_en_50k|cap=128|t=5281
train,wiki2018_pageviews_en_50k|cap=128|t=5290
train,wiki2018_pageviews_en_50k|cap=128|t=5846
train,wiki2018_pageviews_en_50k|cap=128|t=5903
train,wiki2018_pageviews_en_50k|cap=128|t=647
train,wiki2018_pageviews_en_50k|cap=128|t=6948
train,wiki2018_pageviews_en_50k|cap=128|t=7378
train,wiki2018_pageviews_en_50k|cap=128|t=7418
train,wiki2018_pageviews_en_50k|cap=128|t=7910
train,wiki2018_pageviews_en_50k|cap=128|t=7981
train,wiki2018_pageviews_en_50k|cap=128|t=811
train,wiki2018_pageviews_en_50k|cap=128|t=8235
train,wiki2018_pageviews_en_50k|cap=128|t=8351
train,wiki2018_pageviews_en_50k|cap=128|t=8524
train,wiki2018_pageviews_en_50k|cap=128|t=8909
train,wiki2018_pageviews_en_50k|cap=128|t=9286
train,wiki2018_pageviews_en_50k|cap=128|t=9675
train,wiki2018_pageviews_en_50k|cap=256|t=10020
train,wiki2018_pageviews_en_50k|cap=256|t=1019
train,wiki2018_pageviews_en_50k|cap=256|t=10367
train,wiki2018_pageviews_en_50k|cap=256|t=10446
train,wiki2018_pageviews_en_50k|cap=256|t=1046
train,wiki2018_pageviews_en_50k|cap=256|t=10529
train,wiki2018_pageviews_en_50k|cap=256|t=11406
train,wiki2018_pageviews_en_50k|cap=256|t=11408
train,wiki2018_pageviews_en_50k|cap=256|t=11784
train,wiki2018_pageviews_en_50k|cap=256|t=12298
train,wiki2018_pageviews_en_50k|cap=256|t=1266
train,wiki2018_pageviews_en_50k|cap=256|t=12693
train,wiki2018_pageviews_en_50k|cap=256|t=12994
train,wiki2018_pageviews_en_50k|cap=256|t=13062
train,wiki2018_pageviews_en_50k|cap=256|t=13386
train,wiki2018_pageviews_en_50k|cap=256|t=13406
train,wiki2018_pageviews_en_50k|cap=256|t=13493
train,wiki2018_pageviews_en_50k|cap=256|t=13990
train,wiki2018_pageviews_en_50k|cap=256|t=1403
train,wiki2018_pageviews_en_50k|cap=256|t=14420
train,wiki2018_pageviews_en_50k|cap=256|t=14448
train,wiki2018_pageviews_en_50k|cap=256|t=14526
train,wiki2018_pageviews_en_50k|cap=256|t=14866
train,wiki2018_pageviews_en_50k|cap=256|t=15227
train,wiki2018_pageviews_en_50k|cap=256|t=15418
train,wiki2018_pageviews_en_50k|cap=256|t=15447
train,wiki2018_pageviews_en_50k|cap=256|t=15947
train,wiki2018_pageviews_en_50k|cap=256|t=16771
train,wiki2018_pageviews_en_50k|cap=256|t=17281
train,wiki2018_pageviews_en_50k|cap=256|t=17289
train,wiki2018_pageviews_en_50k|cap=256|t=17353
train,wiki2018_pageviews_en_50k|cap=256|t=17406
train,wiki2018_pageviews_en_50k|cap=256|t=18141
train,wiki2018_pageviews_en_50k|cap=256|t=18697
train,wiki2018_pageviews_en_50k|cap=256|t=18924
train,wiki2018_pageviews_en_50k|cap=256|t=19570
train,wiki2018_pageviews_en_50k|cap=256|t=19915
train,wiki2018_pageviews_en_50k|cap=256|t=20152
train,wiki2018_pageviews_en_50k|cap=256|t=20262
train,wiki2018_pageviews_en_50k|cap=256|t=20398
train,wiki2018_pageviews_en_50k|cap=256|t=21079
train,wiki2018_pageviews_en_50k|cap=256|t=21457
train,wiki2018_pageviews_en_50k|cap=256|t=21700
train,wiki2018_pageviews_en_50k|cap=256|t=22340
train,wiki2018_pageviews_en_50k|cap=256|t=22930
train,wiki2018_pageviews_en_50k|cap=256|t=23157
train,wiki2018_pageviews_en_50k|cap=256|t=23658
train,wiki2018_pageviews_en_50k|cap=256|t=23897
train,wiki2018_pageviews_en_50k|cap=256|t=24336
train,wiki2018_pageviews_en_50k|cap=256|t=24424
train,wiki2018_pageviews_en_50k|cap=256|t=24446
train,wiki2018_pageviews_en_50k|cap=256|t=24623
train,wiki2018_pageviews_en_50k|cap=256|t=25678
train,wiki2018_pageviews_en_50k|cap=256|t=25734
train,wiki2018_pageviews_en_50k|cap=256|t=25866
train,wiki2018_pageviews_en_50k|cap=256|t=26067
train,wiki2018_pageviews_en_50k|cap=256|t=26235
train,wiki2018_pageviews_en_50k|cap=256|t=26312
train,wiki2018_pageviews_en_50k|cap=256|t=26353
train,wiki2018_pageviews_en_50k|cap=256|t=26408
train,wiki2018_pageviews_en_50k|cap=256|t=26519
train,wiki2018_pageviews_en_50k|cap=256|t=26618
train,wiki2018_pageviews_en_50k|cap=256|t=27060
train,wiki2018_pageviews_en_50k|cap=256|t=27263
train,wiki2018_pageviews_en_50k|cap=256|t=2758
train,wiki2018_pageviews_en_50k|cap=256|t=27625
train,wiki2018_pageviews_en_50k|cap=256|t=27697
train,wiki2018_pageviews_en_50k|cap=256|t=27828
train,wiki2018_pageviews_en_50k|cap=256|t=27914
train,wiki2018_pageviews_en_50k|cap=256|t=28655
train,wiki2018_pageviews_en_50k|cap=256|t=28909
train,wiki2018_pageviews_en_50k|cap=256|t=29605
train,wiki2018_pageviews_en_50k|cap=256|t=29700
train,wiki2018_pageviews_en_50k|cap=256|t=29741
train,wiki2018_pageviews_en_50k|cap=256|t=29999
train,wiki2018_pageviews_en_50k|cap=256|t=30085
train,wiki2018_pageviews_en_50k|cap=256|t=3034
train,wiki2018_pageviews_en_50k|cap=256|t=362
train,wiki2018_pageviews_en_50k|cap=256|t=3662
train,wiki2018_pageviews_en_50k|cap=256|t=3805
train,wiki2018_pageviews_en_50k|cap=256|t=3994
train,wiki2018_pageviews_en_50k|cap=256|t=4161
train,wiki2018_pageviews_en_50k|cap=256|t=4787
train,wiki2018_pageviews_en_50k|cap=256|t=4948
train,wiki2018_pageviews_en_50k|cap=256|t=5354
train,wiki2018_pageviews_en_50k|cap=256|t=6058
train,wiki2018_pageviews_en_50k|cap=256|t=6066
train,wiki2018_pageviews_en_50k|cap=256|t=6076
train,wiki2018_pageviews_en_50k|cap=256|t=6185
train,wiki2018_pageviews_en_50k|cap=256|t=6468
train,wiki2018_pageviews_en_50k|cap=256|t=7089
train,wiki2018_pageviews_en_50k|cap=256|t=7380
train,wiki2018_pageviews_en_50k|cap=256|t=7620
train,wiki2018_pageviews_en_50k|cap=256|t=8337
train,wiki2018_pageviews_en_50k|cap=256|t=940
train,wiki2018_pageviews_en_50k|cap=256|t=9525
train,wiki2018_pageviews_en_50k|cap=256|t=9533
train,wiki2018_pageviews_en_50k|cap=256|t=9564
train,wiki2018_pageviews_en_50k|cap=256|t=9763
train,wiki2018_pageviews_en_50k|cap=256|t=9799
train,wiki2018_pageviews_en_50k|cap=32|t=10139
train,wiki2018_pageviews_en_50k|cap=32|t=10406
train,wiki2018_pageviews_en_50k|cap=32|t=10709
train,wiki2018_pageviews_en_50k|cap=32|t=10862
train,wiki2018_pageviews_en_50k|cap=32|t=11580
train,wiki2018_pageviews_en_50k|cap=32|t=11638
train,wiki2018_pageviews_en_50k|cap=32|t=11871
train,wiki2018_pageviews_en_50k|cap=32|t=12015
train,wiki2018_pageviews_en_50k|cap=32|t=12256
train,wiki2018_pageviews_en_50k|cap=32|t=13091
train,wiki2018_pageviews_en_50k|cap=32|t=13295
train,wiki2018_pageviews_en_50k|cap=32|t=13880
train,wiki2018_pageviews_en_50k|cap=32|t=13904
train,wiki2018_pageviews_en_50k|cap=32|t=14554
train,wiki2018_pageviews_en_50k|cap=32|t=14728
train,wiki2018_pageviews_en_50k|cap=32|t=15082
train,wiki2018_pageviews_en_50k|cap=32|t=15184
train,wiki2018_pageviews_en_50k|cap=32|t=15191
train,wiki2018_pageviews_en_50k|cap=32|t=15518
train,wiki2018_pageviews_en_50k|cap=32|t=1602
train,wiki2018_pageviews_en_50k|cap=32|t=17017
train,wiki2018_pageviews_en_50k|cap=32|t=17404
train,wiki2018_pageviews_en_50k|cap=32|t=1760
train,wiki2018_pageviews_en_50k|cap=32|t=18122
train,wiki2018_pageviews_en_50k|cap=32|t=18851
train,wiki2018_pageviews_en_50k|cap=32|t=18916
train,wiki2018_pageviews_en_50k|cap=32|t=19672
train,wiki2018_pageviews_en_50k|cap=32|t=19946
train,wiki2018_pageviews_en_50k|cap=32|t=19990
train,wiki2018_pageviews_en_50k|cap=32|t=20123
train,wiki2018_pageviews_en_50k|cap=32|t=20374
train,wiki2018_pageviews_en_50k|cap=32|t=20450
train,wiki2018_pageviews_en_50k|cap=32|t=21160
train,wiki2018_pageviews_en_50k|cap=32|t=21328
train,wiki2018_pageviews_en_50k|cap=32|t=21626
train,wiki2018_pageviews_en_50k|cap=32|t=21652
train,wiki2018_pageviews_en_50k|cap=32|t=21730
train,wiki2018_pageviews_en_50k|cap=32|t=21806
train,wiki2018_pageviews_en_50k|cap=32|t=22017
train,wiki2018_pageviews_en_50k|cap=32|t=22149
train,wiki2018_pageviews_en_50k|cap=32|t=22421
train,wiki2018_pageviews_en_50k|cap=32|t=22573
train,wiki2018_pageviews_en_50k|cap=32|t=22682
train,wiki2018_pageviews_en_50k|cap=32|t=23231
train,wiki2018_pageviews_en_50k|cap=32|t=23751
train,wiki2018_pageviews_en_50k|cap=32|t=24238
train,wiki2018_pageviews_en_50k|cap=32|t=2453
train,wiki2018_pageviews_en_50k|cap=32|t=24635
train,wiki2018_pageviews_en_50k|cap=32|t=24675
train,wiki2018_pageviews_en_50k|cap=32|t=24774
train,wiki2018_pageviews_en_50k|cap=32|t=25569
train,wiki2018_pageviews_en_50k|cap=32|t=25606
train,wiki2018_pageviews_en_50k|cap=32|t=25796
train,wiki2018_pageviews_en_50k|cap=32|t=25945
train,wiki2018_pageviews_en_50k|cap=32|t=26026
train,wiki2018_pageviews_en_50k|cap=32|t=26104
train,wiki2018_pageviews_en_50k|cap=32|t=26202
train,wiki2018_pageviews_en_50k|cap=32|t=26245
train,wiki2018_pageviews_en_50k|cap=32|t=26373
train,wiki2018_pageviews_en_50k|cap=32|t=26580
train,wiki2018_pageviews_en_50k|cap=32|t=26640
train,wiki2018_pageviews_en_50k|cap=32|t=26999
train,wiki2018_pageviews_en_50k|cap=32|t=28121
train,wiki2018_pageviews_en_50k|cap=32|t=28190
train,wiki2018_pageviews_en_50k|cap=32|t=2858
train,wiki2018_pageviews_en_50k|cap=32|t=28698
train,wiki2018_pageviews_en_50k|cap=32|t=29292
train,wiki2018_pageviews_en_50k|cap=32|t=29640
train,wiki2018_pageviews_en_50k|cap=32|t=29648
train,wiki2018_pageviews_en_50k|cap=32|t=29701
train,wiki2018_pageviews_en_50k|cap=32|t=29744
train,wiki2018_pageviews_en_50k|cap=32|t=3026
train,wiki2018_pageviews_en_50k|cap=32|t=3297
train,wiki2018_pageviews_en_50k|cap=32|t=332
train,wiki2018_pageviews_en_50k|cap=32|t=3631
train,wiki2018_pageviews_en_50k|cap=32|t=3732
train,wiki2018_pageviews_en_50k|cap=32|t=3899
train,wiki2018_pageviews_en_50k|cap=32|t=4102
train,wiki2018_pageviews_en_50k|cap=32|t=4639
train,wiki2018_pageviews_en_50k|cap=32|t=476
train,wiki2018_pageviews_en_50k|cap=32|t=5120
train,wiki2018_pageviews_en_50k|cap=32|t=543
train,wiki2018_pageviews_en_50k|cap=32|t=5496
train,wiki2018_pageviews_en_50k|cap=32|t=6563
train,wiki2018_pageviews_en_50k|cap=32|t=6567
train,wiki2018_pageviews_en_50k|cap=32|t=707
train,wiki2018_pageviews_en_50k|cap=32|t=7220
train,wiki2018_pageviews_en_50k|cap=32|t=724
train,wiki2018_pageviews_en_50k|cap=32|t=7257
train,wiki2018_pageviews_en_50k|cap=32|t=730
train,wiki2018_pageviews_en_50k|cap=32|t=745
train,wiki2018_pageviews_en_50k|cap=32|t=7507
train,wiki2018_pageviews_en_50k|cap=32|t=7710
train,wiki2018_pageviews_en_50k|cap=32|t=8175
train,wiki2018_pageviews_en_50k|cap=32|t=8194
train,wiki2018_pageviews_en_50k|cap=32|t=8711
train,wiki2018_pageviews_en_50k|cap=32|t=8731
train,wiki2018_pageviews_en_50k|cap=32|t=9240
train,wiki2018_pageviews_en_50k|cap=32|t=9366
train,wiki2018_pageviews_en_50k|cap=32|t=952
train,wiki2018_pageviews_en_50k|cap=64|t=10269
train,wiki2018_pageviews_en_50k|cap=64|t=10802
train,wiki2018_pageviews_en_50k|cap=64|t=10888
train,wiki2018_pageviews_en_50k|cap=64|t=11008
train,wiki2018_pageviews_en_50k|cap=64|t=11409
train,wiki2018_pageviews_en_50k|cap=64|t=12049
train,wiki2018_pageviews_en_50k|cap=64|t=13113
train,wiki2018_pageviews_en_50k|cap=64|t=13145
train,wiki2018_pageviews_en_50k|cap=64|t=13297
train,wiki2018_pageviews_en_50k|cap=64|t=13317
train,wiki2018_pageviews_en_50k|cap=64|t=13629
train,wiki2018_pageviews_en_50k|cap=64|t=13752
train,wiki2018_pageviews_en_50k|cap=64|t=14127
train,wiki2018_pageviews_en_50k|cap=64|t=14502
train,wiki2018_pageviews_en_50k|cap=64|t=14759
train,wiki2018_pageviews_en_50k|cap=64|t=15456
train,wiki2018_pageviews_en_50k|cap=64|t=15664
train,wiki2018_pageviews_en_50k|cap=64|t=15825
train,wiki2018_pageviews_en_50k|cap=64|t=17005
train,wiki2018_pageviews_en_50k|cap=64|t=17490
train,wiki2018_pageviews_en_50k|cap=64|t=17494
train,wiki2018_pageviews_en_50k|cap=64|t=17705
train,wiki2018_pageviews_en_50k|cap=64|t=18092
train,wiki2018_pageviews_en_50k|cap=64|t=18691
train,wiki2018_pageviews_en_50k|cap=64|t=18772
train,wiki2018_pageviews_en_50k|cap=64|t=19231
train,wiki2018_pageviews_en_50k|cap=64|t=19434
train,wiki2018_pageviews_en_50k|cap=64|t=19595
train,wiki2018_pageviews_en_50k|cap=64|t=19947
train,wiki2018_pageviews_en_50k|cap=64|t=20277
train,wiki2018_pageviews_en_50k|cap=64|t=20651
train,wiki2018_pageviews_en_50k|cap=64|t=20748
train,wiki2018_pageviews_en_50k|cap=64|t=21082
train,wiki2018_pageviews_en_50k|cap=64|t=2110
train,wiki2018_pageviews_en_50k|cap=64|t=21131
train,wiki2018_pageviews_en_50k|cap=64|t=21593
train,wiki2018_pageviews_en_50k|cap=64|t=21764
train,wiki2018_pageviews_en_50k|cap=64|t=21855
train,wiki2018_pageviews_en_50k|cap=64|t=22012
train,wiki2018_pageviews_en_50k|cap=64|t=22700
train,wiki2018_pageviews_en_50k|cap=64|t=22821
train,wiki2018_pageviews_en_50k|cap=64|t=22863
train,wiki2018_pageviews_en_50k|cap=64|t=23000
train,wiki2018_pageviews_en_50k|cap=64|t=23132
train,wiki2018_pageviews_en_50k|cap=64|t=23588
train,wiki2018_pageviews_en_50k|cap=64|t=23931
train,wiki2018_pageviews_en_50k|cap=64|t=23957
train,wiki2018_pageviews_en_50k|cap=64|t=24200
train,wiki2018_pageviews_en_50k|cap=64|t=24378
train,wiki2018_pageviews_en_50k|cap=64|t=24414
train,wiki2018_pageviews_en_50k|cap=64|t=24881
train,wiki2018_pageviews_en_50k|cap=64|t=25134
train,wiki2018_pageviews_en_50k|cap=64|t=25210
train,wiki2018_pageviews_en_50k|cap=64|t=25917
train,wiki2018_pageviews_en_50k|cap=64|t=25918
train,wiki2018_pageviews_en_50k|cap=64|t=25973
train,wiki2018_pageviews_en_50k|cap=64|t=2627
train,wiki2018_pageviews_en_50k|cap=64|t=26326
train,wiki2018_pageviews_en_50k|cap=64|t=27003
train,wiki2018_pageviews_en_50k|cap=64|t=27337
train,wiki2018_pageviews_en_50k|cap=64|t=27481
train,wiki2018_pageviews_en_50k|cap=64|t=27830
train,wiki2018_pageviews_en_50k|cap=64|t=27980
train,wiki2018_pageviews_en_50k|cap=64|t=28324
train,wiki2018_pageviews_en_50k|cap=64|t=28345
train,wiki2018_pageviews_en_50k|cap=64|t=28526
train,wiki2018_pageviews_en_50k|cap=64|t=28887
train,wiki2018_pageviews_en_50k|cap=64|t=29013
train,wiki2018_pageviews_en_50k|cap=64|t=29670
train,wiki2018_pageviews_en_50k|cap=64|t=3103
train,wiki2018_pageviews_en_50k|cap=64|t=3491
train,wiki2018_pageviews_en_50k|cap=64|t=3521
train,wiki2018_pageviews_en_50k|cap=64|t=3604
train,wiki2018_pageviews_en_50k|cap=64|t=3694
train,wiki2018_pageviews_en_50k|cap=64|t=3711
train,wiki2018_pageviews_en_50k|cap=64|t=4305
train,wiki2018_pageviews_en_50k|cap=64|t=4461
train,wiki2018_pageviews_en_50k|cap=64|t=4690
train,wiki2018_pageviews_en_50k|cap=64|t=5147
train,wiki2018_pageviews_en_50k|cap=64|t=5180
train,wiki2018_pageviews_en_50k|cap=64|t=5376
train,wiki2018_pageviews_en_50k|cap=64|t=5876
train,wiki2018_pageviews_en_50k|cap=64|t=599
train,wiki2018_pageviews_en_50k|cap=64|t=6316
train,wiki2018_pageviews_en_50k|cap=64|t=6561
train,wiki2018_pageviews_en_50k|cap=64|t=6673
train,wiki2018_pageviews_en_50k|cap=64|t=6676
train,wiki2018_pageviews_en_50k|cap=64|t=6857
train,wiki2018_pageviews_en_50k|cap=64|t=7123
train,wiki2018_pageviews_en_50k|cap=64|t=7587
train,wiki2018_pageviews_en_50k|cap=64|t=7691
train,wiki2018_pageviews_en_50k|cap=64|t=7853
train,wiki2018_pageviews_en_50k|cap=64|t=7883
train,wiki2018_pageviews_en_50k|cap=64|t=7914
train,wiki2018_pageviews_en_50k|cap=64|t=8625
train,wiki2018_pageviews_en_50k|cap=64|t=8628
train,wiki2018_pageviews_en_50k|cap=64|t=8791
train,wiki2018_pageviews_en_50k|cap=64|t=9099
train,wiki2018_pageviews_en_50k|cap=64|t=9265
train,wiki2018_pageviews_en_50k|cap=64|t=986
validation,cloudphysics_alibaba_block_head_50k|cap=128|t=30573
validation,cloudphysics_alibaba_block_head_50k|cap=128|t=30655
validation,cloudphysics_alibaba_block_head_50k|cap=128|t=30893
validation,cloudphysics_alibaba_block_head_50k|cap=128|t=30896
validation,cloudphysics_alibaba_block_head_50k|cap=128|t=30914
validation,cloudphysics_alibaba_block_head_50k|cap=128|t=30958
validation,cloudphysics_alibaba_block_head_50k|cap=128|t=31029
validation,cloudphysics_alibaba_block_head_50k|cap=128|t=31253
validation,cloudphysics_alibaba_block_head_50k|cap=128|t=31256
validation,cloudphysics_alibaba_block_head_50k|cap=128|t=31263
validation,cloudphysics_alibaba_block_head_50k|cap=128|t=31526
validation,cloudphysics_alibaba_block_head_50k|cap=128|t=31587
validation,cloudphysics_alibaba_block_head_50k|cap=128|t=31771
validation,cloudphysics_alibaba_block_head_50k|cap=128|t=31786
validation,cloudphysics_alibaba_block_head_50k|cap=128|t=31845
validation,cloudphysics_alibaba_block_head_50k|cap=128|t=31944
validation,cloudphysics_alibaba_block_head_50k|cap=128|t=32032
validation,cloudphysics_alibaba_block_head_50k|cap=128|t=32078
validation,cloudphysics_alibaba_block_head_50k|cap=128|t=32131
validation,cloudphysics_alibaba_block_head_50k|cap=128|t=32148
validation,cloudphysics_alibaba_block_head_50k|cap=128|t=32286
validation,cloudphysics_alibaba_block_head_50k|cap=128|t=32476
validation,cloudphysics_alibaba_block_head_50k|cap=128|t=32555
validation,cloudphysics_alibaba_block_head_50k|cap=128|t=32618
validation,cloudphysics_alibaba_block_head_50k|cap=128|t=32649
validation,cloudphysics_alibaba_block_head_50k|cap=128|t=32690
validation,cloudphysics_alibaba_block_head_50k|cap=128|t=32711
validation,cloudphysics_alibaba_block_head_50k|cap=128|t=32929
validation,cloudphysics_alibaba_block_head_50k|cap=128|t=32992
validation,cloudphysics_alibaba_block_head_50k|cap=128|t=33038
validation,cloudphysics_alibaba_block_head_50k|cap=128|t=33148
validation,cloudphysics_alibaba_block_head_50k|cap=128|t=33180
validation,cloudphysics_alibaba_block_head_50k|cap=128|t=33184
validation,cloudphysics_alibaba_block_head_50k|cap=128|t=33194
validation,cloudphysics_alibaba_block_head_50k|cap=128|t=33248
validation,cloudphysics_alibaba_block_head_50k|cap=128|t=33610
validation,cloudphysics_alibaba_block_head_50k|cap=128|t=33662
validation,cloudphysics_alibaba_block_head_50k|cap=128|t=33697
validation,cloudphysics_alibaba_block_head_50k|cap=128|t=33863
validation,cloudphysics_alibaba_block_head_50k|cap=128|t=33959
validation,cloudphysics_alibaba_block_head_50k|cap=128|t=33997
validation,cloudphysics_alibaba_block_head_50k|cap=128|t=34063
validation,cloudphysics_alibaba_block_head_50k|cap=128|t=34192
validation,cloudphysics_alibaba_block_head_50k|cap=128|t=34291
validation,cloudphysics_alibaba_block_head_50k|cap=128|t=34347
validation,cloudphysics_alibaba_block_head_50k|cap=128|t=34405
validation,cloudphysics_alibaba_block_head_50k|cap=128|t=34494
validation,cloudphysics_alibaba_block_head_50k|cap=128|t=34536
validation,cloudphysics_alibaba_block_head_50k|cap=128|t=34701
validation,cloudphysics_alibaba_block_head_50k|cap=128|t=34708
validation,cloudphysics_alibaba_block_head_50k|cap=128|t=35043
validation,cloudphysics_alibaba_block_head_50k|cap=128|t=35067
validation,cloudphysics_alibaba_block_head_50k|cap=128|t=35195
validation,cloudphysics_alibaba_block_head_50k|cap=128|t=35233
validation,cloudphysics_alibaba_block_head_50k|cap=128|t=35256
validation,cloudphysics_alibaba_block_head_50k|cap=128|t=35331
validation,cloudphysics_alibaba_block_head_50k|cap=128|t=35339
validation,cloudphysics_alibaba_block_head_50k|cap=128|t=35380
validation,cloudphysics_alibaba_block_head_50k|cap=128|t=35565
validation,cloudphysics_alibaba_block_head_50k|cap=128|t=35689
validation,cloudphysics_alibaba_block_head_50k|cap=128|t=35757
validation,cloudphysics_alibaba_block_head_50k|cap=128|t=35879
validation,cloudphysics_alibaba_block_head_50k|cap=128|t=35895
validation,cloudphysics_alibaba_block_head_50k|cap=128|t=36148
validation,cloudphysics_alibaba_block_head_50k|cap=128|t=36302
validation,cloudphysics_alibaba_block_head_50k|cap=128|t=36386
validation,cloudphysics_alibaba_block_head_50k|cap=128|t=36474
validation,cloudphysics_alibaba_block_head_50k|cap=128|t=36503
validation,cloudphysics_alibaba_block_head_50k|cap=128|t=36679
validation,cloudphysics_alibaba_block_head_50k|cap=128|t=36784
validation,cloudphysics_alibaba_block_head_50k|cap=128|t=36846
validation,cloudphysics_alibaba_block_head_50k|cap=128|t=36953
validation,cloudphysics_alibaba_block_head_50k|cap=128|t=36976
validation,cloudphysics_alibaba_block_head_50k|cap=128|t=37090
validation,cloudphysics_alibaba_block_head_50k|cap=128|t=37356
validation,cloudphysics_alibaba_block_head_50k|cap=128|t=37413
validation,cloudphysics_alibaba_block_head_50k|cap=128|t=37679
validation,cloudphysics_alibaba_block_head_50k|cap=128|t=37701
validation,cloudphysics_alibaba_block_head_50k|cap=128|t=37843
validation,cloudphysics_alibaba_block_head_50k|cap=128|t=37849
validation,cloudphysics_alibaba_block_head_50k|cap=128|t=37891
validation,cloudphysics_alibaba_block_head_50k|cap=128|t=37894
validation,cloudphysics_alibaba_block_head_50k|cap=128|t=37900
validation,cloudphysics_alibaba_block_head_50k|cap=128|t=37945
validation,cloudphysics_alibaba_block_head_50k|cap=128|t=38114
validation,cloudphysics_alibaba_block_head_50k|cap=128|t=38186
validation,cloudphysics_alibaba_block_head_50k|cap=128|t=38753
validation,cloudphysics_alibaba_block_head_50k|cap=128|t=38764
validation,cloudphysics_alibaba_block_head_50k|cap=128|t=38939
validation,cloudphysics_alibaba_block_head_50k|cap=128|t=39004
validation,cloudphysics_alibaba_block_head_50k|cap=128|t=39183
validation,cloudphysics_alibaba_block_head_50k|cap=128|t=39219
validation,cloudphysics_alibaba_block_head_50k|cap=128|t=39257
validation,cloudphysics_alibaba_block_head_50k|cap=128|t=39400
validation,cloudphysics_alibaba_block_head_50k|cap=128|t=39461
validation,cloudphysics_alibaba_block_head_50k|cap=128|t=39564
validation,cloudphysics_alibaba_block_head_50k|cap=128|t=39571
validation,cloudphysics_alibaba_block_head_50k|cap=128|t=39671
validation,cloudphysics_alibaba_block_head_50k|cap=128|t=39957
validation,cloudphysics_alibaba_block_head_50k|cap=128|t=40009
validation,cloudphysics_alibaba_block_head_50k|cap=256|t=30707
validation,cloudphysics_alibaba_block_head_50k|cap=256|t=31072
validation,cloudphysics_alibaba_block_head_50k|cap=256|t=31120
validation,cloudphysics_alibaba_block_head_50k|cap=256|t=31369
validation,cloudphysics_alibaba_block_head_50k|cap=256|t=31406
validation,cloudphysics_alibaba_block_head_50k|cap=256|t=31624
validation,cloudphysics_alibaba_block_head_50k|cap=256|t=31836
validation,cloudphysics_alibaba_block_head_50k|cap=256|t=31924
validation,cloudphysics_alibaba_block_head_50k|cap=256|t=31965
validation,cloudphysics_alibaba_block_head_50k|cap=256|t=32015
validation,cloudphysics_alibaba_block_head_50k|cap=256|t=32058
validation,cloudphysics_alibaba_block_head_50k|cap=256|t=32118
validation,cloudphysics_alibaba_block_head_50k|cap=256|t=32126
validation,cloudphysics_alibaba_block_head_50k|cap=256|t=32131
validation,cloudphysics_alibaba_block_head_50k|cap=256|t=32205
validation,cloudphysics_alibaba_block_head_50k|cap=256|t=32264
validation,cloudphysics_alibaba_block_head_50k|cap=256|t=32366
validation,cloudphysics_alibaba_block_head_50k|cap=256|t=32595
validation,cloudphysics_alibaba_block_head_50k|cap=256|t=32630
validation,cloudphysics_alibaba_block_head_50k|cap=256|t=32692
validation,cloudphysics_alibaba_block_head_50k|cap=256|t=32715
validation,cloudphysics_alibaba_block_head_50k|cap=256|t=32732
validation,cloudphysics_alibaba_block_head_50k|cap=256|t=32760
validation,cloudphysics_alibaba_block_head_50k|cap=256|t=32842
validation,cloudphysics_alibaba_block_head_50k|cap=256|t=33066
validation,cloudphysics_alibaba_block_head_50k|cap=256|t=33223
validation,cloudphysics_alibaba_block_head_50k|cap=256|t=33234
validation,cloudphysics_alibaba_block_head_50k|cap=256|t=33361
validation,cloudphysics_alibaba_block_head_50k|cap=256|t=33365
validation,cloudphysics_alibaba_block_head_50k|cap=256|t=33401
validation,cloudphysics_alibaba_block_head_50k|cap=256|t=33489
validation,cloudphysics_alibaba_block_head_50k|cap=256|t=33612
validation,cloudphysics_alibaba_block_head_50k|cap=256|t=33722
validation,cloudphysics_alibaba_block_head_50k|cap=256|t=33836
validation,cloudphysics_alibaba_block_head_50k|cap=256|t=33880
validation,cloudphysics_alibaba_block_head_50k|cap=256|t=33961
validation,cloudphysics_alibaba_block_head_50k|cap=256|t=34068
validation,cloudphysics_alibaba_block_head_50k|cap=256|t=34228
validation,cloudphysics_alibaba_block_head_50k|cap=256|t=34500
validation,cloudphysics_alibaba_block_head_50k|cap=256|t=34639
validation,cloudphysics_alibaba_block_head_50k|cap=256|t=34669
validation,cloudphysics_alibaba_block_head_50k|cap=256|t=34774
validation,cloudphysics_alibaba_block_head_50k|cap=256|t=34775
validation,cloudphysics_alibaba_block_head_50k|cap=256|t=34913
validation,cloudphysics_alibaba_block_head_50k|cap=256|t=34982
validation,cloudphysics_alibaba_block_head_50k|cap=256|t=35160
validation,cloudphysics_alibaba_block_head_50k|cap=256|t=35194
validation,cloudphysics_alibaba_block_head_50k|cap=256|t=35211
validation,cloudphysics_alibaba_block_head_50k|cap=256|t=35223
validation,cloudphysics_alibaba_block_head_50k|cap=256|t=35239
validation,cloudphysics_alibaba_block_head_50k|cap=256|t=35254
validation,cloudphysics_alibaba_block_head_50k|cap=256|t=35323
validation,cloudphysics_alibaba_block_head_50k|cap=256|t=35371
validation,cloudphysics_alibaba_block_head_50k|cap=256|t=35386
validation,cloudphysics_alibaba_block_head_50k|cap=256|t=35470
validation,cloudphysics_alibaba_block_head_50k|cap=256|t=35489
validation,cloudphysics_alibaba_block_head_50k|cap=256|t=35615
validation,cloudphysics_alibaba_block_head_50k|cap=256|t=35815
validation,cloudphysics_alibaba_block_head_50k|cap=256|t=36055
validation,cloudphysics_alibaba_block_head_50k|cap=256|t=36208
validation,cloudphysics_alibaba_block_head_50k|cap=256|t=36423
validation,cloudphysics_alibaba_block_head_50k|cap=256|t=36441
validation,cloudphysics_alibaba_block_head_50k|cap=256|t=36469
validation,cloudphysics_alibaba_block_head_50k|cap=256|t=36640
validation,cloudphysics_alibaba_block_head_50k|cap=256|t=36833
validation,cloudphysics_alibaba_block_head_50k|cap=256|t=36911
validation,cloudphysics_alibaba_block_head_50k|cap=256|t=37150
validation,cloudphysics_alibaba_block_head_50k|cap=256|t=37188
validation,cloudphysics_alibaba_block_head_50k|cap=256|t=37257
validation,cloudphysics_alibaba_block_head_50k|cap=256|t=37272
validation,cloudphysics_alibaba_block_head_50k|cap=256|t=37590
validation,cloudphysics_alibaba_block_head_50k|cap=256|t=37674
validation,cloudphysics_alibaba_block_head_50k|cap=256|t=37677
validation,cloudphysics_alibaba_block_head_50k|cap=256|t=37740
validation,cloudphysics_alibaba_block_head_50k|cap=256|t=37781
validation,cloudphysics_alibaba_block_head_50k|cap=256|t=37832
validation,cloudphysics_alibaba_block_head_50k|cap=256|t=38115
validation,cloudphysics_alibaba_block_head_50k|cap=256|t=38229
validation,cloudphysics_alibaba_block_head_50k|cap=256|t=38234
validation,cloudphysics_alibaba_block_head_50k|cap=256|t=38295
validation,cloudphysics_alibaba_block_head_50k|cap=256|t=38446
validation,cloudphysics_alibaba_block_head_50k|cap=256|t=38520
validation,cloudphysics_alibaba_block_head_50k|cap=256|t=38564
validation,cloudphysics_alibaba_block_head_50k|cap=256|t=38667
validation,cloudphysics_alibaba_block_head_50k|cap=256|t=38775
validation,cloudphysics_alibaba_block_head_50k|cap=256|t=38823
validation,cloudphysics_alibaba_block_head_50k|cap=256|t=38829
validation,cloudphysics_alibaba_block_head_50k|cap=256|t=38894
validation,cloudphysics_alibaba_block_head_50k|cap=256|t=38936
validation,cloudphysics_alibaba_block_head_50k|cap=256|t=39126
validation,cloudphysics_alibaba_block_head_50k|cap=256|t=39146
validation,cloudphysics_alibaba_block_head_50k|cap=256|t=39307
validation,cloudphysics_alibaba_block_head_50k|cap=256|t=39501
validation,cloudphysics_alibaba_block_head_50k|cap=256|t=39528
validation,cloudphysics_alibaba_block_head_50k|cap=256|t=39609
validation,cloudphysics_alibaba_block_head_50k|cap=256|t=39941
validation,cloudphysics_alibaba_block_head_50k|cap=256|t=39975
validation,cloudphysics_alibaba_block_head_50k|cap=256|t=39986
validation,cloudphysics_alibaba_block_head_50k|cap=256|t=39994
validation,cloudphysics_alibaba_block_head_50k|cap=256|t=40050
validation,cloudphysics_alibaba_block_head_50k|cap=32|t=30677
validation,cloudphysics_alibaba_block_head_50k|cap=32|t=30895
validation,cloudphysics_alibaba_block_head_50k|cap=32|t=31199
validation,cloudphysics_alibaba_block_head_50k|cap=32|t=31220
validation,cloudphysics_alibaba_block_head_50k|cap=32|t=31224
validation,cloudphysics_alibaba_block_head_50k|cap=32|t=31266
validation,cloudphysics_alibaba_block_head_50k|cap=32|t=31277
validation,cloudphysics_alibaba_block_head_50k|cap=32|t=31373
validation,cloudphysics_alibaba_block_head_50k|cap=32|t=31396
validation,cloudphysics_alibaba_block_head_50k|cap=32|t=31504
validation,cloudphysics_alibaba_block_head_50k|cap=32|t=31540
validation,cloudphysics_alibaba_block_head_50k|cap=32|t=31788
validation,cloudphysics_alibaba_block_head_50k|cap=32|t=31835
validation,cloudphysics_alibaba_block_head_50k|cap=32|t=31906
validation,cloudphysics_alibaba_block_head_50k|cap=32|t=32068
validation,cloudphysics_alibaba_block_head_50k|cap=32|t=32088
validation,cloudphysics_alibaba_block_head_50k|cap=32|t=32204
validation,cloudphysics_alibaba_block_head_50k|cap=32|t=32234
validation,cloudphysics_alibaba_block_head_50k|cap=32|t=32240
validation,cloudphysics_alibaba_block_head_50k|cap=32|t=32405
validation,cloudphysics_alibaba_block_head_50k|cap=32|t=32819
validation,cloudphysics_alibaba_block_head_50k|cap=32|t=33079
validation,cloudphysics_alibaba_block_head_50k|cap=32|t=33157
validation,cloudphysics_alibaba_block_head_50k|cap=32|t=33192
validation,cloudphysics_alibaba_block_head_50k|cap=32|t=33200
validation,cloudphysics_alibaba_block_head_50k|cap=32|t=33203
validation,cloudphysics_alibaba_block_head_50k|cap=32|t=33252
validation,cloudphysics_alibaba_block_head_50k|cap=32|t=33386
validation,cloudphysics_alibaba_block_head_50k|cap=32|t=33417
validation,cloudphysics_alibaba_block_head_50k|cap=32|t=33526
validation,cloudphysics_alibaba_block_head_50k|cap=32|t=33668
validation,cloudphysics_alibaba_block_head_50k|cap=32|t=33811
validation,cloudphysics_alibaba_block_head_50k|cap=32|t=33814
validation,cloudphysics_alibaba_block_head_50k|cap=32|t=33880
validation,cloudphysics_alibaba_block_head_50k|cap=32|t=33952
validation,cloudphysics_alibaba_block_head_50k|cap=32|t=33980
validation,cloudphysics_alibaba_block_head_50k|cap=32|t=34026
validation,cloudphysics_alibaba_block_head_50k|cap=32|t=34042
validation,cloudphysics_alibaba_block_head_50k|cap=32|t=34057
validation,cloudphysics_alibaba_block_head_50k|cap=32|t=34163
validation,cloudphysics_alibaba_block_head_50k|cap=32|t=34176
validation,cloudphysics_alibaba_block_head_50k|cap=32|t=34415
validation,cloudphysics_alibaba_block_head_50k|cap=32|t=34418
validation,cloudphysics_alibaba_block_head_50k|cap=32|t=34437
validation,cloudphysics_alibaba_block_head_50k|cap=32|t=34458
validation,cloudphysics_alibaba_block_head_50k|cap=32|t=34647
validation,cloudphysics_alibaba_block_head_50k|cap=32|t=34751
validation,cloudphysics_alibaba_block_head_50k|cap=32|t=34904
validation,cloudphysics_alibaba_block_head_50k|cap=32|t=34933
validation,cloudphysics_alibaba_block_head_50k|cap=32|t=34943
validation,cloudphysics_alibaba_block_head_50k|cap=32|t=35040
validation,cloudphysics_alibaba_block_head_50k|cap=32|t=35179
validation,cloudphysics_alibaba_block_head_50k|cap=32|t=35238
validation,cloudphysics_alibaba_block_head_50k|cap=32|t=35248
validation,cloudphysics_alibaba_block_head_50k|cap=32|t=35386
validation,cloudphysics_alibaba_block_head_50k|cap=32|t=35502
validation,cloudphysics_alibaba_block_head_50k|cap=32|t=35615
validation,cloudphysics_alibaba_block_head_50k|cap=32|t=35663
validation,cloudphysics_alibaba_block_head_50k|cap=32|t=35668
validation,cloudphysics_alibaba_block_head_50k|cap=32|t=35774
validation,cloudphysics_alibaba_block_head_50k|cap=32|t=35890
validation,cloudphysics_alibaba_block_head_50k|cap=32|t=36027
validation,cloudphysics_alibaba_block_head_50k|cap=32|t=36376
validation,cloudphysics_alibaba_block_head_50k|cap=32|t=36875
validation,cloudphysics_alibaba_block_head_50k|cap=32|t=36958
validation,cloudphysics_alibaba_block_head_50k|cap=32|t=37047
validation,cloudphysics_alibaba_block_head_50k|cap=32|t=37137
validation,cloudphysics_alibaba_block_head_50k|cap=32|t=37149
validation,cloudphysics_alibaba_block_head_50k|cap=32|t=37381
validation,cloudphysics_alibaba_block_head_50k|cap=32|t=37383
validation,cloudphysics_alibaba_block_head_50k|cap=32|t=37435
validation,cloudphysics_alibaba_block_head_50k|cap=32|t=37458
validation,cloudphysics_alibaba_block_head_50k|cap=32|t=37653
validation,cloudphysics_alibaba_block_head_50k|cap=32|t=37674
validation,cloudphysics_alibaba_block_head_50k|cap=32|t=37683
validation,cloudphysics_alibaba_block_head_50k|cap=32|t=37941
validation,cloudphysics_alibaba_block_head_50k|cap=32|t=38007
validation,cloudphysics_alibaba_block_head_50k|cap=32|t=38029
validation,cloudphysics_alibaba_block_head_50k|cap=32|t=38043
validation,cloudphysics_alibaba_block_head_50k|cap=32|t=38140
validation,cloudphysics_alibaba_block_head_50k|cap=32|t=38332
validation,cloudphysics_alibaba_block_head_50k|cap=32|t=38350
validation,cloudphysics_alibaba_block_head_50k|cap=32|t=38397
validation,cloudphysics_alibaba_block_head_50k|cap=32|t=38408
validation,cloudphysics_alibaba_block_head_50k|cap=32|t=38692
validation,cloudphysics_alibaba_block_head_50k|cap=32|t=38759
validation,cloudphysics_alibaba_block_head_50k|cap=32|t=38927
validation,cloudphysics_alibaba_block_head_50k|cap=32|t=38944
validation,cloudphysics_alibaba_block_head_50k|cap=32|t=39000
validation,cloudphysics_alibaba_block_head_50k|cap=32|t=39107
validation,cloudphysics_alibaba_block_head_50k|cap=32|t=39108
validation,cloudphysics_alibaba_block_head_50k|cap=32|t=39251
validation,cloudphysics_alibaba_block_head_50k|cap=32|t=39282
validation,cloudphysics_alibaba_block_head_50k|cap=32|t=39297
validation,cloudphysics_alibaba_block_head_50k|cap=32|t=39351
validation,cloudphysics_alibaba_block_head_50k|cap=32|t=39353
validation,cloudphysics_alibaba_block_head_50k|cap=32|t=39678
validation,cloudphysics_alibaba_block_head_50k|cap=32|t=39789
validation,cloudphysics_alibaba_block_head_50k|cap=32|t=39797
validation,cloudphysics_alibaba_block_head_50k|cap=32|t=39948
validation,cloudphysics_alibaba_block_head_50k|cap=64|t=30666
validation,cloudphysics_alibaba_block_head_50k|cap=64|t=30702
validation,cloudphysics_alibaba_block_head_50k|cap=64|t=30781
validation,cloudphysics_alibaba_block_head_50k|cap=64|t=30820
validation,cloudphysics_alibaba_block_head_50k|cap=64|t=30885
validation,cloudphysics_alibaba_block_head_50k|cap=64|t=30959
validation,cloudphysics_alibaba_block_head_50k|cap=64|t=31117
validation,cloudphysics_alibaba_block_head_50k|cap=64|t=31174
validation,cloudphysics_alibaba_block_head_50k|cap=64|t=31197
validation,cloudphysics_alibaba_block_head_50k|cap=64|t=31324
validation,cloudphysics_alibaba_block_head_50k|cap=64|t=31425
validation,cloudphysics_alibaba_block_head_50k|cap=64|t=31473
validation,cloudphysics_alibaba_block_head_50k|cap=64|t=31608
validation,cloudphysics_alibaba_block_head_50k|cap=64|t=31626
validation,cloudphysics_alibaba_block_head_50k|cap=64|t=31652
validation,cloudphysics_alibaba_block_head_50k|cap=64|t=31661
validation,cloudphysics_alibaba_block_head_50k|cap=64|t=31683
validation,cloudphysics_alibaba_block_head_50k|cap=64|t=31730
validation,cloudphysics_alibaba_block_head_50k|cap=64|t=31883
validation,cloudphysics_alibaba_block_head_50k|cap=64|t=31962
validation,cloudphysics_alibaba_block_head_50k|cap=64|t=32037
validation,cloudphysics_alibaba_block_head_50k|cap=64|t=32075
validation,cloudphysics_alibaba_block_head_50k|cap=64|t=32125
validation,cloudphysics_alibaba_block_head_50k|cap=64|t=32223
validation,cloudphysics_alibaba_block_head_50k|cap=64|t=32229
validation,cloudphysics_alibaba_block_head_50k|cap=64|t=32376
validation,cloudphysics_alibaba_block_head_50k|cap=64|t=32519
validation,cloudphysics_alibaba_block_head_50k|cap=64|t=32555
validation,cloudphysics_alibaba_block_head_50k|cap=64|t=32564
validation,cloudphysics_alibaba_block_head_50k|cap=64|t=32572
validation,cloudphysics_alibaba_block_head_50k|cap=64|t=32591
validation,cloudphysics_alibaba_block_head_50k|cap=64|t=32844
validation,cloudphysics_alibaba_block_head_50k|cap=64|t=32945
validation,cloudphysics_alibaba_block_head_50k|cap=64|t=33025
validation,cloudphysics_alibaba_block_head_50k|cap=64|t=33076
validation,cloudphysics_alibaba_block_head_50k|cap=64|t=33078
validation,cloudphysics_alibaba_block_head_50k|cap=64|t=33314
validation,cloudphysics_alibaba_block_head_50k|cap=64|t=33346
validation,cloudphysics_alibaba_block_head_50k|cap=64|t=33458
validation,cloudphysics_alibaba_block_head_50k|cap=64|t=33563
validation,cloudphysics_alibaba_block_head_50k|cap=64|t=33580
validation,cloudphysics_alibaba_block_head_50k|cap=64|t=33717
validation,cloudphysics_alibaba_block_head_50k|cap=64|t=33843
validation,cloudphysics_alibaba_block_head_50k|cap=64|t=33857
validation,cloudphysics_alibaba_block_head_50k|cap=64|t=34021
validation,cloudphysics_alibaba_block_head_50k|cap=64|t=34117
validation,cloudphysics_alibaba_block_head_50k|cap=64|t=34136
validation,cloudphysics_alibaba_block_head_50k|cap=64|t=34156
validation,cloudphysics_alibaba_block_head_50k|cap=64|t=34233
validation,cloudphysics_alibaba_block_head_50k|cap=64|t=34343
validation,cloudphysics_alibaba_block_head_50k|cap=64|t=34371
validation,cloudphysics_alibaba_block_head_50k|cap=64|t=34426
validation,cloudphysics_alibaba_block_head_50k|cap=64|t=34463
validation,cloudphysics_alibaba_block_head_50k|cap=64|t=34859
validation,cloudphysics_alibaba_block_head_50k|cap=64|t=34900
validation,cloudphysics_alibaba_block_head_50k|cap=64|t=34914
validation,cloudphysics_alibaba_block_head_50k|cap=64|t=34937
validation,cloudphysics_alibaba_block_head_50k|cap=64|t=34979
validation,cloudphysics_alibaba_block_head_50k|cap=64|t=34994
validation,cloudphysics_alibaba_block_head_50k|cap=64|t=35169
validation,cloudphysics_alibaba_block_head_50k|cap=64|t=35422
validation,cloudphysics_alibaba_block_head_50k|cap=64|t=35435
validation,cloudphysics_alibaba_block_head_50k|cap=64|t=35507
validation,cloudphysics_alibaba_block_head_50k|cap=64|t=35517
validation,cloudphysics_alibaba_block_head_50k|cap=64|t=35543
validation,cloudphysics_alibaba_block_head_50k|cap=64|t=35652
validation,cloudphysics_alibaba_block_head_50k|cap=64|t=35659
validation,cloudphysics_alibaba_block_head_50k|cap=64|t=35758
validation,cloudphysics_alibaba_block_head_50k|cap=64|t=35780
validation,cloudphysics_alibaba_block_head_50k|cap=64|t=35858
validation,cloudphysics_alibaba_block_head_50k|cap=64|t=36049
validation,cloudphysics_alibaba_block_head_50k|cap=64|t=36078
validation,cloudphysics_alibaba_block_head_50k|cap=64|t=36168
validation,cloudphysics_alibaba_block_head_50k|cap=64|t=36341
validation,cloudphysics_alibaba_block_head_50k|cap=64|t=36400
validation,cloudphysics_alibaba_block_head_50k|cap=64|t=36506
validation,cloudphysics_alibaba_block_head_50k|cap=64|t=36562
validation,cloudphysics_alibaba_block_head_50k|cap=64|t=36756
validation,cloudphysics_alibaba_block_head_50k|cap=64|t=36895
validation,cloudphysics_alibaba_block_head_50k|cap=64|t=37314
validation,cloudphysics_alibaba_block_head_50k|cap=64|t=37480
validation,cloudphysics_alibaba_block_head_50k|cap=64|t=37571
validation,cloudphysics_alibaba_block_head_50k|cap=64|t=37932
validation,cloudphysics_alibaba_block_head_50k|cap=64|t=37945
validation,cloudphysics_alibaba_block_head_50k|cap=64|t=38295
validation,cloudphysics_alibaba_block_head_50k|cap=64|t=38595
validation,cloudphysics_alibaba_block_head_50k|cap=64|t=38624
validation,cloudphysics_alibaba_block_head_50k|cap=64|t=38763
validation,cloudphysics_alibaba_block_head_50k|cap=64|t=38834
validation,cloudphysics_alibaba_block_head_50k|cap=64|t=38976
validation,cloudphysics_alibaba_block_head_50k|cap=64|t=39301
validation,cloudphysics_alibaba_block_head_50k|cap=64|t=39392
validation,cloudphysics_alibaba_block_head_50k|cap=64|t=39406
validation,cloudphysics_alibaba_block_head_50k|cap=64|t=39427
validation,cloudphysics_alibaba_block_head_50k|cap=64|t=39532
validation,cloudphysics_alibaba_block_head_50k|cap=64|t=39581
validation,cloudphysics_alibaba_block_head_50k|cap=64|t=39615
validation,cloudphysics_alibaba_block_head_50k|cap=64|t=39849
validation,cloudphysics_alibaba_block_head_50k|cap=64|t=39905
validation,cloudphysics_alibaba_block_head_50k|cap=64|t=39919
validation,metacdn_cdn_202303_head_50k|cap=128|t=30664
validation,metacdn_cdn_202303_head_50k|cap=128|t=30807
validation,metacdn_cdn_202303_head_50k|cap=128|t=30827
validation,metacdn_cdn_202303_head_50k|cap=128|t=31006
validation,metacdn_cdn_202303_head_50k|cap=128|t=31113
validation,metacdn_cdn_202303_head_50k|cap=128|t=31147
validation,metacdn_cdn_202303_head_50k|cap=128|t=31183
validation,metacdn_cdn_202303_head_50k|cap=128|t=31369
validation,metacdn_cdn_202303_head_50k|cap=128|t=31432
validation,metacdn_cdn_202303_head_50k|cap=128|t=31577
validation,metacdn_cdn_202303_head_50k|cap=128|t=31601
validation,metacdn_cdn_202303_head_50k|cap=128|t=32066
validation,metacdn_cdn_202303_head_50k|cap=128|t=32100
validation,metacdn_cdn_202303_head_50k|cap=128|t=32193
validation,metacdn_cdn_202303_head_50k|cap=128|t=32206
validation,metacdn_cdn_202303_head_50k|cap=128|t=32234
validation,metacdn_cdn_202303_head_50k|cap=128|t=32314
validation,metacdn_cdn_202303_head_50k|cap=128|t=32464
validation,metacdn_cdn_202303_head_50k|cap=128|t=32518
validation,metacdn_cdn_202303_head_50k|cap=128|t=32740
validation,metacdn_cdn_202303_head_50k|cap=128|t=32769
validation,metacdn_cdn_202303_head_50k|cap=128|t=33034
validation,metacdn_cdn_202303_head_50k|cap=128|t=33056
validation,metacdn_cdn_202303_head_50k|cap=128|t=33143
validation,metacdn_cdn_202303_head_50k|cap=128|t=33224
validation,metacdn_cdn_202303_head_50k|cap=128|t=33229
validation,metacdn_cdn_202303_head_50k|cap=128|t=33420
validation,metacdn_cdn_202303_head_50k|cap=128|t=33694
validation,metacdn_cdn_202303_head_50k|cap=128|t=33860
validation,metacdn_cdn_202303_head_50k|cap=128|t=33868
validation,metacdn_cdn_202303_head_50k|cap=128|t=33953
validation,metacdn_cdn_202303_head_50k|cap=128|t=34062
validation,metacdn_cdn_202303_head_50k|cap=128|t=34088
validation,metacdn_cdn_202303_head_50k|cap=128|t=34103
validation,metacdn_cdn_202303_head_50k|cap=128|t=34119
validation,metacdn_cdn_202303_head_50k|cap=128|t=34145
validation,metacdn_cdn_202303_head_50k|cap=128|t=34297
validation,metacdn_cdn_202303_head_50k|cap=128|t=34301
validation,metacdn_cdn_202303_head_50k|cap=128|t=34343
validation,metacdn_cdn_202303_head_50k|cap=128|t=34403
validation,metacdn_cdn_202303_head_50k|cap=128|t=34740
validation,metacdn_cdn_202303_head_50k|cap=128|t=34763
validation,metacdn_cdn_202303_head_50k|cap=128|t=34839
validation,metacdn_cdn_202303_head_50k|cap=128|t=34913
validation,metacdn_cdn_202303_head_50k|cap=128|t=34926
validation,metacdn_cdn_202303_head_50k|cap=128|t=35054
validation,metacdn_cdn_202303_head_50k|cap=128|t=35176
validation,metacdn_cdn_202303_head_50k|cap=128|t=35283
validation,metacdn_cdn_202303_head_50k|cap=128|t=35343
validation,metacdn_cdn_202303_head_50k|cap=128|t=35366
validation,metacdn_cdn_202303_head_50k|cap=128|t=35468
validation,metacdn_cdn_202303_head_50k|cap=128|t=35679
validation,metacdn_cdn_202303_head_50k|cap=128|t=35941
validation,metacdn_cdn_202303_head_50k|cap=128|t=36038
validation,metacdn_cdn_202303_head_50k|cap=128|t=36095
validation,metacdn_cdn_202303_head_50k|cap=128|t=36158
validation,metacdn_cdn_202303_head_50k|cap=128|t=36231
validation,metacdn_cdn_202303_head_50k|cap=128|t=36258
validation,metacdn_cdn_202303_head_50k|cap=128|t=36272
validation,metacdn_cdn_202303_head_50k|cap=128|t=36280
validation,metacdn_cdn_202303_head_50k|cap=128|t=36372
validation,metacdn_cdn_202303_head_50k|cap=128|t=36402
validation,metacdn_cdn_202303_head_50k|cap=128|t=36408
validation,metacdn_cdn_202303_head_50k|cap=128|t=36454
validation,metacdn_cdn_202303_head_50k|cap=128|t=36482
validation,metacdn_cdn_202303_head_50k|cap=128|t=36512
validation,metacdn_cdn_202303_head_50k|cap=128|t=36869
validation,metacdn_cdn_202303_head_50k|cap=128|t=36945
validation,metacdn_cdn_202303_head_50k|cap=128|t=36958
validation,metacdn_cdn_202303_head_50k|cap=128|t=37117
validation,metacdn_cdn_202303_head_50k|cap=128|t=37189
validation,metacdn_cdn_202303_head_50k|cap=128|t=37350
validation,metacdn_cdn_202303_head_50k|cap=128|t=37359
validation,metacdn_cdn_202303_head_50k|cap=128|t=37372
validation,metacdn_cdn_202303_head_50k|cap=128|t=37414
validation,metacdn_cdn_202303_head_50k|cap=128|t=37532
validation,metacdn_cdn_202303_head_50k|cap=128|t=37673
validation,metacdn_cdn_202303_head_50k|cap=128|t=37863
validation,metacdn_cdn_202303_head_50k|cap=128|t=37966
validation,metacdn_cdn_202303_head_50k|cap=128|t=38140
validation,metacdn_cdn_202303_head_50k|cap=128|t=38284
validation,metacdn_cdn_202303_head_50k|cap=128|t=38345
validation,metacdn_cdn_202303_head_50k|cap=128|t=38382
validation,metacdn_cdn_202303_head_50k|cap=128|t=38444
validation,metacdn_cdn_202303_head_50k|cap=128|t=38477
validation,metacdn_cdn_202303_head_50k|cap=128|t=38589
validation,metacdn_cdn_202303_head_50k|cap=128|t=38713
validation,metacdn_cdn_202303_head_50k|cap=128|t=38827
validation,metacdn_cdn_202303_head_50k|cap=128|t=38862
validation,metacdn_cdn_202303_head_50k|cap=128|t=38887
validation,metacdn_cdn_202303_head_50k|cap=128|t=39019
validation,metacdn_cdn_202303_head_50k|cap=128|t=39174
validation,metacdn_cdn_202303_head_50k|cap=128|t=39183
validation,metacdn_cdn_202303_head_50k|cap=128|t=39253
validation,metacdn_cdn_202303_head_50k|cap=128|t=39301
validation,metacdn_cdn_202303_head_50k|cap=128|t=39547
validation,metacdn_cdn_202303_head_50k|cap=128|t=39627
validation,metacdn_cdn_202303_head_50k|cap=128|t=39663
validation,metacdn_cdn_202303_head_50k|cap=128|t=39815
validation,metacdn_cdn_202303_head_50k|cap=128|t=39944
validation,metacdn_cdn_202303_head_50k|cap=256|t=30874
validation,metacdn_cdn_202303_head_50k|cap=256|t=30889
validation,metacdn_cdn_202303_head_50k|cap=256|t=30980
validation,metacdn_cdn_202303_head_50k|cap=256|t=30989
validation,metacdn_cdn_202303_head_50k|cap=256|t=31068
validation,metacdn_cdn_202303_head_50k|cap=256|t=31134
validation,metacdn_cdn_202303_head_50k|cap=256|t=31135
validation,metacdn_cdn_202303_head_50k|cap=256|t=31175
validation,metacdn_cdn_202303_head_50k|cap=256|t=31320
validation,metacdn_cdn_202303_head_50k|cap=256|t=31329
validation,metacdn_cdn_202303_head_50k|cap=256|t=31484
validation,metacdn_cdn_202303_head_50k|cap=256|t=31522
validation,metacdn_cdn_202303_head_50k|cap=256|t=31615
validation,metacdn_cdn_202303_head_50k|cap=256|t=31794
validation,metacdn_cdn_202303_head_50k|cap=256|t=31980
validation,metacdn_cdn_202303_head_50k|cap=256|t=32272
validation,metacdn_cdn_202303_head_50k|cap=256|t=32355
validation,metacdn_cdn_202303_head_50k|cap=256|t=32728
validation,metacdn_cdn_202303_head_50k|cap=256|t=32805
validation,metacdn_cdn_202303_head_50k|cap=256|t=32954
validation,metacdn_cdn_202303_head_50k|cap=256|t=33012
validation,metacdn_cdn_202303_head_50k|cap=256|t=33229
validation,metacdn_cdn_202303_head_50k|cap=256|t=33275
validation,metacdn_cdn_202303_head_50k|cap=256|t=33287
validation,metacdn_cdn_202303_head_50k|cap=256|t=33380
validation,metacdn_cdn_202303_head_50k|cap=256|t=33442
validation,metacdn_cdn_202303_head_50k|cap=256|t=33475
validation,metacdn_cdn_202303_head_50k|cap=256|t=33545
validation,metacdn_cdn_202303_head_50k|cap=256|t=33592
validation,metacdn_cdn_202303_head_50k|cap=256|t=33820
validation,metacdn_cdn_202303_head_50k|cap=256|t=33916
validation,metacdn_cdn_202303_head_50k|cap=256|t=33923
validation,metacdn_cdn_202303_head_50k|cap=256|t=33926
validation,metacdn_cdn_202303_head_50k|cap=256|t=34132
validation,metacdn_cdn_202303_head_50k|cap=256|t=34149
validation,metacdn_cdn_202303_head_50k|cap=256|t=34169
validation,metacdn_cdn_202303_head_50k|cap=256|t=34306
validation,metacdn_cdn_202303_head_50k|cap=256|t=34627
validation,metacdn_cdn_202303_head_50k|cap=256|t=34781
validation,metacdn_cdn_202303_head_50k|cap=256|t=34791
validation,metacdn_cdn_202303_head_50k|cap=256|t=34803
validation,metacdn_cdn_202303_head_50k|cap=256|t=34813
validation,metacdn_cdn_202303_head_50k|cap=256|t=34963
validation,metacdn_cdn_202303_head_50k|cap=256|t=35127
validation,metacdn_cdn_202303_head_50k|cap=256|t=35239
validation,metacdn_cdn_202303_head_50k|cap=256|t=35268
validation,metacdn_cdn_202303_head_50k|cap=256|t=35274
validation,metacdn_cdn_202303_head_50k|cap=256|t=35318
validation,metacdn_cdn_202303_head_50k|cap=256|t=35573
validation,metacdn_cdn_202303_head_50k|cap=256|t=35597
validation,metacdn_cdn_202303_head_50k|cap=256|t=35665
validation,metacdn_cdn_202303_head_50k|cap=256|t=35687
validation,metacdn_cdn_202303_head_50k|cap=256|t=35696
validation,metacdn_cdn_202303_head_50k|cap=256|t=35858
validation,metacdn_cdn_202303_head_50k|cap=256|t=35892
validation,metacdn_cdn_202303_head_50k|cap=256|t=35902
validation,metacdn_cdn_202303_head_50k|cap=256|t=35950
validation,metacdn_cdn_202303_head_50k|cap=256|t=36028
validation,metacdn_cdn_202303_head_50k|cap=256|t=36149
validation,metacdn_cdn_202303_head_50k|cap=256|t=36207
validation,metacdn_cdn_202303_head_50k|cap=256|t=36216
validation,metacdn_cdn_202303_head_50k|cap=256|t=36224
validation,metacdn_cdn_202303_head_50k|cap=256|t=36246
validation,metacdn_cdn_202303_head_50k|cap=256|t=36347
validation,metacdn_cdn_202303_head_50k|cap=256|t=36389
validation,metacdn_cdn_202303_head_50k|cap=256|t=36640
validation,metacdn_cdn_202303_head_50k|cap=256|t=36692
validation,metacdn_cdn_202303_head_50k|cap=256|t=36812
validation,metacdn_cdn_202303_head_50k|cap=256|t=36891
validation,metacdn_cdn_202303_head_50k|cap=256|t=36980
validation,metacdn_cdn_202303_head_50k|cap=256|t=37201
validation,metacdn_cdn_202303_head_50k|cap=256|t=37225
validation,metacdn_cdn_202303_head_50k|cap=256|t=37241
validation,metacdn_cdn_202303_head_50k|cap=256|t=37260
validation,metacdn_cdn_202303_head_50k|cap=256|t=37381
validation,metacdn_cdn_202303_head_50k|cap=256|t=37410
validation,metacdn_cdn_202303_head_50k|cap=256|t=37458
validation,metacdn_cdn_202303_head_50k|cap=256|t=37501
validation,metacdn_cdn_202303_head_50k|cap=256|t=37609
validation,metacdn_cdn_202303_head_50k|cap=256|t=37773
validation,metacdn_cdn_202303_head_50k|cap=256|t=37850
validation,metacdn_cdn_202303_head_50k|cap=256|t=38133
validation,metacdn_cdn_202303_head_50k|cap=256|t=38155
validation,metacdn_cdn_202303_head_50k|cap=256|t=38183
validation,metacdn_cdn_202303_head_50k|cap=256|t=38209
validation,metacdn_cdn_202303_head_50k|cap=256|t=38278
validation,metacdn_cdn_202303_head_50k|cap=256|t=38380
validation,metacdn_cdn_202303_head_50k|cap=256|t=38433
validation,metacdn_cdn_202303_head_50k|cap=256|t=38520
validation,metacdn_cdn_202303_head_50k|cap=256|t=38557
validation,metacdn_cdn_202303_head_50k|cap=256|t=38704
validation,metacdn_cdn_202303_head_50k|cap=256|t=38758
validation,metacdn_cdn_202303_head_50k|cap=256|t=38827
validation,metacdn_cdn_202303_head_50k|cap=256|t=38909
validation,metacdn_cdn_202303_head_50k|cap=256|t=38965
validation,metacdn_cdn_202303_head_50k|cap=256|t=39173
validation,metacdn_cdn_202303_head_50k|cap=256|t=39472
validation,metacdn_cdn_202303_head_50k|cap=256|t=39840
validation,metacdn_cdn_202303_head_50k|cap=256|t=39891
validation,metacdn_cdn_202303_head_50k|cap=256|t=39994
validation,metacdn_cdn_202303_head_50k|cap=32|t=30573
validation,metacdn_cdn_202303_head_50k|cap=32|t=30584
validation,metacdn_cdn_202303_head_50k|cap=32|t=30587
validation,metacdn_cdn_202303_head_50k|cap=32|t=30595
validation,metacdn_cdn_202303_head_50k|cap=32|t=30724
validation,metacdn_cdn_202303_head_50k|cap=32|t=30766
validation,metacdn_cdn_202303_head_50k|cap=32|t=30815
validation,metacdn_cdn_202303_head_50k|cap=32|t=30824
validation,metacdn_cdn_202303_head_50k|cap=32|t=30845
validation,metacdn_cdn_202303_head_50k|cap=32|t=30896
validation,metacdn_cdn_202303_head_50k|cap=32|t=31458
validation,metacdn_cdn_202303_head_50k|cap=32|t=31478
validation,metacdn_cdn_202303_head_50k|cap=32|t=31497
validation,metacdn_cdn_202303_head_50k|cap=32|t=31503
validation,metacdn_cdn_202303_head_50k|cap=32|t=31623
validation,metacdn_cdn_202303_head_50k|cap=32|t=31640
validation,metacdn_cdn_202303_head_50k|cap=32|t=31708
validation,metacdn_cdn_202303_head_50k|cap=32|t=32281
validation,metacdn_cdn_202303_head_50k|cap=32|t=32666
validation,metacdn_cdn_202303_head_50k|cap=32|t=32763
validation,metacdn_cdn_202303_head_50k|cap=32|t=32793
validation,metacdn_cdn_202303_head_50k|cap=32|t=32922
validation,metacdn_cdn_202303_head_50k|cap=32|t=33032
validation,metacdn_cdn_202303_head_50k|cap=32|t=33130
validation,metacdn_cdn_202303_head_50k|cap=32|t=33261
validation,metacdn_cdn_202303_head_50k|cap=32|t=33307
validation,metacdn_cdn_202303_head_50k|cap=32|t=33431
validation,metacdn_cdn_202303_head_50k|cap=32|t=33449
validation,metacdn_cdn_202303_head_50k|cap=32|t=33472
validation,metacdn_cdn_202303_head_50k|cap=32|t=33504
validation,metacdn_cdn_202303_head_50k|cap=32|t=33708
validation,metacdn_cdn_202303_head_50k|cap=32|t=33766
validation,metacdn_cdn_202303_head_50k|cap=32|t=33841
validation,metacdn_cdn_202303_head_50k|cap=32|t=34139
validation,metacdn_cdn_202303_head_50k|cap=32|t=34141
validation,metacdn_cdn_202303_head_50k|cap=32|t=34519
validation,metacdn_cdn_202303_head_50k|cap=32|t=34572
validation,metacdn_cdn_202303_head_50k|cap=32|t=34620
validation,metacdn_cdn_202303_head_50k|cap=32|t=34722
validation,metacdn_cdn_202303_head_50k|cap=32|t=34745
validation,metacdn_cdn_202303_head_50k|cap=32|t=34996
validation,metacdn_cdn_202303_head_50k|cap=32|t=35040
validation,metacdn_cdn_202303_head_50k|cap=32|t=35099
validation,metacdn_cdn_202303_head_50k|cap=32|t=35162
validation,metacdn_cdn_202303_head_50k|cap=32|t=35293
validation,metacdn_cdn_202303_head_50k|cap=32|t=35364
validation,metacdn_cdn_202303_head_50k|cap=32|t=35394
validation,metacdn_cdn_202303_head_50k|cap=32|t=35450
validation,metacdn_cdn_202303_head_50k|cap=32|t=35471
validation,metacdn_cdn_202303_head_50k|cap=32|t=35520
validation,metacdn_cdn_202303_head_50k|cap=32|t=35561
validation,metacdn_cdn_202303_head_50k|cap=32|t=36041
validation,metacdn_cdn_202303_head_50k|cap=32|t=36121
validation,metacdn_cdn_202303_head_50k|cap=32|t=36194
validation,metacdn_cdn_202303_head_50k|cap=32|t=36197
validation,metacdn_cdn_202303_head_50k|cap=32|t=36310
validation,metacdn_cdn_202303_head_50k|cap=32|t=36321
validation,metacdn_cdn_202303_head_50k|cap=32|t=36372
validation,metacdn_cdn_202303_head_50k|cap=32|t=36407
validation,metacdn_cdn_202303_head_50k|cap=32|t=36605
validation,metacdn_cdn_202303_head_50k|cap=32|t=36655
validation,metacdn_cdn_202303_head_50k|cap=32|t=36660
validation,metacdn_cdn_202303_head_50k|cap=32|t=36865
validation,metacdn_cdn_202303_head_50k|cap=32|t=36874
validation,metacdn_cdn_202303_head_50k|cap=32|t=36914
validation,metacdn_cdn_202303_head_50k|cap=32|t=36975
validation,metacdn_cdn_202303_head_50k|cap=32|t=37103
validation,metacdn_cdn_202303_head_50k|cap=32|t=37195
validation,metacdn_cdn_202303_head_50k|cap=32|t=37272
validation,metacdn_cdn_202303_head_50k|cap=32|t=37329
validation,metacdn_cdn_202303_head_50k|cap=32|t=37357
validation,metacdn_cdn_202303_head_50k|cap=32|t=37399
validation,metacdn_cdn_202303_head_50k|cap=32|t=37509
validation,metacdn_cdn_202303_head_50k|cap=32|t=37525
validation,metacdn_cdn_202303_head_50k|cap=32|t=37577
validation,metacdn_cdn_202303_head_50k|cap=32|t=37609
validation,metacdn_cdn_202303_head_50k|cap=32|t=37646
validation,metacdn_cdn_202303_head_50k|cap=32|t=37709
validation,metacdn_cdn_202303_head_50k|cap=32|t=37773
validation,metacdn_cdn_202303_head_50k|cap=32|t=37785
validation,metacdn_cdn_202303_head_50k|cap=32|t=37846
validation,metacdn_cdn_202303_head_50k|cap=32|t=38257
validation,metacdn_cdn_202303_head_50k|cap=32|t=38444
validation,metacdn_cdn_202303_head_50k|cap=32|t=38605
validation,metacdn_cdn_202303_head_50k|cap=32|t=38631
validation,metacdn_cdn_202303_head_50k|cap=32|t=38706
validation,metacdn_cdn_202303_head_50k|cap=32|t=38745
validation,metacdn_cdn_202303_head_50k|cap=32|t=38779
validation,metacdn_cdn_202303_head_50k|cap=32|t=38818
validation,metacdn_cdn_202303_head_50k|cap=32|t=38824
validation,metacdn_cdn_202303_head_50k|cap=32|t=38854
validation,metacdn_cdn_202303_head_50k|cap=32|t=39085
validation,metacdn_cdn_202303_head_50k|cap=32|t=39167
validation,metacdn_cdn_202303_head_50k|cap=32|t=39206
validation,metacdn_cdn_202303_head_50k|cap=32|t=39290
validation,metacdn_cdn_202303_head_50k|cap=32|t=39370
validation,metacdn_cdn_202303_head_50k|cap=32|t=39378
validation,metacdn_cdn_202303_head_50k|cap=32|t=39433
validation,metacdn_cdn_202303_head_50k|cap=32|t=39670
validation,metacdn_cdn_202303_head_50k|cap=32|t=39915
validation,metacdn_cdn_202303_head_50k|cap=64|t=30551
validation,metacdn_cdn_202303_head_50k|cap=64|t=30735
validation,metacdn_cdn_202303_head_50k|cap=64|t=30821
validation,metacdn_cdn_202303_head_50k|cap=64|t=31015
validation,metacdn_cdn_202303_head_50k|cap=64|t=31050
validation,metacdn_cdn_202303_head_50k|cap=64|t=31068
validation,metacdn_cdn_202303_head_50k|cap=64|t=31349
validation,metacdn_cdn_202303_head_50k|cap=64|t=31608
validation,metacdn_cdn_202303_head_50k|cap=64|t=31648
validation,metacdn_cdn_202303_head_50k|cap=64|t=31991
validation,metacdn_cdn_202303_head_50k|cap=64|t=31997
validation,metacdn_cdn_202303_head_50k|cap=64|t=32332
validation,metacdn_cdn_202303_head_50k|cap=64|t=32543
validation,metacdn_cdn_202303_head_50k|cap=64|t=32647
validation,metacdn_cdn_202303_head_50k|cap=64|t=32709
validation,metacdn_cdn_202303_head_50k|cap=64|t=32848
validation,metacdn_cdn_202303_head_50k|cap=64|t=32988
validation,metacdn_cdn_202303_head_50k|cap=64|t=32990
validation,metacdn_cdn_202303_head_50k|cap=64|t=33009
validation,metacdn_cdn_202303_head_50k|cap=64|t=33161
validation,metacdn_cdn_202303_head_50k|cap=64|t=33192
validation,metacdn_cdn_202303_head_50k|cap=64|t=33300
validation,metacdn_cdn_202303_head_50k|cap=64|t=33411
validation,metacdn_cdn_202303_head_50k|cap=64|t=33467
validation,metacdn_cdn_202303_head_50k|cap=64|t=33485
validation,metacdn_cdn_202303_head_50k|cap=64|t=33794
validation,metacdn_cdn_202303_head_50k|cap=64|t=34344
validation,metacdn_cdn_202303_head_50k|cap=64|t=34386
validation,metacdn_cdn_202303_head_50k|cap=64|t=34398
validation,metacdn_cdn_202303_head_50k|cap=64|t=34623
validation,metacdn_cdn_202303_head_50k|cap=64|t=34675
validation,metacdn_cdn_202303_head_50k|cap=64|t=34702
validation,metacdn_cdn_202303_head_50k|cap=64|t=34757
validation,metacdn_cdn_202303_head_50k|cap=64|t=34800
validation,metacdn_cdn_202303_head_50k|cap=64|t=34948
validation,metacdn_cdn_202303_head_50k|cap=64|t=34974
validation,metacdn_cdn_202303_head_50k|cap=64|t=35302
validation,metacdn_cdn_202303_head_50k|cap=64|t=35321
validation,metacdn_cdn_202303_head_50k|cap=64|t=35466
validation,metacdn_cdn_202303_head_50k|cap=64|t=35523
validation,metacdn_cdn_202303_head_50k|cap=64|t=35760
validation,metacdn_cdn_202303_head_50k|cap=64|t=35915
validation,metacdn_cdn_202303_head_50k|cap=64|t=35972
validation,metacdn_cdn_202303_head_50k|cap=64|t=36020
validation,metacdn_cdn_202303_head_50k|cap=64|t=36042
validation,metacdn_cdn_202303_head_50k|cap=64|t=36116
validation,metacdn_cdn_202303_head_50k|cap=64|t=36320
validation,metacdn_cdn_202303_head_50k|cap=64|t=36345
validation,metacdn_cdn_202303_head_50k|cap=64|t=36352
validation,metacdn_cdn_202303_head_50k|cap=64|t=36363
validation,metacdn_cdn_202303_head_50k|cap=64|t=36389
validation,metacdn_cdn_202303_head_50k|cap=64|t=36409
validation,metacdn_cdn_202303_head_50k|cap=64|t=36546
validation,metacdn_cdn_202303_head_50k|cap=64|t=36656
validation,metacdn_cdn_202303_head_50k|cap=64|t=36664
validation,metacdn_cdn_202303_head_50k|cap=64|t=36748
validation,metacdn_cdn_202303_head_50k|cap=64|t=36885
validation,metacdn_cdn_202303_head_50k|cap=64|t=36887
validation,metacdn_cdn_202303_head_50k|cap=64|t=36916
validation,metacdn_cdn_202303_head_50k|cap=64|t=37040
validation,metacdn_cdn_202303_head_50k|cap=64|t=37184
validation,metacdn_cdn_202303_head_50k|cap=64|t=37327
validation,metacdn_cdn_202303_head_50k|cap=64|t=37371
validation,metacdn_cdn_202303_head_50k|cap=64|t=37405
validation,metacdn_cdn_202303_head_50k|cap=64|t=37474
validation,metacdn_cdn_202303_head_50k|cap=64|t=37495
validation,metacdn_cdn_202303_head_50k|cap=64|t=37524
validation,metacdn_cdn_202303_head_50k|cap=64|t=37561
validation,metacdn_cdn_202303_head_50k|cap=64|t=37709
validation,metacdn_cdn_202303_head_50k|cap=64|t=37776
validation,metacdn_cdn_202303_head_50k|cap=64|t=37811
validation,metacdn_cdn_202303_head_50k|cap=64|t=37900
validation,metacdn_cdn_202303_head_50k|cap=64|t=38015
validation,metacdn_cdn_202303_head_50k|cap=64|t=38055
validation,metacdn_cdn_202303_head_50k|cap=64|t=38143
validation,metacdn_cdn_202303_head_50k|cap=64|t=38209
validation,metacdn_cdn_202303_head_50k|cap=64|t=38370
validation,metacdn_cdn_202303_head_50k|cap=64|t=38373
validation,metacdn_cdn_202303_head_50k|cap=64|t=38405
validation,metacdn_cdn_202303_head_50k|cap=64|t=38406
validation,metacdn_cdn_202303_head_50k|cap=64|t=38504
validation,metacdn_cdn_202303_head_50k|cap=64|t=38508
validation,metacdn_cdn_202303_head_50k|cap=64|t=38574
validation,metacdn_cdn_202303_head_50k|cap=64|t=38680
validation,metacdn_cdn_202303_head_50k|cap=64|t=38737
validation,metacdn_cdn_202303_head_50k|cap=64|t=38824
validation,metacdn_cdn_202303_head_50k|cap=64|t=38917
validation,metacdn_cdn_202303_head_50k|cap=64|t=39063
validation,metacdn_cdn_202303_head_50k|cap=64|t=39359
validation,metacdn_cdn_202303_head_50k|cap=64|t=39441
validation,metacdn_cdn_202303_head_50k|cap=64|t=39481
validation,metacdn_cdn_202303_head_50k|cap=64|t=39528
validation,metacdn_cdn_202303_head_50k|cap=64|t=39659
validation,metacdn_cdn_202303_head_50k|cap=64|t=39663
validation,metacdn_cdn_202303_head_50k|cap=64|t=39689
validation,metacdn_cdn_202303_head_50k|cap=64|t=39765
validation,metacdn_cdn_202303_head_50k|cap=64|t=39788
validation,metacdn_cdn_202303_head_50k|cap=64|t=39843
validation,metacdn_cdn_202303_head_50k|cap=64|t=39882
validation,metacdn_cdn_202303_head_50k|cap=64|t=39996
validation,metakv_kvcache_202206_head_50k|cap=128|t=30649
validation,metakv_kvcache_202206_head_50k|cap=128|t=30735
validation,metakv_kvcache_202206_head_50k|cap=128|t=30773
validation,metakv_kvcache_202206_head_50k|cap=128|t=30803
validation,metakv_kvcache_202206_head_50k|cap=128|t=31046
validation,metakv_kvcache_202206_head_50k|cap=128|t=31199
validation,metakv_kvcache_202206_head_50k|cap=128|t=31318
validation,metakv_kvcache_202206_head_50k|cap=128|t=31566
validation,metakv_kvcache_202206_head_50k|cap=128|t=31748
validation,metakv_kvcache_202206_head_50k|cap=128|t=31780
validation,metakv_kvcache_202206_head_50k|cap=128|t=31814
validation,metakv_kvcache_202206_head_50k|cap=128|t=31971
validation,metakv_kvcache_202206_head_50k|cap=128|t=32149
validation,metakv_kvcache_202206_head_50k|cap=128|t=32165
validation,metakv_kvcache_202206_head_50k|cap=128|t=32303
validation,metakv_kvcache_202206_head_50k|cap=128|t=32506
validation,metakv_kvcache_202206_head_50k|cap=128|t=32526
validation,metakv_kvcache_202206_head_50k|cap=128|t=32565
validation,metakv_kvcache_202206_head_50k|cap=128|t=32600
validation,metakv_kvcache_202206_head_50k|cap=128|t=32695
validation,metakv_kvcache_202206_head_50k|cap=128|t=32829
validation,metakv_kvcache_202206_head_50k|cap=128|t=32930
validation,metakv_kvcache_202206_head_50k|cap=128|t=32946
validation,metakv_kvcache_202206_head_50k|cap=128|t=32982
validation,metakv_kvcache_202206_head_50k|cap=128|t=33146
validation,metakv_kvcache_202206_head_50k|cap=128|t=33230
validation,metakv_kvcache_202206_head_50k|cap=128|t=33569
validation,metakv_kvcache_202206_head_50k|cap=128|t=33612
validation,metakv_kvcache_202206_head_50k|cap=128|t=34109
validation,metakv_kvcache_202206_head_50k|cap=128|t=34141
validation,metakv_kvcache_202206_head_50k|cap=128|t=34373
validation,metakv_kvcache_202206_head_50k|cap=128|t=34376
validation,metakv_kvcache_202206_head_50k|cap=128|t=34411
validation,metakv_kvcache_202206_head_50k|cap=128|t=34489
validation,metakv_kvcache_202206_head_50k|cap=128|t=34494
validation,metakv_kvcache_202206_head_50k|cap=128|t=34547
validation,metakv_kvcache_202206_head_50k|cap=128|t=34551
validation,metakv_kvcache_202206_head_50k|cap=128|t=34628
validation,metakv_kvcache_202206_head_50k|cap=128|t=34671
validation,metakv_kvcache_202206_head_50k|cap=128|t=34719
validation,metakv_kvcache_202206_head_50k|cap=128|t=34864
validation,metakv_kvcache_202206_head_50k|cap=128|t=35007
validation,metakv_kvcache_202206_head_50k|cap=128|t=35110
validation,metakv_kvcache_202206_head_50k|cap=128|t=35162
validation,metakv_kvcache_202206_head_50k|cap=128|t=35277
validation,metakv_kvcache_202206_head_50k|cap=128|t=35409
validation,metakv_kvcache_202206_head_50k|cap=128|t=35583
validation,metakv_kvcache_202206_head_50k|cap=128|t=35846
validation,metakv_kvcache_202206_head_50k|cap=128|t=35860
validation,metakv_kvcache_202206_head_50k|cap=128|t=35921
validation,metakv_kvcache_202206_head_50k|cap=128|t=36022
validation,metakv_kvcache_202206_head_50k|cap=128|t=36074
validation,metakv_kvcache_202206_head_50k|cap=128|t=36149
validation,metakv_kvcache_202206_head_50k|cap=128|t=36262
validation,metakv_kvcache_202206_head_50k|cap=128|t=36335
validation,metakv_kvcache_202206_head_50k|cap=128|t=36445
validation,metakv_kvcache_202206_head_50k|cap=128|t=36552
validation,metakv_kvcache_202206_head_50k|cap=128|t=36745
validation,metakv_kvcache_202206_head_50k|cap=128|t=36760
validation,metakv_kvcache_202206_head_50k|cap=128|t=36762
validation,metakv_kvcache_202206_head_50k|cap=128|t=36766
validation,metakv_kvcache_202206_head_50k|cap=128|t=36779
validation,metakv_kvcache_202206_head_50k|cap=128|t=36879
validation,metakv_kvcache_202206_head_50k|cap=128|t=36988
validation,metakv_kvcache_202206_head_50k|cap=128|t=37041
validation,metakv_kvcache_202206_head_50k|cap=128|t=37144
validation,metakv_kvcache_202206_head_50k|cap=128|t=37175
validation,metakv_kvcache_202206_head_50k|cap=128|t=37284
validation,metakv_kvcache_202206_head_50k|cap=128|t=37347
validation,metakv_kvcache_202206_head_50k|cap=128|t=37423
validation,metakv_kvcache_202206_head_50k|cap=128|t=37496
validation,metakv_kvcache_202206_head_50k|cap=128|t=37821
validation,metakv_kvcache_202206_head_50k|cap=128|t=37971
validation,metakv_kvcache_202206_head_50k|cap=128|t=38037
validation,metakv_kvcache_202206_head_50k|cap=128|t=38134
validation,metakv_kvcache_202206_head_50k|cap=128|t=38169
validation,metakv_kvcache_202206_head_50k|cap=128|t=38180
validation,metakv_kvcache_202206_head_50k|cap=128|t=38282
validation,metakv_kvcache_202206_head_50k|cap=128|t=38296
validation,metakv_kvcache_202206_head_50k|cap=128|t=38402
validation,metakv_kvcache_202206_head_50k|cap=128|t=38405
validation,metakv_kvcache_202206_head_50k|cap=128|t=38473
validation,metakv_kvcache_202206_head_50k|cap=128|t=38609
validation,metakv_kvcache_202206_head_50k|cap=128|t=38642
validation,metakv_kvcache_202206_head_50k|cap=128|t=38653
validation,metakv_kvcache_202206_head_50k|cap=128|t=38694
validation,metakv_kvcache_202206_head_50k|cap=128|t=38866
validation,metakv_kvcache_202206_head_50k|cap=128|t=38898
validation,metakv_kvcache_202206_head_50k|cap=128|t=39256
validation,metakv_kvcache_202206_head_50k|cap=128|t=39292
validation,metakv_kvcache_202206_head_50k|cap=128|t=39304
validation,metakv_kvcache_202206_head_50k|cap=128|t=39322
validation,metakv_kvcache_202206_head_50k|cap=128|t=39344
validation,metakv_kvcache_202206_head_50k|cap=128|t=39375
validation,metakv_kvcache_202206_head_50k|cap=128|t=39511
validation,metakv_kvcache_202206_head_50k|cap=128|t=39575
validation,metakv_kvcache_202206_head_50k|cap=128|t=39649
validation,metakv_kvcache_202206_head_50k|cap=128|t=39992
validation,metakv_kvcache_202206_head_50k|cap=128|t=39994
validation,metakv_kvcache_202206_head_50k|cap=128|t=40020
validation,metakv_kvcache_202206_head_50k|cap=256|t=30701
validation,metakv_kvcache_202206_head_50k|cap=256|t=30913
validation,metakv_kvcache_202206_head_50k|cap=256|t=31187
validation,metakv_kvcache_202206_head_50k|cap=256|t=31232
validation,metakv_kvcache_202206_head_50k|cap=256|t=31306
validation,metakv_kvcache_202206_head_50k|cap=256|t=31491
validation,metakv_kvcache_202206_head_50k|cap=256|t=31556
validation,metakv_kvcache_202206_head_50k|cap=256|t=31718
validation,metakv_kvcache_202206_head_50k|cap=256|t=31938
validation,metakv_kvcache_202206_head_50k|cap=256|t=32019
validation,metakv_kvcache_202206_head_50k|cap=256|t=32119
validation,metakv_kvcache_202206_head_50k|cap=256|t=32154
validation,metakv_kvcache_202206_head_50k|cap=256|t=32276
validation,metakv_kvcache_202206_head_50k|cap=256|t=32287
validation,metakv_kvcache_202206_head_50k|cap=256|t=32304
validation,metakv_kvcache_202206_head_50k|cap=256|t=32386
validation,metakv_kvcache_202206_head_50k|cap=256|t=32455
validation,metakv_kvcache_202206_head_50k|cap=256|t=32555
validation,metakv_kvcache_202206_head_50k|cap=256|t=32618
validation,metakv_kvcache_202206_head_50k|cap=256|t=32874
validation,metakv_kvcache_202206_head_50k|cap=256|t=33043
validation,metakv_kvcache_202206_head_50k|cap=256|t=33251
validation,metakv_kvcache_202206_head_50k|cap=256|t=33257
validation,metakv_kvcache_202206_head_50k|cap=256|t=33286
validation,metakv_kvcache_202206_head_50k|cap=256|t=33290
validation,metakv_kvcache_202206_head_50k|cap=256|t=33331
validation,metakv_kvcache_202206_head_50k|cap=256|t=33566
validation,metakv_kvcache_202206_head_50k|cap=256|t=33801
validation,metakv_kvcache_202206_head_50k|cap=256|t=33916
validation,metakv_kvcache_202206_head_50k|cap=256|t=34192
validation,metakv_kvcache_202206_head_50k|cap=256|t=34278
validation,metakv_kvcache_202206_head_50k|cap=256|t=34353
validation,metakv_kvcache_202206_head_50k|cap=256|t=34359
validation,metakv_kvcache_202206_head_50k|cap=256|t=34424
validation,metakv_kvcache_202206_head_50k|cap=256|t=34435
validation,metakv_kvcache_202206_head_50k|cap=256|t=34506
validation,metakv_kvcache_202206_head_50k|cap=256|t=34537
validation,metakv_kvcache_202206_head_50k|cap=256|t=34549
validation,metakv_kvcache_202206_head_50k|cap=256|t=34645
validation,metakv_kvcache_202206_head_50k|cap=256|t=34727
validation,metakv_kvcache_202206_head_50k|cap=256|t=34901
validation,metakv_kvcache_202206_head_50k|cap=256|t=34951
validation,metakv_kvcache_202206_head_50k|cap=256|t=35119
validation,metakv_kvcache_202206_head_50k|cap=256|t=35172
validation,metakv_kvcache_202206_head_50k|cap=256|t=35189
validation,metakv_kvcache_202206_head_50k|cap=256|t=35276
validation,metakv_kvcache_202206_head_50k|cap=256|t=35314
validation,metakv_kvcache_202206_head_50k|cap=256|t=35344
validation,metakv_kvcache_202206_head_50k|cap=256|t=35488
validation,metakv_kvcache_202206_head_50k|cap=256|t=35506
validation,metakv_kvcache_202206_head_50k|cap=256|t=35537
validation,metakv_kvcache_202206_head_50k|cap=256|t=35649
validation,metakv_kvcache_202206_head_50k|cap=256|t=35706
validation,metakv_kvcache_202206_head_50k|cap=256|t=35774
validation,metakv_kvcache_202206_head_50k|cap=256|t=35787
validation,metakv_kvcache_202206_head_50k|cap=256|t=35806
validation,metakv_kvcache_202206_head_50k|cap=256|t=35852
validation,metakv_kvcache_202206_head_50k|cap=256|t=35890
validation,metakv_kvcache_202206_head_50k|cap=256|t=35905
validation,metakv_kvcache_202206_head_50k|cap=256|t=35959
validation,metakv_kvcache_202206_head_50k|cap=256|t=35974
validation,metakv_kvcache_202206_head_50k|cap=256|t=36041
validation,metakv_kvcache_202206_head_50k|cap=256|t=36042
validation,metakv_kvcache_202206_head_50k|cap=256|t=36189
validation,metakv_kvcache_202206_head_50k|cap=256|t=36356
validation,metakv_kvcache_202206_head_50k|cap=256|t=36567
validation,metakv_kvcache_202206_head_50k|cap=256|t=36807
validation,metakv_kvcache_202206_head_50k|cap=256|t=36884
validation,metakv_kvcache_202206_head_50k|cap=256|t=37062
validation,metakv_kvcache_202206_head_50k|cap=256|t=37138
validation,metakv_kvcache_202206_head_50k|cap=256|t=37154
validation,metakv_kvcache_202206_head_50k|cap=256|t=37336
validation,metakv_kvcache_202206_head_50k|cap=256|t=37360
validation,metakv_kvcache_202206_head_50k|cap=256|t=37511
validation,metakv_kvcache_202206_head_50k|cap=256|t=37790
validation,metakv_kvcache_202206_head_50k|cap=256|t=37849
validation,metakv_kvcache_202206_head_50k|cap=256|t=38126
validation,metakv_kvcache_202206_head_50k|cap=256|t=38157
validation,metakv_kvcache_202206_head_50k|cap=256|t=38164
validation,metakv_kvcache_202206_head_50k|cap=256|t=38168
validation,metakv_kvcache_202206_head_50k|cap=256|t=38199
validation,metakv_kvcache_202206_head_50k|cap=256|t=38382
validation,metakv_kvcache_202206_head_50k|cap=256|t=38500
validation,metakv_kvcache_202206_head_50k|cap=256|t=38563
validation,metakv_kvcache_202206_head_50k|cap=256|t=38571
validation,metakv_kvcache_202206_head_50k|cap=256|t=38592
validation,metakv_kvcache_202206_head_50k|cap=256|t=38624
validation,metakv_kvcache_202206_head_50k|cap=256|t=38736
validation,metakv_kvcache_202206_head_50k|cap=256|t=38777
validation,metakv_kvcache_202206_head_50k|cap=256|t=38891
validation,metakv_kvcache_202206_head_50k|cap=256|t=38911
validation,metakv_kvcache_202206_head_50k|cap=256|t=39031
validation,metakv_kvcache_202206_head_50k|cap=256|t=39095
validation,metakv_kvcache_202206_head_50k|cap=256|t=39248
validation,metakv_kvcache_202206_head_50k|cap=256|t=39419
validation,metakv_kvcache_202206_head_50k|cap=256|t=39533
validation,metakv_kvcache_202206_head_50k|cap=256|t=39639
validation,metakv_kvcache_202206_head_50k|cap=256|t=39787
validation,metakv_kvcache_202206_head_50k|cap=256|t=39793
validation,metakv_kvcache_202206_head_50k|cap=256|t=40008
validation,metakv_kvcache_202206_head_50k|cap=32|t=30537
validation,metakv_kvcache_202206_head_50k|cap=32|t=30558
validation,metakv_kvcache_202206_head_50k|cap=32|t=30630
validation,metakv_kvcache_202206_head_50k|cap=32|t=30635
validation,metakv_kvcache_202206_head_50k|cap=32|t=30674
validation,metakv_kvcache_202206_head_50k|cap=32|t=30854
validation,metakv_kvcache_202206_head_50k|cap=32|t=31166
validation,metakv_kvcache_202206_head_50k|cap=32|t=31354
validation,metakv_kvcache_202206_head_50k|cap=32|t=31399
validation,metakv_kvcache_202206_head_50k|cap=32|t=31405
validation,metakv_kvcache_202206_head_50k|cap=32|t=31412
validation,metakv_kvcache_202206_head_50k|cap=32|t=31444
validation,metakv_kvcache_202206_head_50k|cap=32|t=31570
validation,metakv_kvcache_202206_head_50k|cap=32|t=31627
validation,metakv_kvcache_202206_head_50k|cap=32|t=31828
validation,metakv_kvcache_202206_head_50k|cap=32|t=31874
validation,metakv_kvcache_202206_head_50k|cap=32|t=31963
validation,metakv_kvcache_202206_head_50k|cap=32|t=32015
validation,metakv_kvcache_202206_head_50k|cap=32|t=32217
validation,metakv_kvcache_202206_head_50k|cap=32|t=32290
validation,metakv_kvcache_202206_head_50k|cap=32|t=32419
validation,metakv_kvcache_202206_head_50k|cap=32|t=32524
validation,metakv_kvcache_202206_head_50k|cap=32|t=32579
validation,metakv_kvcache_202206_head_50k|cap=32|t=32725
validation,metakv_kvcache_202206_head_50k|cap=32|t=32743
validation,metakv_kvcache_202206_head_50k|cap=32|t=32771
validation,metakv_kvcache_202206_head_50k|cap=32|t=32844
validation,metakv_kvcache_202206_head_50k|cap=32|t=32868
validation,metakv_kvcache_202206_head_50k|cap=32|t=32876
validation,metakv_kvcache_202206_head_50k|cap=32|t=33138
validation,metakv_kvcache_202206_head_50k|cap=32|t=33254
validation,metakv_kvcache_202206_head_50k|cap=32|t=33477
validation,metakv_kvcache_202206_head_50k|cap=32|t=33540
validation,metakv_kvcache_202206_head_50k|cap=32|t=33548
validation,metakv_kvcache_202206_head_50k|cap=32|t=33662
validation,metakv_kvcache_202206_head_50k|cap=32|t=33963
validation,metakv_kvcache_202206_head_50k|cap=32|t=34210
validation,metakv_kvcache_202206_head_50k|cap=32|t=34281
validation,metakv_kvcache_202206_head_50k|cap=32|t=34414
validation,metakv_kvcache_202206_head_50k|cap=32|t=34432
validation,metakv_kvcache_202206_head_50k|cap=32|t=34466
validation,metakv_kvcache_202206_head_50k|cap=32|t=34544
validation,metakv_kvcache_202206_head_50k|cap=32|t=34550
validation,metakv_kvcache_202206_head_50k|cap=32|t=34772
validation,metakv_kvcache_202206_head_50k|cap=32|t=34836
validation,metakv_kvcache_202206_head_50k|cap=32|t=34903
validation,metakv_kvcache_202206_head_50k|cap=32|t=34951
validation,metakv_kvcache_202206_head_50k|cap=32|t=35231
validation,metakv_kvcache_202206_head_50k|cap=32|t=35257
validation,metakv_kvcache_202206_head_50k|cap=32|t=35268
validation,metakv_kvcache_202206_head_50k|cap=32|t=35482
validation,metakv_kvcache_202206_head_50k|cap=32|t=35487
validation,metakv_kvcache_202206_head_50k|cap=32|t=35501
validation,metakv_kvcache_202206_head_50k|cap=32|t=35679
validation,metakv_kvcache_202206_head_50k|cap=32|t=35732
validation,metakv_kvcache_202206_head_50k|cap=32|t=35797
validation,metakv_kvcache_202206_head_50k|cap=32|t=35906
validation,metakv_kvcache_202206_head_50k|cap=32|t=35988
validation,metakv_kvcache_202206_head_50k|cap=32|t=35999
validation,metakv_kvcache_202206_head_50k|cap=32|t=36011
validation,metakv_kvcache_202206_head_50k|cap=32|t=36033
validation,metakv_kvcache_202206_head_50k|cap=32|t=36141
validation,metakv_kvcache_202206_head_50k|cap=32|t=36259
validation,metakv_kvcache_202206_head_50k|cap=32|t=36371
validation,metakv_kvcache_202206_head_50k|cap=32|t=36461
validation,metakv_kvcache_202206_head_50k|cap=32|t=36706
validation,metakv_kvcache_202206_head_50k|cap=32|t=36925
validation,metakv_kvcache_202206_head_50k|cap=32|t=36947
validation,metakv_kvcache_202206_head_50k|cap=32|t=37016
validation,metakv_kvcache_202206_head_50k|cap=32|t=37024
validation,metakv_kvcache_202206_head_50k|cap=32|t=37461
validation,metakv_kvcache_202206_head_50k|cap=32|t=37507
validation,metakv_kvcache_202206_head_50k|cap=32|t=37516
validation,metakv_kvcache_202206_head_50k|cap=32|t=37799
validation,metakv_kvcache_202206_head_50k|cap=32|t=37820
validation,metakv_kvcache_202206_head_50k|cap=32|t=37836
validation,metakv_kvcache_202206_head_50k|cap=32|t=37899
validation,metakv_kvcache_202206_head_50k|cap=32|t=38237
validation,metakv_kvcache_202206_head_50k|cap=32|t=38260
validation,metakv_kvcache_202206_head_50k|cap=32|t=38318
validation,metakv_kvcache_202206_head_50k|cap=32|t=38322
validation,metakv_kvcache_202206_head_50k|cap=32|t=38356
validation,metakv_kvcache_202206_head_50k|cap=32|t=38468
validation,metakv_kvcache_202206_head_50k|cap=32|t=38502
validation,metakv_kvcache_202206_head_50k|cap=32|t=38661
validation,metakv_kvcache_202206_head_50k|cap=32|t=38682
validation,metakv_kvcache_202206_head_50k|cap=32|t=38714
validation,metakv_kvcache_202206_head_50k|cap=32|t=38812
validation,metakv_kvcache_202206_head_50k|cap=32|t=38899
validation,metakv_kvcache_202206_head_50k|cap=32|t=38931
validation,metakv_kvcache_202206_head_50k|cap=32|t=38944
validation,metakv_kvcache_202206_head_50k|cap=32|t=39265
validation,metakv_kvcache_202206_head_50k|cap=32|t=39273
validation,metakv_kvcache_202206_head_50k|cap=32|t=39288
validation,metakv_kvcache_202206_head_50k|cap=32|t=39336
validation,metakv_kvcache_202206_head_50k|cap=32|t=39344
validation,metakv_kvcache_202206_head_50k|cap=32|t=39741
validation,metakv_kvcache_202206_head_50k|cap=32|t=39742
validation,metakv_kvcache_202206_head_50k|cap=32|t=39800
validation,metakv_kvcache_202206_head_50k|cap=32|t=39836
validation,metakv_kvcache_202206_head_50k|cap=64|t=30625
validation,metakv_kvcache_202206_head_50k|cap=64|t=30721
validation,metakv_kvcache_202206_head_50k|cap=64|t=30733
validation,metakv_kvcache_202206_head_50k|cap=64|t=30814
validation,metakv_kvcache_202206_head_50k|cap=64|t=30855
validation,metakv_kvcache_202206_head_50k|cap=64|t=30867
validation,metakv_kvcache_202206_head_50k|cap=64|t=30880
validation,metakv_kvcache_202206_head_50k|cap=64|t=31021
validation,metakv_kvcache_202206_head_50k|cap=64|t=31054
validation,metakv_kvcache_202206_head_50k|cap=64|t=31521
validation,metakv_kvcache_202206_head_50k|cap=64|t=31547
validation,metakv_kvcache_202206_head_50k|cap=64|t=31552
validation,metakv_kvcache_202206_head_50k|cap=64|t=31584
validation,metakv_kvcache_202206_head_50k|cap=64|t=31588
validation,metakv_kvcache_202206_head_50k|cap=64|t=31864
validation,metakv_kvcache_202206_head_50k|cap=64|t=31934
validation,metakv_kvcache_202206_head_50k|cap=64|t=31978
validation,metakv_kvcache_202206_head_50k|cap=64|t=32091
validation,metakv_kvcache_202206_head_50k|cap=64|t=32496
validation,metakv_kvcache_202206_head_50k|cap=64|t=32523
validation,metakv_kvcache_202206_head_50k|cap=64|t=32538
validation,metakv_kvcache_202206_head_50k|cap=64|t=32749
validation,metakv_kvcache_202206_head_50k|cap=64|t=32792
validation,metakv_kvcache_202206_head_50k|cap=64|t=32814
validation,metakv_kvcache_202206_head_50k|cap=64|t=32875
validation,metakv_kvcache_202206_head_50k|cap=64|t=33032
validation,metakv_kvcache_202206_head_50k|cap=64|t=33034
validation,metakv_kvcache_202206_head_50k|cap=64|t=33056
validation,metakv_kvcache_202206_head_50k|cap=64|t=33292
validation,metakv_kvcache_202206_head_50k|cap=64|t=33334
validation,metakv_kvcache_202206_head_50k|cap=64|t=33421
validation,metakv_kvcache_202206_head_50k|cap=64|t=33522
validation,metakv_kvcache_202206_head_50k|cap=64|t=33523
validation,metakv_kvcache_202206_head_50k|cap=64|t=33711
validation,metakv_kvcache_202206_head_50k|cap=64|t=33894
validation,metakv_kvcache_202206_head_50k|cap=64|t=33923
validation,metakv_kvcache_202206_head_50k|cap=64|t=33956
validation,metakv_kvcache_202206_head_50k|cap=64|t=33970
validation,metakv_kvcache_202206_head_50k|cap=64|t=34168
validation,metakv_kvcache_202206_head_50k|cap=64|t=34449
validation,metakv_kvcache_202206_head_50k|cap=64|t=34455
validation,metakv_kvcache_202206_head_50k|cap=64|t=34896
validation,metakv_kvcache_202206_head_50k|cap=64|t=34980
validation,metakv_kvcache_202206_head_50k|cap=64|t=35159
validation,metakv_kvcache_202206_head_50k|cap=64|t=35392
validation,metakv_kvcache_202206_head_50k|cap=64|t=35439
validation,metakv_kvcache_202206_head_50k|cap=64|t=35587
validation,metakv_kvcache_202206_head_50k|cap=64|t=35648
validation,metakv_kvcache_202206_head_50k|cap=64|t=35736
validation,metakv_kvcache_202206_head_50k|cap=64|t=35767
validation,metakv_kvcache_202206_head_50k|cap=64|t=35768
validation,metakv_kvcache_202206_head_50k|cap=64|t=35775
validation,metakv_kvcache_202206_head_50k|cap=64|t=35848
validation,metakv_kvcache_202206_head_50k|cap=64|t=35917
validation,metakv_kvcache_202206_head_50k|cap=64|t=36192
validation,metakv_kvcache_202206_head_50k|cap=64|t=36325
validation,metakv_kvcache_202206_head_50k|cap=64|t=36505
validation,metakv_kvcache_202206_head_50k|cap=64|t=36507
validation,metakv_kvcache_202206_head_50k|cap=64|t=36517
validation,metakv_kvcache_202206_head_50k|cap=64|t=36557
validation,metakv_kvcache_202206_head_50k|cap=64|t=36604
validation,metakv_kvcache_202206_head_50k|cap=64|t=36762
validation,metakv_kvcache_202206_head_50k|cap=64|t=36783
validation,metakv_kvcache_202206_head_50k|cap=64|t=36825
validation,metakv_kvcache_202206_head_50k|cap=64|t=36837
validation,metakv_kvcache_202206_head_50k|cap=64|t=36883
validation,metakv_kvcache_202206_head_50k|cap=64|t=36910
validation,metakv_kvcache_202206_head_50k|cap=64|t=36919
validation,metakv_kvcache_202206_head_50k|cap=64|t=37216
validation,metakv_kvcache_202206_head_50k|cap=64|t=37493
validation,metakv_kvcache_202206_head_50k|cap=64|t=37537
validation,metakv_kvcache_202206_head_50k|cap=64|t=37635
validation,metakv_kvcache_202206_head_50k|cap=64|t=37700
validation,metakv_kvcache_202206_head_50k|cap=64|t=37725
validation,metakv_kvcache_202206_head_50k|cap=64|t=37784
validation,metakv_kvcache_202206_head_50k|cap=64|t=37891
validation,metakv_kvcache_202206_head_50k|cap=64|t=37973
validation,metakv_kvcache_202206_head_50k|cap=64|t=38079
validation,metakv_kvcache_202206_head_50k|cap=64|t=38088
validation,metakv_kvcache_202206_head_50k|cap=64|t=38091
validation,metakv_kvcache_202206_head_50k|cap=64|t=38132
validation,metakv_kvcache_202206_head_50k|cap=64|t=38150
validation,metakv_kvcache_202206_head_50k|cap=64|t=38162
validation,metakv_kvcache_202206_head_50k|cap=64|t=38249
validation,metakv_kvcache_202206_head_50k|cap=64|t=38294
validation,metakv_kvcache_202206_head_50k|cap=64|t=38322
validation,metakv_kvcache_202206_head_50k|cap=64|t=38479
validation,metakv_kvcache_202206_head_50k|cap=64|t=38604
validation,metakv_kvcache_202206_head_50k|cap=64|t=38613
validation,metakv_kvcache_202206_head_50k|cap=64|t=38959
validation,metakv_kvcache_202206_head_50k|cap=64|t=38960
validation,metakv_kvcache_202206_head_50k|cap=64|t=39122
validation,metakv_kvcache_202206_head_50k|cap=64|t=39244
validation,metakv_kvcache_202206_head_50k|cap=64|t=39623
validation,metakv_kvcache_202206_head_50k|cap=64|t=39741
validation,metakv_kvcache_202206_head_50k|cap=64|t=39745
validation,metakv_kvcache_202206_head_50k|cap=64|t=39876
validation,metakv_kvcache_202206_head_50k|cap=64|t=39926
validation,metakv_kvcache_202206_head_50k|cap=64|t=39972
validation,metakv_kvcache_202206_head_50k|cap=64|t=40000
validation,twemcache_cluster26_sample100_50k|cap=128|t=30708
validation,twemcache_cluster26_sample100_50k|cap=128|t=30863
validation,twemcache_cluster26_sample100_50k|cap=128|t=30864
validation,twemcache_cluster26_sample100_50k|cap=128|t=30930
validation,twemcache_cluster26_sample100_50k|cap=128|t=30997
validation,twemcache_cluster26_sample100_50k|cap=128|t=31166
validation,twemcache_cluster26_sample100_50k|cap=128|t=31202
validation,twemcache_cluster26_sample100_50k|cap=128|t=31207
validation,twemcache_cluster26_sample100_50k|cap=128|t=31308
validation,twemcache_cluster26_sample100_50k|cap=128|t=31602
validation,twemcache_cluster26_sample100_50k|cap=128|t=31835
validation,twemcache_cluster26_sample100_50k|cap=128|t=31862
validation,twemcache_cluster26_sample100_50k|cap=128|t=31950
validation,twemcache_cluster26_sample100_50k|cap=128|t=32035
validation,twemcache_cluster26_sample100_50k|cap=128|t=32233
validation,twemcache_cluster26_sample100_50k|cap=128|t=32285
validation,twemcache_cluster26_sample100_50k|cap=128|t=32551
validation,twemcache_cluster26_sample100_50k|cap=128|t=32661
validation,twemcache_cluster26_sample100_50k|cap=128|t=32901
validation,twemcache_cluster26_sample100_50k|cap=128|t=32973
validation,twemcache_cluster26_sample100_50k|cap=128|t=33067
validation,twemcache_cluster26_sample100_50k|cap=128|t=33344
validation,twemcache_cluster26_sample100_50k|cap=128|t=33440
validation,twemcache_cluster26_sample100_50k|cap=128|t=33503
validation,twemcache_cluster26_sample100_50k|cap=128|t=33650
validation,twemcache_cluster26_sample100_50k|cap=128|t=33666
validation,twemcache_cluster26_sample100_50k|cap=128|t=33713
validation,twemcache_cluster26_sample100_50k|cap=128|t=33717
validation,twemcache_cluster26_sample100_50k|cap=128|t=33900
validation,twemcache_cluster26_sample100_50k|cap=128|t=33904
validation,twemcache_cluster26_sample100_50k|cap=128|t=33942
validation,twemcache_cluster26_sample100_50k|cap=128|t=34062
validation,twemcache_cluster26_sample100_50k|cap=128|t=34109
validation,twemcache_cluster26_sample100_50k|cap=128|t=34216
validation,twemcache_cluster26_sample100_50k|cap=128|t=34404
validation,twemcache_cluster26_sample100_50k|cap=128|t=34435
validation,twemcache_cluster26_sample100_50k|cap=128|t=34449
validation,twemcache_cluster26_sample100_50k|cap=128|t=34476
validation,twemcache_cluster26_sample100_50k|cap=128|t=34523
validation,twemcache_cluster26_sample100_50k|cap=128|t=34595
validation,twemcache_cluster26_sample100_50k|cap=128|t=34882
validation,twemcache_cluster26_sample100_50k|cap=128|t=35037
validation,twemcache_cluster26_sample100_50k|cap=128|t=35099
validation,twemcache_cluster26_sample100_50k|cap=128|t=35208
validation,twemcache_cluster26_sample100_50k|cap=128|t=35425
validation,twemcache_cluster26_sample100_50k|cap=128|t=35578
validation,twemcache_cluster26_sample100_50k|cap=128|t=35710
validation,twemcache_cluster26_sample100_50k|cap=128|t=35712
validation,twemcache_cluster26_sample100_50k|cap=128|t=35735
validation,twemcache_cluster26_sample100_50k|cap=128|t=35738
validation,twemcache_cluster26_sample100_50k|cap=128|t=35779
validation,twemcache_cluster26_sample100_50k|cap=128|t=35998
validation,twemcache_cluster26_sample100_50k|cap=128|t=36065
validation,twemcache_cluster26_sample100_50k|cap=128|t=36069
validation,twemcache_cluster26_sample100_50k|cap=128|t=36090
validation,twemcache_cluster26_sample100_50k|cap=128|t=36133
validation,twemcache_cluster26_sample100_50k|cap=128|t=36166
validation,twemcache_cluster26_sample100_50k|cap=128|t=36220
validation,twemcache_cluster26_sample100_50k|cap=128|t=36275
validation,twemcache_cluster26_sample100_50k|cap=128|t=36360
validation,twemcache_cluster26_sample100_50k|cap=128|t=36469
validation,twemcache_cluster26_sample100_50k|cap=128|t=36672
validation,twemcache_cluster26_sample100_50k|cap=128|t=36821
validation,twemcache_cluster26_sample100_50k|cap=128|t=36827
validation,twemcache_cluster26_sample100_50k|cap=128|t=36930
validation,twemcache_cluster26_sample100_50k|cap=128|t=36931
validation,twemcache_cluster26_sample100_50k|cap=128|t=37005
validation,twemcache_cluster26_sample100_50k|cap=128|t=37224
validation,twemcache_cluster26_sample100_50k|cap=128|t=37234
validation,twemcache_cluster26_sample100_50k|cap=128|t=37286
validation,twemcache_cluster26_sample100_50k|cap=128|t=37323
validation,twemcache_cluster26_sample100_50k|cap=128|t=37361
validation,twemcache_cluster26_sample100_50k|cap=128|t=37407
validation,twemcache_cluster26_sample100_50k|cap=128|t=37455
validation,twemcache_cluster26_sample100_50k|cap=128|t=37575
validation,twemcache_cluster26_sample100_50k|cap=128|t=37583
validation,twemcache_cluster26_sample100_50k|cap=128|t=37670
validation,twemcache_cluster26_sample100_50k|cap=128|t=37707
validation,twemcache_cluster26_sample100_50k|cap=128|t=38014
validation,twemcache_cluster26_sample100_50k|cap=128|t=38333
validation,twemcache_cluster26_sample100_50k|cap=128|t=38405
validation,twemcache_cluster26_sample100_50k|cap=128|t=38419
validation,twemcache_cluster26_sample100_50k|cap=128|t=38572
validation,twemcache_cluster26_sample100_50k|cap=128|t=38603
validation,twemcache_cluster26_sample100_50k|cap=128|t=38782
validation,twemcache_cluster26_sample100_50k|cap=128|t=38813
validation,twemcache_cluster26_sample100_50k|cap=128|t=38828
validation,twemcache_cluster26_sample100_50k|cap=128|t=38996
validation,twemcache_cluster26_sample100_50k|cap=128|t=39063
validation,twemcache_cluster26_sample100_50k|cap=128|t=39092
validation,twemcache_cluster26_sample100_50k|cap=128|t=39133
validation,twemcache_cluster26_sample100_50k|cap=128|t=39370
validation,twemcache_cluster26_sample100_50k|cap=128|t=39398
validation,twemcache_cluster26_sample100_50k|cap=128|t=39504
validation,twemcache_cluster26_sample100_50k|cap=128|t=39640
validation,twemcache_cluster26_sample100_50k|cap=128|t=39657
validation,twemcache_cluster26_sample100_50k|cap=128|t=39705
validation,twemcache_cluster26_sample100_50k|cap=128|t=39812
validation,twemcache_cluster26_sample100_50k|cap=128|t=39971
validation,twemcache_cluster26_sample100_50k|cap=128|t=40007
validation,twemcache_cluster26_sample100_50k|cap=256|t=30768
validation,twemcache_cluster26_sample100_50k|cap=256|t=31146
validation,twemcache_cluster26_sample100_50k|cap=256|t=31154
validation,twemcache_cluster26_sample100_50k|cap=256|t=31176
validation,twemcache_cluster26_sample100_50k|cap=256|t=31209
validation,twemcache_cluster26_sample100_50k|cap=256|t=31421
validation,twemcache_cluster26_sample100_50k|cap=256|t=31713
validation,twemcache_cluster26_sample100_50k|cap=256|t=31835
validation,twemcache_cluster26_sample100_50k|cap=256|t=31972
validation,twemcache_cluster26_sample100_50k|cap=256|t=31987
validation,twemcache_cluster26_sample100_50k|cap=256|t=32098
validation,twemcache_cluster26_sample100_50k|cap=256|t=32156
validation,twemcache_cluster26_sample100_50k|cap=256|t=32216
validation,twemcache_cluster26_sample100_50k|cap=256|t=32237
validation,twemcache_cluster26_sample100_50k|cap=256|t=32251
validation,twemcache_cluster26_sample100_50k|cap=256|t=32493
validation,twemcache_cluster26_sample100_50k|cap=256|t=32535
validation,twemcache_cluster26_sample100_50k|cap=256|t=32580
validation,twemcache_cluster26_sample100_50k|cap=256|t=32603
validation,twemcache_cluster26_sample100_50k|cap=256|t=32606
validation,twemcache_cluster26_sample100_50k|cap=256|t=32690
validation,twemcache_cluster26_sample100_50k|cap=256|t=32718
validation,twemcache_cluster26_sample100_50k|cap=256|t=32946
validation,twemcache_cluster26_sample100_50k|cap=256|t=33059
validation,twemcache_cluster26_sample100_50k|cap=256|t=33115
validation,twemcache_cluster26_sample100_50k|cap=256|t=33117
validation,twemcache_cluster26_sample100_50k|cap=256|t=33253
validation,twemcache_cluster26_sample100_50k|cap=256|t=33389
validation,twemcache_cluster26_sample100_50k|cap=256|t=33399
validation,twemcache_cluster26_sample100_50k|cap=256|t=33420
validation,twemcache_cluster26_sample100_50k|cap=256|t=33430
validation,twemcache_cluster26_sample100_50k|cap=256|t=33459
validation,twemcache_cluster26_sample100_50k|cap=256|t=33484
validation,twemcache_cluster26_sample100_50k|cap=256|t=33606
validation,twemcache_cluster26_sample100_50k|cap=256|t=33708
validation,twemcache_cluster26_sample100_50k|cap=256|t=33710
validation,twemcache_cluster26_sample100_50k|cap=256|t=33712
validation,twemcache_cluster26_sample100_50k|cap=256|t=33756
validation,twemcache_cluster26_sample100_50k|cap=256|t=33848
validation,twemcache_cluster26_sample100_50k|cap=256|t=33886
validation,twemcache_cluster26_sample100_50k|cap=256|t=33898
validation,twemcache_cluster26_sample100_50k|cap=256|t=33949
validation,twemcache_cluster26_sample100_50k|cap=256|t=34145
validation,twemcache_cluster26_sample100_50k|cap=256|t=34204
validation,twemcache_cluster26_sample100_50k|cap=256|t=34226
validation,twemcache_cluster26_sample100_50k|cap=256|t=34287
validation,twemcache_cluster26_sample100_50k|cap=256|t=34381
validation,twemcache_cluster26_sample100_50k|cap=256|t=34443
validation,twemcache_cluster26_sample100_50k|cap=256|t=34488
validation,twemcache_cluster26_sample100_50k|cap=256|t=34671
validation,twemcache_cluster26_sample100_50k|cap=256|t=34729
validation,twemcache_cluster26_sample100_50k|cap=256|t=34823
validation,twemcache_cluster26_sample100_50k|cap=256|t=34906
validation,twemcache_cluster26_sample100_50k|cap=256|t=35154
validation,twemcache_cluster26_sample100_50k|cap=256|t=35289
validation,twemcache_cluster26_sample100_50k|cap=256|t=35337
validation,twemcache_cluster26_sample100_50k|cap=256|t=35501
validation,twemcache_cluster26_sample100_50k|cap=256|t=35539
validation,twemcache_cluster26_sample100_50k|cap=256|t=35614
validation,twemcache_cluster26_sample100_50k|cap=256|t=35852
validation,twemcache_cluster26_sample100_50k|cap=256|t=35913
validation,twemcache_cluster26_sample100_50k|cap=256|t=35986
validation,twemcache_cluster26_sample100_50k|cap=256|t=36252
validation,twemcache_cluster26_sample100_50k|cap=256|t=36475
validation,twemcache_cluster26_sample100_50k|cap=256|t=36506
validation,twemcache_cluster26_sample100_50k|cap=256|t=36532
validation,twemcache_cluster26_sample100_50k|cap=256|t=36538
validation,twemcache_cluster26_sample100_50k|cap=256|t=36608
validation,twemcache_cluster26_sample100_50k|cap=256|t=36689
validation,twemcache_cluster26_sample100_50k|cap=256|t=36745
validation,twemcache_cluster26_sample100_50k|cap=256|t=36813
validation,twemcache_cluster26_sample100_50k|cap=256|t=37145
validation,twemcache_cluster26_sample100_50k|cap=256|t=37151
validation,twemcache_cluster26_sample100_50k|cap=256|t=37177
validation,twemcache_cluster26_sample100_50k|cap=256|t=37371
validation,twemcache_cluster26_sample100_50k|cap=256|t=37468
validation,twemcache_cluster26_sample100_50k|cap=256|t=37489
validation,twemcache_cluster26_sample100_50k|cap=256|t=37540
validation,twemcache_cluster26_sample100_50k|cap=256|t=37587
validation,twemcache_cluster26_sample100_50k|cap=256|t=37618
validation,twemcache_cluster26_sample100_50k|cap=256|t=37641
validation,twemcache_cluster26_sample100_50k|cap=256|t=37713
validation,twemcache_cluster26_sample100_50k|cap=256|t=37726
validation,twemcache_cluster26_sample100_50k|cap=256|t=37847
validation,twemcache_cluster26_sample100_50k|cap=256|t=37909
validation,twemcache_cluster26_sample100_50k|cap=256|t=38055
validation,twemcache_cluster26_sample100_50k|cap=256|t=38178
validation,twemcache_cluster26_sample100_50k|cap=256|t=38289
validation,twemcache_cluster26_sample100_50k|cap=256|t=38432
validation,twemcache_cluster26_sample100_50k|cap=256|t=38598
validation,twemcache_cluster26_sample100_50k|cap=256|t=38686
validation,twemcache_cluster26_sample100_50k|cap=256|t=38758
validation,twemcache_cluster26_sample100_50k|cap=256|t=38780
validation,twemcache_cluster26_sample100_50k|cap=256|t=38910
validation,twemcache_cluster26_sample100_50k|cap=256|t=39189
validation,twemcache_cluster26_sample100_50k|cap=256|t=39268
validation,twemcache_cluster26_sample100_50k|cap=256|t=39481
validation,twemcache_cluster26_sample100_50k|cap=256|t=39615
validation,twemcache_cluster26_sample100_50k|cap=256|t=39753
validation,twemcache_cluster26_sample100_50k|cap=256|t=39883
validation,twemcache_cluster26_sample100_50k|cap=32|t=30591
validation,twemcache_cluster26_sample100_50k|cap=32|t=30782
validation,twemcache_cluster26_sample100_50k|cap=32|t=30803
validation,twemcache_cluster26_sample100_50k|cap=32|t=30845
validation,twemcache_cluster26_sample100_50k|cap=32|t=30877
validation,twemcache_cluster26_sample100_50k|cap=32|t=30930
validation,twemcache_cluster26_sample100_50k|cap=32|t=31158
validation,twemcache_cluster26_sample100_50k|cap=32|t=31287
validation,twemcache_cluster26_sample100_50k|cap=32|t=31763
validation,twemcache_cluster26_sample100_50k|cap=32|t=32132
validation,twemcache_cluster26_sample100_50k|cap=32|t=32260
validation,twemcache_cluster26_sample100_50k|cap=32|t=32283
validation,twemcache_cluster26_sample100_50k|cap=32|t=32485
validation,twemcache_cluster26_sample100_50k|cap=32|t=32549
validation,twemcache_cluster26_sample100_50k|cap=32|t=32574
validation,twemcache_cluster26_sample100_50k|cap=32|t=32671
validation,twemcache_cluster26_sample100_50k|cap=32|t=32753
validation,twemcache_cluster26_sample100_50k|cap=32|t=32766
validation,twemcache_cluster26_sample100_50k|cap=32|t=32917
validation,twemcache_cluster26_sample100_50k|cap=32|t=32993
validation,twemcache_cluster26_sample100_50k|cap=32|t=33032
validation,twemcache_cluster26_sample100_50k|cap=32|t=33040
validation,twemcache_cluster26_sample100_50k|cap=32|t=33087
validation,twemcache_cluster26_sample100_50k|cap=32|t=33096
validation,twemcache_cluster26_sample100_50k|cap=32|t=33405
validation,twemcache_cluster26_sample100_50k|cap=32|t=33454
validation,twemcache_cluster26_sample100_50k|cap=32|t=33495
validation,twemcache_cluster26_sample100_50k|cap=32|t=33531
validation,twemcache_cluster26_sample100_50k|cap=32|t=33654
validation,twemcache_cluster26_sample100_50k|cap=32|t=33656
validation,twemcache_cluster26_sample100_50k|cap=32|t=33711
validation,twemcache_cluster26_sample100_50k|cap=32|t=33712
validation,twemcache_cluster26_sample100_50k|cap=32|t=33767
validation,twemcache_cluster26_sample100_50k|cap=32|t=33781
validation,twemcache_cluster26_sample100_50k|cap=32|t=34049
validation,twemcache_cluster26_sample100_50k|cap=32|t=34174
validation,twemcache_cluster26_sample100_50k|cap=32|t=34187
validation,twemcache_cluster26_sample100_50k|cap=32|t=34247
validation,twemcache_cluster26_sample100_50k|cap=32|t=34253
validation,twemcache_cluster26_sample100_50k|cap=32|t=34792
validation,twemcache_cluster26_sample100_50k|cap=32|t=35118
validation,twemcache_cluster26_sample100_50k|cap=32|t=35245
validation,twemcache_cluster26_sample100_50k|cap=32|t=35278
validation,twemcache_cluster26_sample100_50k|cap=32|t=35288
validation,twemcache_cluster26_sample100_50k|cap=32|t=35417
validation,twemcache_cluster26_sample100_50k|cap=32|t=35431
validation,twemcache_cluster26_sample100_50k|cap=32|t=35455
validation,twemcache_cluster26_sample100_50k|cap=32|t=35604
validation,twemcache_cluster26_sample100_50k|cap=32|t=35702
validation,twemcache_cluster26_sample100_50k|cap=32|t=35777
validation,twemcache_cluster26_sample100_50k|cap=32|t=35901
validation,twemcache_cluster26_sample100_50k|cap=32|t=35971
validation,twemcache_cluster26_sample100_50k|cap=32|t=36209
validation,twemcache_cluster26_sample100_50k|cap=32|t=36350
validation,twemcache_cluster26_sample100_50k|cap=32|t=36448
validation,twemcache_cluster26_sample100_50k|cap=32|t=36594
validation,twemcache_cluster26_sample100_50k|cap=32|t=36954
validation,twemcache_cluster26_sample100_50k|cap=32|t=37033
validation,twemcache_cluster26_sample100_50k|cap=32|t=37041
validation,twemcache_cluster26_sample100_50k|cap=32|t=37096
validation,twemcache_cluster26_sample100_50k|cap=32|t=37189
validation,twemcache_cluster26_sample100_50k|cap=32|t=37247
validation,twemcache_cluster26_sample100_50k|cap=32|t=37307
validation,twemcache_cluster26_sample100_50k|cap=32|t=37337
validation,twemcache_cluster26_sample100_50k|cap=32|t=37461
validation,twemcache_cluster26_sample100_50k|cap=32|t=37542
validation,twemcache_cluster26_sample100_50k|cap=32|t=37687
validation,twemcache_cluster26_sample100_50k|cap=32|t=37706
validation,twemcache_cluster26_sample100_50k|cap=32|t=37747
validation,twemcache_cluster26_sample100_50k|cap=32|t=37811
validation,twemcache_cluster26_sample100_50k|cap=32|t=37847
validation,twemcache_cluster26_sample100_50k|cap=32|t=37909
validation,twemcache_cluster26_sample100_50k|cap=32|t=37997
validation,twemcache_cluster26_sample100_50k|cap=32|t=38071
validation,twemcache_cluster26_sample100_50k|cap=32|t=38092
validation,twemcache_cluster26_sample100_50k|cap=32|t=38374
validation,twemcache_cluster26_sample100_50k|cap=32|t=38403
validation,twemcache_cluster26_sample100_50k|cap=32|t=38407
validation,twemcache_cluster26_sample100_50k|cap=32|t=38615
validation,twemcache_cluster26_sample100_50k|cap=32|t=38632
validation,twemcache_cluster26_sample100_50k|cap=32|t=38678
validation,twemcache_cluster26_sample100_50k|cap=32|t=38720
validation,twemcache_cluster26_sample100_50k|cap=32|t=38801
validation,twemcache_cluster26_sample100_50k|cap=32|t=38820
validation,twemcache_cluster26_sample100_50k|cap=32|t=38918
validation,twemcache_cluster26_sample100_50k|cap=32|t=39125
validation,twemcache_cluster26_sample100_50k|cap=32|t=39390
validation,twemcache_cluster26_sample100_50k|cap=32|t=39401
validation,twemcache_cluster26_sample100_50k|cap=32|t=39403
validation,twemcache_cluster26_sample100_50k|cap=32|t=39422
validation,twemcache_cluster26_sample100_50k|cap=32|t=39423
validation,twemcache_cluster26_sample100_50k|cap=32|t=39448
validation,twemcache_cluster26_sample100_50k|cap=32|t=39489
validation,twemcache_cluster26_sample100_50k|cap=32|t=39532
validation,twemcache_cluster26_sample100_50k|cap=32|t=39538
validation,twemcache_cluster26_sample100_50k|cap=32|t=39661
validation,twemcache_cluster26_sample100_50k|cap=32|t=39928
validation,twemcache_cluster26_sample100_50k|cap=32|t=39952
validation,twemcache_cluster26_sample100_50k|cap=32|t=39963
validation,twemcache_cluster26_sample100_50k|cap=32|t=39975
validation,twemcache_cluster26_sample100_50k|cap=64|t=30583
validation,twemcache_cluster26_sample100_50k|cap=64|t=30675
validation,twemcache_cluster26_sample100_50k|cap=64|t=30882
validation,twemcache_cluster26_sample100_50k|cap=64|t=30980
validation,twemcache_cluster26_sample100_50k|cap=64|t=31033
validation,twemcache_cluster26_sample100_50k|cap=64|t=31098
validation,twemcache_cluster26_sample100_50k|cap=64|t=31549
validation,twemcache_cluster26_sample100_50k|cap=64|t=31634
validation,twemcache_cluster26_sample100_50k|cap=64|t=31671
validation,twemcache_cluster26_sample100_50k|cap=64|t=31681
validation,twemcache_cluster26_sample100_50k|cap=64|t=31751
validation,twemcache_cluster26_sample100_50k|cap=64|t=31895
validation,twemcache_cluster26_sample100_50k|cap=64|t=31922
validation,twemcache_cluster26_sample100_50k|cap=64|t=31979
validation,twemcache_cluster26_sample100_50k|cap=64|t=31994
validation,twemcache_cluster26_sample100_50k|cap=64|t=32225
validation,twemcache_cluster26_sample100_50k|cap=64|t=32269
validation,twemcache_cluster26_sample100_50k|cap=64|t=32285
validation,twemcache_cluster26_sample100_50k|cap=64|t=32298
validation,twemcache_cluster26_sample100_50k|cap=64|t=32306
validation,twemcache_cluster26_sample100_50k|cap=64|t=32361
validation,twemcache_cluster26_sample100_50k|cap=64|t=32506
validation,twemcache_cluster26_sample100_50k|cap=64|t=32568
validation,twemcache_cluster26_sample100_50k|cap=64|t=32721
validation,twemcache_cluster26_sample100_50k|cap=64|t=32748
validation,twemcache_cluster26_sample100_50k|cap=64|t=32886
validation,twemcache_cluster26_sample100_50k|cap=64|t=32919
validation,twemcache_cluster26_sample100_50k|cap=64|t=33073
validation,twemcache_cluster26_sample100_50k|cap=64|t=33077
validation,twemcache_cluster26_sample100_50k|cap=64|t=33348
validation,twemcache_cluster26_sample100_50k|cap=64|t=33394
validation,twemcache_cluster26_sample100_50k|cap=64|t=33433
validation,twemcache_cluster26_sample100_50k|cap=64|t=33446
validation,twemcache_cluster26_sample100_50k|cap=64|t=33464
validation,twemcache_cluster26_sample100_50k|cap=64|t=33496
validation,twemcache_cluster26_sample100_50k|cap=64|t=33912
validation,twemcache_cluster26_sample100_50k|cap=64|t=33987
validation,twemcache_cluster26_sample100_50k|cap=64|t=33990
validation,twemcache_cluster26_sample100_50k|cap=64|t=34185
validation,twemcache_cluster26_sample100_50k|cap=64|t=34325
validation,twemcache_cluster26_sample100_50k|cap=64|t=34448
validation,twemcache_cluster26_sample100_50k|cap=64|t=34831
validation,twemcache_cluster26_sample100_50k|cap=64|t=34847
validation,twemcache_cluster26_sample100_50k|cap=64|t=34858
validation,twemcache_cluster26_sample100_50k|cap=64|t=34877
validation,twemcache_cluster26_sample100_50k|cap=64|t=34970
validation,twemcache_cluster26_sample100_50k|cap=64|t=35232
validation,twemcache_cluster26_sample100_50k|cap=64|t=35319
validation,twemcache_cluster26_sample100_50k|cap=64|t=35342
validation,twemcache_cluster26_sample100_50k|cap=64|t=35471
validation,twemcache_cluster26_sample100_50k|cap=64|t=35757
validation,twemcache_cluster26_sample100_50k|cap=64|t=35870
validation,twemcache_cluster26_sample100_50k|cap=64|t=36028
validation,twemcache_cluster26_sample100_50k|cap=64|t=36101
validation,twemcache_cluster26_sample100_50k|cap=64|t=36124
validation,twemcache_cluster26_sample100_50k|cap=64|t=36144
validation,twemcache_cluster26_sample100_50k|cap=64|t=36247
validation,twemcache_cluster26_sample100_50k|cap=64|t=36273
validation,twemcache_cluster26_sample100_50k|cap=64|t=36307
validation,twemcache_cluster26_sample100_50k|cap=64|t=36329
validation,twemcache_cluster26_sample100_50k|cap=64|t=36507
validation,twemcache_cluster26_sample100_50k|cap=64|t=36521
validation,twemcache_cluster26_sample100_50k|cap=64|t=36596
validation,twemcache_cluster26_sample100_50k|cap=64|t=36668
validation,twemcache_cluster26_sample100_50k|cap=64|t=36762
validation,twemcache_cluster26_sample100_50k|cap=64|t=36874
validation,twemcache_cluster26_sample100_50k|cap=64|t=36900
validation,twemcache_cluster26_sample100_50k|cap=64|t=37015
validation,twemcache_cluster26_sample100_50k|cap=64|t=37074
validation,twemcache_cluster26_sample100_50k|cap=64|t=37181
validation,twemcache_cluster26_sample100_50k|cap=64|t=37257
validation,twemcache_cluster26_sample100_50k|cap=64|t=37267
validation,twemcache_cluster26_sample100_50k|cap=64|t=37605
validation,twemcache_cluster26_sample100_50k|cap=64|t=37664
validation,twemcache_cluster26_sample100_50k|cap=64|t=37692
validation,twemcache_cluster26_sample100_50k|cap=64|t=37949
validation,twemcache_cluster26_sample100_50k|cap=64|t=37950
validation,twemcache_cluster26_sample100_50k|cap=64|t=37967
validation,twemcache_cluster26_sample100_50k|cap=64|t=38071
validation,twemcache_cluster26_sample100_50k|cap=64|t=38171
validation,twemcache_cluster26_sample100_50k|cap=64|t=38404
validation,twemcache_cluster26_sample100_50k|cap=64|t=38450
validation,twemcache_cluster26_sample100_50k|cap=64|t=38463
validation,twemcache_cluster26_sample100_50k|cap=64|t=38474
validation,twemcache_cluster26_sample100_50k|cap=64|t=38563
validation,twemcache_cluster26_sample100_50k|cap=64|t=38602
validation,twemcache_cluster26_sample100_50k|cap=64|t=38617
validation,twemcache_cluster26_sample100_50k|cap=64|t=38860
validation,twemcache_cluster26_sample100_50k|cap=64|t=38968
validation,twemcache_cluster26_sample100_50k|cap=64|t=39006
validation,twemcache_cluster26_sample100_50k|cap=64|t=39087
validation,twemcache_cluster26_sample100_50k|cap=64|t=39155
validation,twemcache_cluster26_sample100_50k|cap=64|t=39190
validation,twemcache_cluster26_sample100_50k|cap=64|t=39208
validation,twemcache_cluster26_sample100_50k|cap=64|t=39421
validation,twemcache_cluster26_sample100_50k|cap=64|t=39453
validation,twemcache_cluster26_sample100_50k|cap=64|t=39520
validation,twemcache_cluster26_sample100_50k|cap=64|t=39628
validation,twemcache_cluster26_sample100_50k|cap=64|t=39655
validation,twemcache_cluster26_sample100_50k|cap=64|t=39746
validation,wiki2018_pageviews_en_50k|cap=128|t=30628
validation,wiki2018_pageviews_en_50k|cap=128|t=30719
validation,wiki2018_pageviews_en_50k|cap=128|t=31103
validation,wiki2018_pageviews_en_50k|cap=128|t=31171
validation,wiki2018_pageviews_en_50k|cap=128|t=31199
validation,wiki2018_pageviews_en_50k|cap=128|t=31231
validation,wiki2018_pageviews_en_50k|cap=128|t=31413
validation,wiki2018_pageviews_en_50k|cap=128|t=31449
validation,wiki2018_pageviews_en_50k|cap=128|t=31462
validation,wiki2018_pageviews_en_50k|cap=128|t=31463
validation,wiki2018_pageviews_en_50k|cap=128|t=31475
validation,wiki2018_pageviews_en_50k|cap=128|t=31684
validation,wiki2018_pageviews_en_50k|cap=128|t=31856
validation,wiki2018_pageviews_en_50k|cap=128|t=32021
validation,wiki2018_pageviews_en_50k|cap=128|t=32391
validation,wiki2018_pageviews_en_50k|cap=128|t=32393
validation,wiki2018_pageviews_en_50k|cap=128|t=32439
validation,wiki2018_pageviews_en_50k|cap=128|t=32450
validation,wiki2018_pageviews_en_50k|cap=128|t=32489
validation,wiki2018_pageviews_en_50k|cap=128|t=32494
validation,wiki2018_pageviews_en_50k|cap=128|t=32558
validation,wiki2018_pageviews_en_50k|cap=128|t=33008
validation,wiki2018_pageviews_en_50k|cap=128|t=33040
validation,wiki2018_pageviews_en_50k|cap=128|t=33120
validation,wiki2018_pageviews_en_50k|cap=128|t=33148
validation,wiki2018_pageviews_en_50k|cap=128|t=33152
validation,wiki2018_pageviews_en_50k|cap=128|t=33248
validation,wiki2018_pageviews_en_50k|cap=128|t=33302
validation,wiki2018_pageviews_en_50k|cap=128|t=33338
validation,wiki2018_pageviews_en_50k|cap=128|t=33389
validation,wiki2018_pageviews_en_50k|cap=128|t=33401
validation,wiki2018_pageviews_en_50k|cap=128|t=33447
validation,wiki2018_pageviews_en_50k|cap=128|t=33462
validation,wiki2018_pageviews_en_50k|cap=128|t=33645
validation,wiki2018_pageviews_en_50k|cap=128|t=33900
validation,wiki2018_pageviews_en_50k|cap=128|t=34202
validation,wiki2018_pageviews_en_50k|cap=128|t=34363
validation,wiki2018_pageviews_en_50k|cap=128|t=34408
validation,wiki2018_pageviews_en_50k|cap=128|t=34430
validation,wiki2018_pageviews_en_50k|cap=128|t=34652
validation,wiki2018_pageviews_en_50k|cap=128|t=34658
validation,wiki2018_pageviews_en_50k|cap=128|t=34903
validation,wiki2018_pageviews_en_50k|cap=128|t=35001
validation,wiki2018_pageviews_en_50k|cap=128|t=35017
validation,wiki2018_pageviews_en_50k|cap=128|t=35035
validation,wiki2018_pageviews_en_50k|cap=128|t=35096
validation,wiki2018_pageviews_en_50k|cap=128|t=35116
validation,wiki2018_pageviews_en_50k|cap=128|t=35284
validation,wiki2018_pageviews_en_50k|cap=128|t=35287
validation,wiki2018_pageviews_en_50k|cap=128|t=35526
validation,wiki2018_pageviews_en_50k|cap=128|t=35536
validation,wiki2018_pageviews_en_50k|cap=128|t=35548
validation,wiki2018_pageviews_en_50k|cap=128|t=35582
validation,wiki2018_pageviews_en_50k|cap=128|t=35625
validation,wiki2018_pageviews_en_50k|cap=128|t=35635
validation,wiki2018_pageviews_en_50k|cap=128|t=35809
validation,wiki2018_pageviews_en_50k|cap=128|t=35813
validation,wiki2018_pageviews_en_50k|cap=128|t=35868
validation,wiki2018_pageviews_en_50k|cap=128|t=35892
validation,wiki2018_pageviews_en_50k|cap=128|t=35957
validation,wiki2018_pageviews_en_50k|cap=128|t=36043
validation,wiki2018_pageviews_en_50k|cap=128|t=36124
validation,wiki2018_pageviews_en_50k|cap=128|t=36273
validation,wiki2018_pageviews_en_50k|cap=128|t=36275
validation,wiki2018_pageviews_en_50k|cap=128|t=36317
validation,wiki2018_pageviews_en_50k|cap=128|t=36575
validation,wiki2018_pageviews_en_50k|cap=128|t=36876
validation,wiki2018_pageviews_en_50k|cap=128|t=37064
validation,wiki2018_pageviews_en_50k|cap=128|t=37099
validation,wiki2018_pageviews_en_50k|cap=128|t=37125
validation,wiki2018_pageviews_en_50k|cap=128|t=37128
validation,wiki2018_pageviews_en_50k|cap=128|t=37175
validation,wiki2018_pageviews_en_50k|cap=128|t=37358
validation,wiki2018_pageviews_en_50k|cap=128|t=37507
validation,wiki2018_pageviews_en_50k|cap=128|t=37536
validation,wiki2018_pageviews_en_50k|cap=128|t=37546
validation,wiki2018_pageviews_en_50k|cap=128|t=37590
validation,wiki2018_pageviews_en_50k|cap=128|t=37738
validation,wiki2018_pageviews_en_50k|cap=128|t=37880
validation,wiki2018_pageviews_en_50k|cap=128|t=38078
validation,wiki2018_pageviews_en_50k|cap=128|t=38168
validation,wiki2018_pageviews_en_50k|cap=128|t=38237
validation,wiki2018_pageviews_en_50k|cap=128|t=38321
validation,wiki2018_pageviews_en_50k|cap=128|t=38434
validation,wiki2018_pageviews_en_50k|cap=128|t=38448
validation,wiki2018_pageviews_en_50k|cap=128|t=38543
validation,wiki2018_pageviews_en_50k|cap=128|t=38584
validation,wiki2018_pageviews_en_50k|cap=128|t=38612
validation,wiki2018_pageviews_en_50k|cap=128|t=38672
validation,wiki2018_pageviews_en_50k|cap=128|t=38814
validation,wiki2018_pageviews_en_50k|cap=128|t=38822
validation,wiki2018_pageviews_en_50k|cap=128|t=38887
validation,wiki2018_pageviews_en_50k|cap=128|t=39112
validation,wiki2018_pageviews_en_50k|cap=128|t=39488
validation,wiki2018_pageviews_en_50k|cap=128|t=39528
validation,wiki2018_pageviews_en_50k|cap=128|t=39590
validation,wiki2018_pageviews_en_50k|cap=128|t=39742
validation,wiki2018_pageviews_en_50k|cap=128|t=39796
validation,wiki2018_pageviews_en_50k|cap=128|t=39949
validation,wiki2018_pageviews_en_50k|cap=128|t=39977
validation,wiki2018_pageviews_en_50k|cap=256|t=30707
validation,wiki2018_pageviews_en_50k|cap=256|t=30729
validation,wiki2018_pageviews_en_50k|cap=256|t=30811
validation,wiki2018_pageviews_en_50k|cap=256|t=30895
validation,wiki2018_pageviews_en_50k|cap=256|t=30899
validation,wiki2018_pageviews_en_50k|cap=256|t=30908
validation,wiki2018_pageviews_en_50k|cap=256|t=31002
validation,wiki2018_pageviews_en_50k|cap=256|t=31014
validation,wiki2018_pageviews_en_50k|cap=256|t=31141
validation,wiki2018_pageviews_en_50k|cap=256|t=31229
validation,wiki2018_pageviews_en_50k|cap=256|t=31232
validation,wiki2018_pageviews_en_50k|cap=256|t=31312
validation,wiki2018_pageviews_en_50k|cap=256|t=31330
validation,wiki2018_pageviews_en_50k|cap=256|t=31622
validation,wiki2018_pageviews_en_50k|cap=256|t=31721
validation,wiki2018_pageviews_en_50k|cap=256|t=31900
validation,wiki2018_pageviews_en_50k|cap=256|t=31951
validation,wiki2018_pageviews_en_50k|cap=256|t=32026
validation,wiki2018_pageviews_en_50k|cap=256|t=32081
validation,wiki2018_pageviews_en_50k|cap=256|t=32100
validation,wiki2018_pageviews_en_50k|cap=256|t=32178
validation,wiki2018_pageviews_en_50k|cap=256|t=32242
validation,wiki2018_pageviews_en_50k|cap=256|t=32469
validation,wiki2018_pageviews_en_50k|cap=256|t=32557
validation,wiki2018_pageviews_en_50k|cap=256|t=32669
validation,wiki2018_pageviews_en_50k|cap=256|t=32707
validation,wiki2018_pageviews_en_50k|cap=256|t=32791
validation,wiki2018_pageviews_en_50k|cap=256|t=32818
validation,wiki2018_pageviews_en_50k|cap=256|t=33180
validation,wiki2018_pageviews_en_50k|cap=256|t=33283
validation,wiki2018_pageviews_en_50k|cap=256|t=33287
validation,wiki2018_pageviews_en_50k|cap=256|t=33444
validation,wiki2018_pageviews_en_50k|cap=256|t=33492
validation,wiki2018_pageviews_en_50k|cap=256|t=33654
validation,wiki2018_pageviews_en_50k|cap=256|t=33839
validation,wiki2018_pageviews_en_50k|cap=256|t=33888
validation,wiki2018_pageviews_en_50k|cap=256|t=33967
validation,wiki2018_pageviews_en_50k|cap=256|t=33992
validation,wiki2018_pageviews_en_50k|cap=256|t=34110
validation,wiki2018_pageviews_en_50k|cap=256|t=34261
validation,wiki2018_pageviews_en_50k|cap=256|t=34276
validation,wiki2018_pageviews_en_50k|cap=256|t=34317
validation,wiki2018_pageviews_en_50k|cap=256|t=34344
validation,wiki2018_pageviews_en_50k|cap=256|t=34396
validation,wiki2018_pageviews_en_50k|cap=256|t=34473
validation,wiki2018_pageviews_en_50k|cap=256|t=34683
validation,wiki2018_pageviews_en_50k|cap=256|t=34705
validation,wiki2018_pageviews_en_50k|cap=256|t=34777
validation,wiki2018_pageviews_en_50k|cap=256|t=34808
validation,wiki2018_pageviews_en_50k|cap=256|t=34922
validation,wiki2018_pageviews_en_50k|cap=256|t=34994
validation,wiki2018_pageviews_en_50k|cap=256|t=35100
validation,wiki2018_pageviews_en_50k|cap=256|t=35167
validation,wiki2018_pageviews_en_50k|cap=256|t=35198
validation,wiki2018_pageviews_en_50k|cap=256|t=35214
validation,wiki2018_pageviews_en_50k|cap=256|t=35250
validation,wiki2018_pageviews_en_50k|cap=256|t=35287
validation,wiki2018_pageviews_en_50k|cap=256|t=35583
validation,wiki2018_pageviews_en_50k|cap=256|t=35777
validation,wiki2018_pageviews_en_50k|cap=256|t=35953
validation,wiki2018_pageviews_en_50k|cap=256|t=36161
validation,wiki2018_pageviews_en_50k|cap=256|t=36168
validation,wiki2018_pageviews_en_50k|cap=256|t=36200
validation,wiki2018_pageviews_en_50k|cap=256|t=36330
validation,wiki2018_pageviews_en_50k|cap=256|t=36348
validation,wiki2018_pageviews_en_50k|cap=256|t=36367
validation,wiki2018_pageviews_en_50k|cap=256|t=36431
validation,wiki2018_pageviews_en_50k|cap=256|t=36447
validation,wiki2018_pageviews_en_50k|cap=256|t=36496
validation,wiki2018_pageviews_en_50k|cap=256|t=36537
validation,wiki2018_pageviews_en_50k|cap=256|t=36690
validation,wiki2018_pageviews_en_50k|cap=256|t=36915
validation,wiki2018_pageviews_en_50k|cap=256|t=37079
validation,wiki2018_pageviews_en_50k|cap=256|t=37225
validation,wiki2018_pageviews_en_50k|cap=256|t=37265
validation,wiki2018_pageviews_en_50k|cap=256|t=37413
validation,wiki2018_pageviews_en_50k|cap=256|t=37469
validation,wiki2018_pageviews_en_50k|cap=256|t=37498
validation,wiki2018_pageviews_en_50k|cap=256|t=37516
validation,wiki2018_pageviews_en_50k|cap=256|t=37852
validation,wiki2018_pageviews_en_50k|cap=256|t=38273
validation,wiki2018_pageviews_en_50k|cap=256|t=38329
validation,wiki2018_pageviews_en_50k|cap=256|t=38441
validation,wiki2018_pageviews_en_50k|cap=256|t=38456
validation,wiki2018_pageviews_en_50k|cap=256|t=38494
validation,wiki2018_pageviews_en_50k|cap=256|t=38511
validation,wiki2018_pageviews_en_50k|cap=256|t=38617
validation,wiki2018_pageviews_en_50k|cap=256|t=38689
validation,wiki2018_pageviews_en_50k|cap=256|t=38740
validation,wiki2018_pageviews_en_50k|cap=256|t=38883
validation,wiki2018_pageviews_en_50k|cap=256|t=38933
validation,wiki2018_pageviews_en_50k|cap=256|t=38954
validation,wiki2018_pageviews_en_50k|cap=256|t=39026
validation,wiki2018_pageviews_en_50k|cap=256|t=39078
validation,wiki2018_pageviews_en_50k|cap=256|t=39245
validation,wiki2018_pageviews_en_50k|cap=256|t=39544
validation,wiki2018_pageviews_en_50k|cap=256|t=39625
validation,wiki2018_pageviews_en_50k|cap=256|t=39711
validation,wiki2018_pageviews_en_50k|cap=256|t=39722
validation,wiki2018_pageviews_en_50k|cap=256|t=39745
validation,wiki2018_pageviews_en_50k|cap=32|t=30565
validation,wiki2018_pageviews_en_50k|cap=32|t=30569
validation,wiki2018_pageviews_en_50k|cap=32|t=30736
validation,wiki2018_pageviews_en_50k|cap=32|t=30739
validation,wiki2018_pageviews_en_50k|cap=32|t=30917
validation,wiki2018_pageviews_en_50k|cap=32|t=31321
validation,wiki2018_pageviews_en_50k|cap=32|t=31352
validation,wiki2018_pageviews_en_50k|cap=32|t=31697
validation,wiki2018_pageviews_en_50k|cap=32|t=31772
validation,wiki2018_pageviews_en_50k|cap=32|t=31818
validation,wiki2018_pageviews_en_50k|cap=32|t=31865
validation,wiki2018_pageviews_en_50k|cap=32|t=31891
validation,wiki2018_pageviews_en_50k|cap=32|t=32016
validation,wiki2018_pageviews_en_50k|cap=32|t=32122
validation,wiki2018_pageviews_en_50k|cap=32|t=32132
validation,wiki2018_pageviews_en_50k|cap=32|t=32197
validation,wiki2018_pageviews_en_50k|cap=32|t=32270
validation,wiki2018_pageviews_en_50k|cap=32|t=32306
validation,wiki2018_pageviews_en_50k|cap=32|t=32449
validation,wiki2018_pageviews_en_50k|cap=32|t=32511
validation,wiki2018_pageviews_en_50k|cap=32|t=32563
validation,wiki2018_pageviews_en_50k|cap=32|t=32600
validation,wiki2018_pageviews_en_50k|cap=32|t=32671
validation,wiki2018_pageviews_en_50k|cap=32|t=32729
validation,wiki2018_pageviews_en_50k|cap=32|t=32898
validation,wiki2018_pageviews_en_50k|cap=32|t=32912
validation,wiki2018_pageviews_en_50k|cap=32|t=33018
validation,wiki2018_pageviews_en_50k|cap=32|t=33081
validation,wiki2018_pageviews_en_50k|cap=32|t=33188
validation,wiki2018_pageviews_en_50k|cap=32|t=33322
validation,wiki2018_pageviews_en_50k|cap=32|t=33353
validation,wiki2018_pageviews_en_50k|cap=32|t=33562
validation,wiki2018_pageviews_en_50k|cap=32|t=33617
validation,wiki2018_pageviews_en_50k|cap=32|t=33770
validation,wiki2018_pageviews_en_50k|cap=32|t=33842
validation,wiki2018_pageviews_en_50k|cap=32|t=33855
validation,wiki2018_pageviews_en_50k|cap=32|t=33922
validation,wiki2018_pageviews_en_50k|cap=32|t=34038
validation,wiki2018_pageviews_en_50k|cap=32|t=34182
validation,wiki2018_pageviews_en_50k|cap=32|t=34306
validation,wiki2018_pageviews_en_50k|cap=32|t=34404
validation,wiki2018_pageviews_en_50k|cap=32|t=34648
validation,wiki2018_pageviews_en_50k|cap=32|t=34858
validation,wiki2018_pageviews_en_50k|cap=32|t=34949
validation,wiki2018_pageviews_en_50k|cap=32|t=35014
validation,wiki2018_pageviews_en_50k|cap=32|t=35034
validation,wiki2018_pageviews_en_50k|cap=32|t=35037
validation,wiki2018_pageviews_en_50k|cap=32|t=35417
validation,wiki2018_pageviews_en_50k|cap=32|t=35495
validation,wiki2018_pageviews_en_50k|cap=32|t=35588
validation,wiki2018_pageviews_en_50k|cap=32|t=35667
validation,wiki2018_pageviews_en_50k|cap=32|t=35695
validation,wiki2018_pageviews_en_50k|cap=32|t=35995
validation,wiki2018_pageviews_en_50k|cap=32|t=36253
validation,wiki2018_pageviews_en_50k|cap=32|t=36270
validation,wiki2018_pageviews_en_50k|cap=32|t=36333
validation,wiki2018_pageviews_en_50k|cap=32|t=36362
validation,wiki2018_pageviews_en_50k|cap=32|t=36416
validation,wiki2018_pageviews_en_50k|cap=32|t=36509
validation,wiki2018_pageviews_en_50k|cap=32|t=36746
validation,wiki2018_pageviews_en_50k|cap=32|t=36765
validation,wiki2018_pageviews_en_50k|cap=32|t=36797
validation,wiki2018_pageviews_en_50k|cap=32|t=36868
validation,wiki2018_pageviews_en_50k|cap=32|t=37005
validation,wiki2018_pageviews_en_50k|cap=32|t=37056
validation,wiki2018_pageviews_en_50k|cap=32|t=37101
validation,wiki2018_pageviews_en_50k|cap=32|t=37134
validation,wiki2018_pageviews_en_50k|cap=32|t=37204
validation,wiki2018_pageviews_en_50k|cap=32|t=37338
validation,wiki2018_pageviews_en_50k|cap=32|t=37364
validation,wiki2018_pageviews_en_50k|cap=32|t=37389
validation,wiki2018_pageviews_en_50k|cap=32|t=37393
validation,wiki2018_pageviews_en_50k|cap=32|t=37528
validation,wiki2018_pageviews_en_50k|cap=32|t=37592
validation,wiki2018_pageviews_en_50k|cap=32|t=37622
validation,wiki2018_pageviews_en_50k|cap=32|t=37806
validation,wiki2018_pageviews_en_50k|cap=32|t=37836
validation,wiki2018_pageviews_en_50k|cap=32|t=37901
validation,wiki2018_pageviews_en_50k|cap=32|t=37955
validation,wiki2018_pageviews_en_50k|cap=32|t=38032
validation,wiki2018_pageviews_en_50k|cap=32|t=38082
validation,wiki2018_pageviews_en_50k|cap=32|t=38235
validation,wiki2018_pageviews_en_50k|cap=32|t=38262
validation,wiki2018_pageviews_en_50k|cap=32|t=38289
validation,wiki2018_pageviews_en_50k|cap=32|t=38536
validation,wiki2018_pageviews_en_50k|cap=32|t=38554
validation,wiki2018_pageviews_en_50k|cap=32|t=38630
validation,wiki2018_pageviews_en_50k|cap=32|t=38759
validation,wiki2018_pageviews_en_50k|cap=32|t=38791
validation,wiki2018_pageviews_en_50k|cap=32|t=38847
validation,wiki2018_pageviews_en_50k|cap=32|t=38859
validation,wiki2018_pageviews_en_50k|cap=32|t=38927
validation,wiki2018_pageviews_en_50k|cap=32|t=39433
validation,wiki2018_pageviews_en_50k|cap=32|t=39511
validation,wiki2018_pageviews_en_50k|cap=32|t=39585
validation,wiki2018_pageviews_en_50k|cap=32|t=39654
validation,wiki2018_pageviews_en_50k|cap=32|t=39669
validation,wiki2018_pageviews_en_50k|cap=32|t=39679
validation,wiki2018_pageviews_en_50k|cap=32|t=39694
validation,wiki2018_pageviews_en_50k|cap=32|t=39787
validation,wiki2018_pageviews_en_50k|cap=64|t=30554
validation,wiki2018_pageviews_en_50k|cap=64|t=30605
validation,wiki2018_pageviews_en_50k|cap=64|t=30656
validation,wiki2018_pageviews_en_50k|cap=64|t=30807
validation,wiki2018_pageviews_en_50k|cap=64|t=30936
validation,wiki2018_pageviews_en_50k|cap=64|t=30991
validation,wiki2018_pageviews_en_50k|cap=64|t=31043
validation,wiki2018_pageviews_en_50k|cap=64|t=31078
validation,wiki2018_pageviews_en_50k|cap=64|t=31126
validation,wiki2018_pageviews_en_50k|cap=64|t=31196
validation,wiki2018_pageviews_en_50k|cap=64|t=31197
validation,wiki2018_pageviews_en_50k|cap=64|t=31244
validation,wiki2018_pageviews_en_50k|cap=64|t=31356
validation,wiki2018_pageviews_en_50k|cap=64|t=31451
validation,wiki2018_pageviews_en_50k|cap=64|t=31470
validation,wiki2018_pageviews_en_50k|cap=64|t=31697
validation,wiki2018_pageviews_en_50k|cap=64|t=31721
validation,wiki2018_pageviews_en_50k|cap=64|t=31741
validation,wiki2018_pageviews_en_50k|cap=64|t=31800
validation,wiki2018_pageviews_en_50k|cap=64|t=32152
validation,wiki2018_pageviews_en_50k|cap=64|t=32178
validation,wiki2018_pageviews_en_50k|cap=64|t=32192
validation,wiki2018_pageviews_en_50k|cap=64|t=32205
validation,wiki2018_pageviews_en_50k|cap=64|t=32473
validation,wiki2018_pageviews_en_50k|cap=64|t=32512
validation,wiki2018_pageviews_en_50k|cap=64|t=32579
validation,wiki2018_pageviews_en_50k|cap=64|t=32746
validation,wiki2018_pageviews_en_50k|cap=64|t=32870
validation,wiki2018_pageviews_en_50k|cap=64|t=32913
validation,wiki2018_pageviews_en_50k|cap=64|t=32974
validation,wiki2018_pageviews_en_50k|cap=64|t=33050
validation,wiki2018_pageviews_en_50k|cap=64|t=33118
validation,wiki2018_pageviews_en_50k|cap=64|t=33272
validation,wiki2018_pageviews_en_50k|cap=64|t=33293
validation,wiki2018_pageviews_en_50k|cap=64|t=33430
validation,wiki2018_pageviews_en_50k|cap=64|t=33884
validation,wiki2018_pageviews_en_50k|cap=64|t=33900
validation,wiki2018_pageviews_en_50k|cap=64|t=33923
validation,wiki2018_pageviews_en_50k|cap=64|t=34066
validation,wiki2018_pageviews_en_50k|cap=64|t=34220
validation,wiki2018_pageviews_en_50k|cap=64|t=34261
validation,wiki2018_pageviews_en_50k|cap=64|t=34270
validation,wiki2018_pageviews_en_50k|cap=64|t=34436
validation,wiki2018_pageviews_en_50k|cap=64|t=34658
validation,wiki2018_pageviews_en_50k|cap=64|t=34760
validation,wiki2018_pageviews_en_50k|cap=64|t=34893
validation,wiki2018_pageviews_en_50k|cap=64|t=34968
validation,wiki2018_pageviews_en_50k|cap=64|t=34988
validation,wiki2018_pageviews_en_50k|cap=64|t=35034
validation,wiki2018_pageviews_en_50k|cap=64|t=35098
validation,wiki2018_pageviews_en_50k|cap=64|t=35266
validation,wiki2018_pageviews_en_50k|cap=64|t=35549
validation,wiki2018_pageviews_en_50k|cap=64|t=35569
validation,wiki2018_pageviews_en_50k|cap=64|t=35580
validation,wiki2018_pageviews_en_50k|cap=64|t=35741
validation,wiki2018_pageviews_en_50k|cap=64|t=35776
validation,wiki2018_pageviews_en_50k|cap=64|t=35925
validation,wiki2018_pageviews_en_50k|cap=64|t=35951
validation,wiki2018_pageviews_en_50k|cap=64|t=35994
validation,wiki2018_pageviews_en_50k|cap=64|t=35995
validation,wiki2018_pageviews_en_50k|cap=64|t=36067
validation,wiki2018_pageviews_en_50k|cap=64|t=36113
validation,wiki2018_pageviews_en_50k|cap=64|t=36131
validation,wiki2018_pageviews_en_50k|cap=64|t=36484
validation,wiki2018_pageviews_en_50k|cap=64|t=36574
validation,wiki2018_pageviews_en_50k|cap=64|t=36699
validation,wiki2018_pageviews_en_50k|cap=64|t=36915
validation,wiki2018_pageviews_en_50k|cap=64|t=36977
validation,wiki2018_pageviews_en_50k|cap=64|t=36998
validation,wiki2018_pageviews_en_50k|cap=64|t=37115
validation,wiki2018_pageviews_en_50k|cap=64|t=37260
validation,wiki2018_pageviews_en_50k|cap=64|t=37276
validation,wiki2018_pageviews_en_50k|cap=64|t=37456
validation,wiki2018_pageviews_en_50k|cap=64|t=37531
validation,wiki2018_pageviews_en_50k|cap=64|t=37532
validation,wiki2018_pageviews_en_50k|cap=64|t=37706
validation,wiki2018_pageviews_en_50k|cap=64|t=37734
validation,wiki2018_pageviews_en_50k|cap=64|t=37740
validation,wiki2018_pageviews_en_50k|cap=64|t=37854
validation,wiki2018_pageviews_en_50k|cap=64|t=37902
validation,wiki2018_pageviews_en_50k|cap=64|t=37995
validation,wiki2018_pageviews_en_50k|cap=64|t=38071
validation,wiki2018_pageviews_en_50k|cap=64|t=38084
validation,wiki2018_pageviews_en_50k|cap=64|t=38221
validation,wiki2018_pageviews_en_50k|cap=64|t=38323
validation,wiki2018_pageviews_en_50k|cap=64|t=38521
validation,wiki2018_pageviews_en_50k|cap=64|t=38542
validation,wiki2018_pageviews_en_50k|cap=64|t=38613
validation,wiki2018_pageviews_en_50k|cap=64|t=38768
validation,wiki2018_pageviews_en_50k|cap=64|t=38801
validation,wiki2018_pageviews_en_50k|cap=64|t=39141
validation,wiki2018_pageviews_en_50k|cap=64|t=39187
validation,wiki2018_pageviews_en_50k|cap=64|t=39211
validation,wiki2018_pageviews_en_50k|cap=64|t=39486
validation,wiki2018_pageviews_en_50k|cap=64|t=39562
validation,wiki2018_pageviews_en_50k|cap=64|t=39676
validation,wiki2018_pageviews_en_50k|cap=64|t=39685
validation,wiki2018_pageviews_en_50k|cap=64|t=39736
validation,wiki2018_pageviews_en_50k|cap=64|t=39794
validation,wiki2018_pageviews_en_50k|cap=64|t=39978
