{
  "manifest": "data/derived/evict_value_v1_wulver_heavy_r1/manifest.json",
  "horizons": {
    "4": {
      "ridge": {
        "val": {
          "mae": 0.8480593176527532,
          "rmse": 1.0771320507726763,
          "decision_count": 3500.0,
          "top1_eviction_match": 0.05028571428571429,
          "mean_regret_vs_oracle": 0.06485714285714286,
          "per_family_val": {
            "cloudphysics": {
              "mae": 0.5089063173077134,
              "rmse": 0.5460225962527371,
              "decision_count": 1545.0,
              "top1_eviction_match": 0.0343042071197411,
              "mean_regret_vs_oracle": 0.010355987055016181
            },
            "metacdn": {
              "mae": 1.266925145703884,
              "rmse": 1.5165545865195653,
              "decision_count": 652.0,
              "top1_eviction_match": 0.1334355828220859,
              "mean_regret_vs_oracle": 0.3128834355828221
            },
            "metakv": {
              "mae": 0.7675250471677082,
              "rmse": 0.9382992464959635,
              "decision_count": 1303.0,
              "top1_eviction_match": 0.02762854950115119,
              "mean_regret_vs_oracle": 0.005372217958557176
            }
          }
        },
        "test": {
          "mae": 0.4734167518059404,
          "rmse": 0.49091383452591547,
          "decision_count": 3257.0,
          "top1_eviction_match": 0.08320540374577833,
          "mean_regret_vs_oracle": 0.015044519496469143
        }
      },
      "random_forest": {
        "val": {
          "mae": 0.849089844320737,
          "rmse": 1.0852035737150787,
          "decision_count": 3500.0,
          "top1_eviction_match": 0.015428571428571429,
          "mean_regret_vs_oracle": 0.013428571428571429,
          "per_family_val": {
            "cloudphysics": {
              "mae": 0.5269793287257379,
              "rmse": 0.6099353206287388,
              "decision_count": 1545.0,
              "top1_eviction_match": 0.016828478964401296,
              "mean_regret_vs_oracle": 0.020711974110032363
            },
            "metacdn": {
              "mae": 1.1653751933266112,
              "rmse": 1.4123812335293267,
              "decision_count": 652.0,
              "top1_eviction_match": 0.03067484662576687,
              "mean_regret_vs_oracle": 0.02147239263803681
            },
            "metakv": {
              "mae": 0.8542091937879494,
              "rmse": 1.0790595038325645,
              "decision_count": 1303.0,
              "top1_eviction_match": 0.0061396776669224865,
              "mean_regret_vs_oracle": 0.0007674597083653108
            }
          }
        },
        "test": {
          "mae": 0.3412870863398979,
          "rmse": 0.44319616706859194,
          "decision_count": 3257.0,
          "top1_eviction_match": 0.026404666871354007,
          "mean_regret_vs_oracle": 0.00460546515198035
        }
      },
      "hist_gb": {
        "val": {
          "mae": 0.8446719214357293,
          "rmse": 1.0787200028508377,
          "decision_count": 3500.0,
          "top1_eviction_match": 0.01742857142857143,
          "mean_regret_vs_oracle": 0.009142857142857144,
          "per_family_val": {
            "cloudphysics": {
              "mae": 0.5248350790291119,
              "rmse": 0.5955853695217161,
              "decision_count": 1545.0,
              "top1_eviction_match": 0.019417475728155338,
              "mean_regret_vs_oracle": 0.017475728155339806
            },
            "metacdn": {
              "mae": 1.169942103332985,
              "rmse": 1.4172395342091801,
              "decision_count": 652.0,
              "top1_eviction_match": 0.029141104294478526,
              "mean_regret_vs_oracle": 0.003067484662576687
            },
            "metakv": {
              "mae": 0.8385275180076255,
              "rmse": 1.061038173622806,
              "decision_count": 1303.0,
              "top1_eviction_match": 0.00920951650038373,
              "mean_regret_vs_oracle": 0.0023023791250959325
            }
          }
        },
        "test": {
          "mae": 0.3482732698196101,
          "rmse": 0.439721684731626,
          "decision_count": 3257.0,
          "top1_eviction_match": 0.031624194043598404,
          "mean_regret_vs_oracle": 0.00552655818237642
        }
      },
      "winner_by_val_mean_regret": "hist_gb"
    },
    "8": {
      "ridge": {
        "val": {
          "mae": 1.3927094191780685,
          "rmse": 1.8617993547651532,
          "decision_count": 3500.0,
          "top1_eviction_match": 0.037714285714285714,
          "mean_regret_vs_oracle": 0.088,
          "per_family_val": {
            "cloudphysics": {
              "mae": 0.7276938333532024,
              "rmse": 0.8700082005865436,
              "decision_count": 1545.0,
              "top1_eviction_match": 0.03365695792880259,
              "mean_regret_vs_oracle": 0.02330097087378641
            },
            "metacdn": {
              "mae": 2.3452581537050907,
              "rmse": 2.720701540184282,
              "decision_count": 652.0,
              "top1_eviction_match": 0.07515337423312883,
              "mean_regret_vs_oracle": 0.40950920245398775
            },
            "metakv": {
              "mae": 1.1034459073172802,
              "rmse": 1.4942086073521301,
              "decision_count": 1303.0,
              "top1_eviction_match": 0.023791250959324637,
              "mean_regret_vs_oracle": 0.003837298541826554
            }
          }
        },
        "test": {
          "mae": 0.7718492351714855,
          "rmse": 0.8597266202710445,
          "decision_count": 3257.0,
          "top1_eviction_match": 0.07952103162419405,
          "mean_regret_vs_oracle": 0.038378876266502916
        }
      },
      "random_forest": {
        "val": {
          "mae": 1.4583361385149618,
          "rmse": 1.8814574188349533,
          "decision_count": 3500.0,
          "top1_eviction_match": 0.017714285714285714,
          "mean_regret_vs_oracle": 0.024,
          "per_family_val": {
            "cloudphysics": {
              "mae": 0.8066143686019163,
              "rmse": 1.041026726998063,
              "decision_count": 1545.0,
              "top1_eviction_match": 0.02330097087378641,
              "mean_regret_vs_oracle": 0.040776699029126215
            },
            "metacdn": {
              "mae": 2.0719808064441954,
              "rmse": 2.485802470610124,
              "decision_count": 652.0,
              "top1_eviction_match": 0.023006134969325152,
              "mean_regret_vs_oracle": 0.032208588957055216
            },
            "metakv": {
              "mae": 1.4950091448720557,
              "rmse": 1.8306026242226305,
              "decision_count": 1303.0,
              "top1_eviction_match": 0.00844205679201842,
              "mean_regret_vs_oracle": 0.0
            }
          }
        },
        "test": {
          "mae": 0.5861609277706225,
          "rmse": 0.7384220909096172,
          "decision_count": 3257.0,
          "top1_eviction_match": 0.02671169788148603,
          "mean_regret_vs_oracle": 0.01197420939514891
        }
      },
      "hist_gb": {
        "val": {
          "mae": 1.4403783992100012,
          "rmse": 1.864770519256375,
          "decision_count": 3500.0,
          "top1_eviction_match": 0.015714285714285715,
          "mean_regret_vs_oracle": 0.020285714285714285,
          "per_family_val": {
            "cloudphysics": {
              "mae": 0.7982946358328613,
              "rmse": 1.003599475439216,
              "decision_count": 1545.0,
              "top1_eviction_match": 0.022653721682847898,
              "mean_regret_vs_oracle": 0.041423948220064725
            },
            "metacdn": {
              "mae": 2.0828287290215393,
              "rmse": 2.496828977080772,
              "decision_count": 652.0,
              "top1_eviction_match": 0.01687116564417178,