{
  "manifest": "data/derived/evict_value_v1_wulver_heavy_smoke/manifest.json",
  "horizons": {
    "4": {
      "ridge": {
        "val": {
          "mae": 1.0269734464574825,
          "rmse": 1.2018833690455675,
          "decision_count": 1194.0,
          "top1_eviction_match": 0.024288107202680067,
          "mean_regret_vs_oracle": 0.0,
          "per_family_val": {
            "citibike": {
              "mae": 1.0269734464574825,
              "rmse": 1.2018833690455675,
              "decision_count": 1194.0,
              "top1_eviction_match": 0.024288107202680067,
              "mean_regret_vs_oracle": 0.0
            }
          }
        },
        "test": {
          "mae": 0.9321543572734599,
          "rmse": 1.104515816642671,
          "decision_count": 1173.0,
          "top1_eviction_match": 0.05541346973572037,
          "mean_regret_vs_oracle": 0.02216538789428815
        }
      },
      "random_forest": {
        "val": {
          "mae": 1.0265071633026692,
          "rmse": 1.2113492338397682,
          "decision_count": 1194.0,
          "top1_eviction_match": 0.04522613065326633,
          "mean_regret_vs_oracle": 0.0041876046901172526,
          "per_family_val": {
            "citibike": {
              "mae": 1.0265071633026692,
              "rmse": 1.2113492338397682,
              "decision_count": 1194.0,
              "top1_eviction_match": 0.04522613065326633,
              "mean_regret_vs_oracle": 0.0041876046901172526
            }
          }
        },
        "test": {
          "mae": 0.9134465522112002,
          "rmse": 1.0955510990490402,
          "decision_count": 1173.0,
          "top1_eviction_match": 0.05541346973572037,
          "mean_regret_vs_oracle": 0.06308610400682012
        }
      },
      "hist_gb": {
        "val": {
          "mae": 1.0263034996357208,
          "rmse": 1.20842529327327,
          "decision_count": 1194.0,
          "top1_eviction_match": 0.05695142378559464,
          "mean_regret_vs_oracle": 0.0041876046901172526,
          "per_family_val": {
            "citibike": {
              "mae": 1.0263034996357208,
              "rmse": 1.20842529327327,
              "decision_count": 1194.0,
              "top1_eviction_match": 0.05695142378559464,
              "mean_regret_vs_oracle": 0.0041876046901172526
            }
          }
        },
        "test": {
          "mae": 0.913652033214158,
          "rmse": 1.093407165653747,
          "decision_count": 1173.0,
          "top1_eviction_match": 0.05711849957374254,
          "mean_regret_vs_oracle": 0.0639386189258312
        }
      },
      "winner_by_val_mean_regret": "ridge"
    },
    "8": {
      "ridge": {
        "val": {
          "mae": 1.5749584759081467,
          "rmse": 1.8778448296105543,
          "decision_count": 1194.0,
          "top1_eviction_match": 0.019262981574539362,
          "mean_regret_vs_oracle": 0.0008375209380234506,
          "per_family_val": {
            "citibike": {
              "mae": 1.5749584759081467,
              "rmse": 1.8778448296105543,
              "decision_count": 1194.0,
              "top1_eviction_match": 0.019262981574539362,
              "mean_regret_vs_oracle": 0.0008375209380234506
            }
          }
        },
        "test": {
          "mae": 1.374389225249156,
          "rmse": 1.7187913428262807,
          "decision_count": 1173.0,
          "top1_eviction_match": 0.043478260869565216,
          "mean_regret_vs_oracle": 0.06564364876385337
        }
      },
      "random_forest": {
        "val": {
          "mae": 1.61193678712715,
          "rmse": 1.9139972836920924,
          "decision_count": 1194.0,
          "top1_eviction_match": 0.04355108877721943,
          "mean_regret_vs_oracle": 0.011725293132328308,
          "per_family_val": {
            "citibike": {
              "mae": 1.61193678712715,
              "rmse": 1.9139972836920924,
              "decision_count": 1194.0,
              "top1_eviction_match": 0.04355108877721943,
              "mean_regret_vs_oracle": 0.011725293132328308
            }
          }
        },
        "test": {
          "mae": 1.3737161506520728,
          "rmse": 1.6848400141617066,
          "decision_count": 1173.0,
          "top1_eviction_match": 0.06223358908780904,
          "mean_regret_vs_oracle": 0.07246376811594203
        }
      },
      "hist_gb": {
        "val": {
          "mae": 1.607995728725907,
          "rmse": 1.906876722344184,
          "decision_count": 1194.0,
          "top1_eviction_match": 0.05360134003350084,
          "mean_regret_vs_oracle": 0.009212730318257957,
          "per_family_val": {
            "citibike": {
              "mae": 1.607995728725907,
              "rmse": 1.906876722344184,
              "decision_count": 1194.0,
              "top1_eviction_match": 0.05360134003350084,
              "mean_regret_vs_oracle": 0.009212730318257957
            }
          }
        },
        "test": {
          "mae": 1.368191542475959,
          "rmse": 1.6773086135783386,
          "decision_count": 1173.0,
          "top1_eviction_match": 0.06479113384484228,
          "mean_regret_vs_oracle": 0.09633418584825235
        }
      },
      "winner_by_val_mean_regret": "ridge"
    }
  },
  "best_overall": {
    "horizon": 4,
    "model": "ridge",
    "val_mean_regret": 0.0
  }
}