{
  "train": {
    "accuracy": 1.0,
    "precision": 1.0,
    "recall": 1.0,
    "f1": 1.0,
    "class_balance": 0.23076923076923078,
    "roc_auc": 1.0
  },
  "val": {
    "accuracy": 0.6,
    "precision": 0.0,
    "recall": 0.0,
    "f1": 0.0,
    "class_balance": 0.0,
    "roc_auc": 0.5
  },
  "test": {
    "accuracy": 0.5,
    "precision": 0.0,
    "recall": 0.0,
    "f1": 0.0,
    "class_balance": 0.0,
    "roc_auc": 0.5
  },
  "feature_importance_logreg": {
    "request_bucket": -0.13600201136420687,
    "request_confidence": 0.45540349784464546,
    "predictor_bucket": 0.285473024059512,
    "predictor_confidence": 0.18171118752268392,
    "predictor_score": 0.063058972357288,
    "lru_score": 0.0,
    "score_gap_pred_minus_lru": 0.06305897235728798,
    "predictor_lru_disagree": 0.5222783780401212,
    "predictor_recency_rank": 0.5222783780401212,
    "lru_recency_rank": 0.0,
    "bucket_gap_pred_minus_lru": 0.5480544274867447,
    "confidence_gap_pred_minus_lru": 0.005850439246495126,
    "cache_unique_bucket_count": 0.3850441559739215,
    "cache_bucket_mean": 0.2544669993341603,
    "cache_bucket_std": 0.21825177148927763,
    "recent_regret_rate": 0.4848461190555495,
    "recent_disagree_rate": 0.2683822786474694
  }
}