policy,brightkite,citibike,cloudphysics,metacdn,metakv,twemcache,wiki2018,overall_mean
evict_value_v1,18153.666666666668,19353.0,48967.666666666664,29269.0,38038.666666666664,21384.666666666668,50000.0,32166.666666666668
lru,16700.0,18694.0,48532.0,28602.333333333332,38029.666666666664,16105.666666666666,50000.0,30951.95238095238
blind_oracle,31468.333333333332,41512.0,49837.666666666664,38209.0,40688.333333333336,30750.666666666668,50000.0,40352.28571428572
predictive_marker,17001.666666666668,18846.333333333332,48811.0,28634.333333333332,38028.0,14287.0,50000.0,30801.190476190477
trust_and_doubt,17414.0,19259.666666666668,48658.0,28957.666666666668,38068.333333333336,14544.333333333334,50000.0,30986.0
blind_oracle_lru_combiner,16701.666666666668,18695.0,48534.333333333336,28603.333333333332,38030.666666666664,16107.666666666666,50000.0,30953.238095238095
rest_v1,16700.0,18694.0,48532.0,28602.333333333332,38029.666666666664,16105.666666666666,50000.0,30951.95238095238
